0.000000 0.000000 0.000000 0.000000 0.000000 0.000000 0.000000 0.000000 0.000000 0.000000 0.000000 0.000000 0.000000
0.100000 0.000000 0.000000 0.000000 0.000000 0.000000 0.000000 0.000000 0.000000 0.000000 0.000000 0.000000 0.000000
0.200000 0.047747 -0.040781 0.041797 -0.041649 0.041671 -0.041668 0.041648 -0.041796 0.040780 -0.047746 0.000000 0.041648
0.300000 0.095182 -0.081347 0.083358 -0.083066 0.083108 -0.083105 0.083065 -0.083357 0.081346 -0.095181 0.000000 0.083065
0.400000 0.142309 -0.121701 0.124685 -0.124254 0.124315 -0.124312 0.124253 -0.124684 0.121700 -0.142308 0.000000 0.124253
0.500000 0.189129 -0.161844 0.165780 -0.165213 0.165293 -0.165290 0.165212 -0.165779 0.161843 -0.189128 0.000000 0.165212
0.600000 0.235645 -0.201777 0.206644 -0.205945 0.206044 -0.206041 0.205944 -0.206643 0.201776 -0.235644 0.000000 0.205944
0.700000 0.281859 -0.241500 0.247278 -0.246451 0.246568 -0.246565 0.246451 -0.247277 0.241499 -0.281857 0.000000 0.246451
0.800000 0.327772 -0.281015 0.287684 -0.286733 0.286866 -0.286863 0.286733 -0.287682 0.281014 -0.327770 0.000000 0.286733
0.900000 0.373386 -0.320323 0.327862 -0.326792 0.326941 -0.326938 0.326791 -0.327861 0.320322 -0.373385 0.000000 0.326791
1.000000 0.418705 -0.359425 0.367815 -0.366628 0.366793 -0.366790 0.366628 -0.367813 0.359424 -0.418704 0.000000 0.366628
1.100000 0.463729 -0.398322 0.407543 -0.406244 0.406424 -0.406421 0.406243 -0.407542 0.398321 -0.463728 0.000000 0.406243
1.200000 0.508460 -0.437014 0.447048 -0.445640 0.445834 -0.445831 0.445639 -0.447046 0.437013 -0.508459 0.000000 0.445639
1.300000 0.552902 -0.475504 0.486331 -0.484818 0.485025 -0.485023 0.484817 -0.486329 0.475503 -0.552900 0.000000 0.484817
1.400000 0.597054 -0.513791 0.525393 -0.523778 0.523999 -0.523996 0.523778 -0.525392 0.513790 -0.597053 0.000000 0.523778
1.500000 0.640920 -0.551877 0.564236 -0.562523 0.562756 -0.562753 0.562522 -0.564235 0.551876 -0.640919 0.000000 0.562522
1.600000 0.684501 -0.589763 0.602860 -0.601052 0.601297 -0.601295 0.601052 -0.602859 0.589762 -0.684500 0.000000 0.601052
1.700000 0.727799 -0.627449 0.641268 -0.639368 0.639625 -0.639622 0.639368 -0.641267 0.627448 -0.727798 0.000000 0.639368
1.800000 0.770817 -0.664937 0.679460 -0.677472 0.677739 -0.677737 0.677471 -0.679459 0.664936 -0.770816 0.000000 0.677471
1.900000 0.813555 -0.702228 0.717438 -0.715364 0.715642 -0.715639 0.715364 -0.717437 0.702227 -0.813554 0.000000 0.715364
2.000000 0.856016 -0.739323 0.755202 -0.753046 0.753334 -0.753331 0.753046 -0.755201 0.739322 -0.856015 0.000000 0.753046
2.100000 0.898202 -0.776222 0.792755 -0.790520 0.790816 -0.790814 0.790519 -0.792754 0.776221 -0.898201 0.000000 0.790519
2.200000 0.940114 -0.812927 0.830097 -0.827785 0.828090 -0.828088 0.827785 -0.830095 0.812927 -0.940113 0.000000 0.827785
2.300000 0.981754 -0.849439 0.867229 -0.864844 0.865157 -0.865155 0.864843 -0.867228 0.849438 -0.981753 0.000000 0.864843
2.400000 1.023125 -0.885758 0.904152 -0.901697 0.902018 -0.902016 0.901697 -0.904151 0.885757 -1.023124 0.000000 0.901697
2.500000 1.064227 -0.921886 0.940869 -0.938346 0.938675 -0.938673 0.938345 -0.940868 0.921885 -1.064226 0.000000 0.938345
2.600000 1.105063 -0.957823 0.977379 -0.974792 0.975127 -0.975125 0.974791 -0.977378 0.957822 -1.105062 0.000000 0.974791
2.700000 1.145634 -0.993570 1.013685 -1.011035 1.011377 -1.011375 1.011035 -1.013684 0.993569 -1.145633 0.000000 1.011035
2.800000 1.185943 -1.029129 1.049787 -1.047078 1.047426 -1.047424 1.047077 -1.049786 1.029128 -1.185942 0.000000 1.047077
2.900000 1.225990 -1.064500 1.085687 -1.082920 1.083274 -1.083272 1.082920 -1.085686 1.064499 -1.225989 0.000000 1.082920
3.000000 1.265778 -1.099684 1.121385 -1.118564 1.118923 -1.118921 1.118564 -1.121384 1.099683 -1.265777 0.000000 1.118564
3.100000 1.305309 -1.134682 1.156883 -1.154010 1.154374 -1.154372 1.154010 -1.156882 1.134681 -1.305308 0.000000 1.154010
3.200000 1.344583 -1.169495 1.192182 -1.189260 1.189628 -1.189626 1.189259 -1.192181 1.169494 -1.344582 0.000000 1.189259
3.300000 1.383603 -1.204124 1.227283 -1.224314 1.224686 -1.224684 1.224313 -1.227282 1.204124 -1.383603 0.000000 1.224313
3.400000 1.422371 -1.238570 1.262188 -1.259173 1.259549 -1.259548 1.259173 -1.262187 1.238570 -1.422370 0.000000 1.259173
3.500000 1.460888 -1.272834 1.296896 -1.293839 1.294219 -1.294217 1.293839 -1.296895 1.272833 -1.460887 0.000000 1.293839
3.600000 1.499156 -1.306916 1.331410 -1.328313 1.328696 -1.328694 1.328313 -1.331409 1.306916 -1.499155 0.000000 1.328313
3.700000 1.537176 -1.340818 1.365731 -1.362596 1.362981 -1.362979 1.362595 -1.365730 1.340818 -1.537175 0.000000 1.362595
3.800000 1.574950 -1.374541 1.399859 -1.396688 1.397076 -1.397074 1.396688 -1.399859 1.374540 -1.574949 0.000000 1.396688
3.900000 1.612480 -1.408084 1.433797 -1.430592 1.430981 -1.430980 1.430591 -1.433796 1.408084 -1.612479 0.000000 1.430591
4.000000 1.649767 -1.441450 1.467544 -1.464307 1.464698 -1.464697 1.464306 -1.467543 1.441450 -1.649766 0.000000 1.464306
4.100000 1.686813 -1.474639 1.501102 -1.497835 1.498228 -1.498226 1.497834 -1.501101 1.474639 -1.686812 0.000000 1.497834
4.200000 1.723619 -1.507652 1.534471 -1.531177 1.531571 -1.531570 1.531177 -1.534471 1.507652 -1.723619 0.000000 1.531177
4.300000 1.760188 -1.540490 1.567655 -1.564334 1.564729 -1.564728 1.564334 -1.567654 1.540490 -1.760187 0.000000 1.564334
4.400000 1.796521 -1.573154 1.600652 -1.597307 1.597703 -1.597701 1.597307 -1.600651 1.573153 -1.796520 0.000000 1.597307
4.500000 1.832618 -1.605644 1.633464 -1.630098 1.630494 -1.630492 1.630097 -1.633463 1.605644 -1.832617 0.000000 1.630097
4.600000 1.868483 -1.637962 1.666093 -1.662706 1.663102 -1.663100 1.662705 -1.666092 1.637961 -1.868482 0.000000 1.662705
4.700000 1.904115 -1.670108 1.698539 -1.695133 1.695529 -1.695528 1.695133 -1.698538 1.670108 -1.904115 0.000000 1.695133
4.800000 1.939518 -1.702084 1.730803 -1.727381 1.727776 -1.727775 1.727380 -1.730802 1.702083 -1.939517 0.000000 1.727380
4.900000 1.974692 -1.733889 1.762887 -1.759449 1.759844 -1.759843 1.759449 -1.762886 1.733888 -1.974691 0.000000 1.759449
5.000000 2.009639 -1.765525 1.794791 -1.791340 1.791734 -1.791732 1.791339 -1.794790 1.765525 -2.009638 0.000000 1.791339
5.100000 2.044361 -1.796994 1.826516 -1.823053 1.823446 -1.823445 1.823053 -1.826516 1.796993 -2.044360 0.000000 1.823053
5.200000 2.078858 -1.828294 1.858064 -1.854591 1.854982 -1.854981 1.854590 -1.858064 1.828294 -2.078857 0.000000 1.854590
5.300000 2.113133 -1.859428 1.889436 -1.885953 1.886343 -1.886342 1.885953 -1.889435 1.859428 -2.113132 0.000000 1.885953
5.400000 2.147186 -1.890397 1.920632 -1.917142 1.917530 -1.917529 1.917141 -1.920631 1.890396 -2.147186 0.000000 1.917141
5.500000 2.181020 -1.921200 1.951653 -1.948157 1.948544 -1.948542 1.948157 -1.951652 1.921200 -2.181019 0.000000 1.948157
5.600000 2.214636 -1.951840 1.982501 -1.979001 1.979385 -1.979384 1.979000 -1.982500 1.951839 -2.214635 0.000000 1.979000
5.700000 2.248035 -1.982316 2.013176 -2.009673 2.010055 -2.010053 2.009672 -2.013175 1.982316 -2.248034 0.000000 2.009672
5.800000 2.281218 -2.012630 2.043680 -2.040175 2.040554 -2.040553 2.040174 -2.043679 2.012629 -2.281217 0.000000 2.040174
5.900000 2.314188 -2.042782 2.074013 -2.070507 2.070884 -2.070883 2.070507 -2.074012 2.042782 -2.314187 0.000000 2.070507
6.000000 2.346945 -2.072774 2.104176 -2.100672 2.101045 -2.101044 2.100671 -2.104175 2.072773 -2.346944 0.000000 2.100671
6.100000 2.379490 -2.102605 2.134171 -2.130668 2.131039 -2.131038 2.130668 -2.134170 2.102605 -2.379490 0.000000 2.130668
6.200000 2.411827 -2.132278 2.163998 -2.160499 2.160866 -2.160865 2.160498 -2.163997 2.132277 -2.411826 0.000000 2.160498
6.300000 2.443954 -2.161792 2.193658 -2.190163 2.190528 -2.190527 2.190163 -2.193657 2.161791 -2.443954 0.000000 2.190163
6.400000 2.475875 -2.191148 2.223152 -2.219664 2.220025 -2.220024 2.219663 -2.223152 2.191148 -2.475875 0.000000 2.219663
6.500000 2.507590 -2.220348 2.252482 -2.249000 2.249357 -2.249356 2.249000 -2.252481 2.220347 -2.507590 0.000000 2.249000
6.600000 2.539101 -2.249392 2.281647 -2.278173 2.278527 -2.278526 2.278173 -2.281647 2.249391 -2.539101 0.000000 2.278173
6.700000 2.570409 -2.278280 2.310650 -2.307185 2.307535 -2.307534 2.307185 -2.310649 2.278280 -2.570409 0.000000 2.307185
6.800000 2.601516 -2.307014 2.339490 -2.336036 2.336382 -2.336381 2.336035 -2.339490 2.307014 -2.601515 0.000000 2.336035
6.900000 2.632422 -2.335595 2.368169 -2.364726 2.365068 -2.365067 2.364726 -2.368169 2.335594 -2.632422 0.000000 2.364726
7.000000 2.663129 -2.364023 2.396688 -2.393257 2.393595 -2.393594 2.393257 -2.396688 2.364022 -2.663129 0.000000 2.393257
7.100000 2.693639 -2.392298 2.425048 -2.421630 2.421963 -2.421962 2.421629 -2.425047 2.392298 -2.693639 0.000000 2.421629
7.200000 2.723953 -2.420423 2.453249 -2.449845 2.450174 -2.450173 2.449845 -2.453248 2.420422 -2.723952 0.000000 2.449845
7.300000 2.754071 -2.448396 2.481293 -2.477904 2.478228 -2.478227 2.477903 -2.481292 2.448396 -2.754070 0.000000 2.477903
7.400000 2.783996 -2.476221 2.509180 -2.505806 2.506126 -2.506126 2.505806 -2.509179 2.476220 -2.783995 0.000000 2.505806
7.500000 2.813728 -2.503896 2.536911 -2.533554 2.533870 -2.533869 2.533554 -2.536910 2.503895 -2.813727 0.000000 2.533554
7.600000 2.843269 -2.531422 2.564487 -2.561148 2.561459 -2.561458 2.561148 -2.564486 2.531422 -2.843268 0.000000 2.561148
7.700000 2.872620 -2.558802 2.591909 -2.588589 2.588894 -2.588894 2.588588 -2.591909 2.558801 -2.872619 0.000000 2.588588
7.800000 2.901782 -2.586034 2.619178 -2.615877 2.616178 -2.616177 2.615877 -2.619178 2.586034 -2.901782 0.000000 2.615877
7.900000 2.930757 -2.613121 2.646295 -2.643014 2.643310 -2.643309 2.643013 -2.646295 2.613121 -2.930756 0.000000 2.643013
8.000000 2.959546 -2.640063 2.673260 -2.670000 2.670291 -2.670290 2.670000 -2.673260 2.640062 -2.959545 0.000000 2.670000
8.100000 2.988149 -2.666859 2.700075 -2.696836 2.697122 -2.697121 2.696836 -2.700075 2.666859 -2.988149 0.000000 2.696836
8.200000 3.016569 -2.693513 2.726740 -2.723524 2.723804 -2.723803 2.723523 -2.726740 2.693512 -3.016569 0.000000 2.723523
8.300000 3.044807 -2.720023 2.753257 -2.750063 2.750338 -2.750337 2.750062 -2.753256 2.720022 -3.044806 0.000000 2.750062
8.400000 3.072862 -2.746390 2.779625 -2.776454 2.776724 -2.776723 2.776454 -2.779624 2.746390 -3.072862 0.000000 2.776454
8.500000 3.100738 -2.772617 2.805846 -2.802700 2.802964 -2.802963 2.802699 -2.805845 2.772616 -3.100738 0.000000 2.802699
8.600000 3.128435 -2.798702 2.831921 -2.828799 2.829058 -2.829057 2.828799 -2.831920 2.798702 -3.128435 0.000000 2.828799
8.700000 3.155954 -2.824647 2.857850 -2.854754 2.855007 -2.855006 2.854753 -2.857849 2.824647 -3.155954 0.000000 2.854753
8.800000 3.183296 -2.850453 2.883634 -2.880564 2.880812 -2.880811 2.880564 -2.883634 2.850453 -3.183296 0.000000 2.880564
8.900000 3.210463 -2.876120 2.909275 -2.906231 2.906473 -2.906473 2.906231 -2.909274 2.876120 -3.210463 0.000000 2.906231
9.000000 3.237456 -2.901649 2.934772 -2.931756 2.931992 -2.931992 2.931755 -2.934772 2.901649 -3.237455 0.000000 2.931755
9.100000 3.264275 -2.927041 2.960128 -2.957138 2.957370 -2.957369 2.957138 -2.960127 2.927041 -3.264275 0.000000 2.957138
9.200000 3.290922 -2.952297 2.985341 -2.982380 2.982606 -2.982605 2.982380 -2.985341 2.952296 -3.290922 0.000000 2.982380
9.300000 3.317399 -2.977416 3.010414 -3.007482 3.007702 -3.007701 3.007482 -3.010414 2.977416 -3.317398 0.000000 3.007482
9.400000 3.343705 -3.002400 3.035348 -3.032444 3.032658 -3.032658 3.032444 -3.035347 3.002400 -3.343705 0.000000 3.032444
9.500000 3.369843 -3.027250 3.060142 -3.057268 3.057476 -3.057476 3.057268 -3.060141 3.027249 -3.369843 0.000000 3.057268
9.600000 3.395813 -3.051966 3.084798 -3.081954 3.082156 -3.082156 3.081953 -3.084797 3.051965 -3.395813 0.000000 3.081953
9.700000 3.421617 -3.076548 3.109316 -3.106503 3.106699 -3.106699 3.106502 -3.109316 3.076548 -3.421617 0.000000 3.106502
9.800000 3.447256 -3.100999 3.133698 -3.130915 3.131106 -3.131105 3.130915 -3.133697 3.100999 -3.447255 0.000000 3.130915
9.900000 3.472730 -3.125317 3.157943 -3.155192 3.155377 -3.155376 3.155191 -3.157943 3.125317 -3.472729 0.000000 3.155191
10.000000 3.498041 -3.149505 3.182054 -3.179334 3.179513 -3.179513 3.179333 -3.182054 3.149505 -3.498040 0.000000 3.179333
10.100000 3.523189 -3.173562 3.206030 -3.203342 3.203515 -3.203515 3.203341 -3.206030 3.173562 -3.523189 0.000000 3.203341
10.200000 3.548177 -3.197490 3.229872 -3.227216 3.227384 -3.227383 3.227216 -3.229872 3.197489 -3.548177 0.000000 3.227216
10.300000 3.573004 -3.221288 3.253582 -3.250958 3.251120 -3.251119 3.250958 -3.253581 3.221288 -3.573004 0.000000 3.250958
10.400000 3.597673 -3.244958 3.277159 -3.274568 3.274724 -3.274724 3.274568 -3.277159 3.244958 -3.597673 0.000000 3.274568
10.500000 3.622183 -3.268500 3.300605 -3.298047 3.298197 -3.298197 3.298047 -3.300604 3.268500 -3.622183 0.000000 3.298047
10.600000 3.646537 -3.291915 3.323920 -3.321396 3.321540 -3.321540 3.321395 -3.323920 3.291915 -3.646537 0.000000 3.321395
10.700000 3.670735 -3.315204 3.347105 -3.344614 3.344753 -3.344753 3.344614 -3.347105 3.315204 -3.670735 0.000000 3.344614
10.800000 3.694778 -3.338367 3.370161 -3.367704 3.367837 -3.367837 3.367704 -3.370161 3.338367 -3.694778 0.000000 3.367704
10.900000 3.718667 -3.361405 3.393089 -3.390666 3.390793 -3.390792 3.390666 -3.393088 3.361405 -3.718667 0.000000 3.390666
11.000000 3.742403 -3.384318 3.415888 -3.413500 3.413621 -3.413621 3.413500 -3.415888 3.384318 -3.742403 0.000000 3.413500
11.100000 3.765987 -3.407108 3.438561 -3.436207 3.436322 -3.436322 3.436207 -3.438561 3.407108 -3.765987 0.000000 3.436207
11.200000 3.789421 -3.429774 3.461107 -3.458788 3.458898 -3.458898 3.458788 -3.461107 3.429774 -3.789421 0.000000 3.458788
11.300000 3.812704 -3.452318 3.483528 -3.481244 3.481348 -3.481347 3.481244 -3.483528 3.452318 -3.812704 0.000000 3.481244
11.400000 3.835839 -3.474740 3.505824 -3.503575 3.503673 -3.503673 3.503575 -3.505824 3.474740 -3.835839 0.000000 3.503575
11.500000 3.858826 -3.497041 3.527995 -3.525782 3.525874 -3.525874 3.525782 -3.527995 3.497040 -3.858826 0.000000 3.525782
11.600000 3.881666 -3.519221 3.550044 -3.547866 3.547952 -3.547952 3.547865 -3.550043 3.519220 -3.881665 0.000000 3.547865
11.700000 3.904359 -3.541281 3.571969 -3.569827 3.569907 -3.569907 3.569826 -3.571969 3.541280 -3.904359 0.000000 3.569826
11.800000 3.926908 -3.563221 3.593772 -3.591665 3.591740 -3.591740 3.591665 -3.593772 3.563221 -3.926908 0.000000 3.591665
11.900000 3.949313 -3.585043 3.615454 -3.613383 3.613452 -3.613452 3.613383 -3.615453 3.585043 -3.949313 0.000000 3.613383
12.000000 3.971574 -3.606747 3.637015 -3.634980 3.635043 -3.635043 3.634980 -3.637014 3.606746 -3.971574 0.000000 3.634980
12.100000 3.993694 -3.628333 3.658456 -3.656457 3.656515 -3.656515 3.656457 -3.658455 3.628333 -3.993694 0.000000 3.656457
12.200000 4.015672 -3.649802 3.679777 -3.677815 3.677867 -3.677867 3.677814 -3.679777 3.649802 -4.015672 0.000000 3.677814
12.300000 4.037509 -3.671155 3.700980 -3.699054 3.699100 -3.699100 3.699053 -3.700980 3.671154 -4.037509 0.000000 3.699053
12.400000 4.059208 -3.692392 3.722064 -3.720175 3.720216 -3.720216 3.720174 -3.722064 3.692391 -4.059207 0.000000 3.720174
12.500000 4.080767 -3.713514 3.743032 -3.741178 3.741214 -3.741214 3.741178 -3.743032 3.713513 -4.080767 0.000000 3.741178
12.600000 4.102189 -3.734521 3.763882 -3.762065 3.762096 -3.762096 3.762065 -3.763882 3.734521 -4.102189 0.000000 3.762065
12.700000 4.123475 -3.755414 3.784617 -3.782836 3.782861 -3.782861 3.782836 -3.784617 3.755414 -4.123474 0.000000 3.782836
12.800000 4.144624 -3.776195 3.805236 -3.803492 3.803511 -3.803511 3.803491 -3.805236 3.776194 -4.144624 0.000000 3.803491
12.900000 4.165639 -3.796862 3.825740 -3.824033 3.824047 -3.824047 3.824032 -3.825740 3.796862 -4.165638 0.000000 3.824032
13.000000 4.186519 -3.817417 3.846130 -3.844459 3.844468 -3.844468 3.844459 -3.846130 3.817417 -4.186519 0.000000 3.844459
13.100000 4.207266 -3.837861 3.866407 -3.864772 3.864776 -3.864776 3.864772 -3.866407 3.837860 -4.207266 0.000000 3.864772
13.200000 4.227881 -3.858193 3.886571 -3.884973 3.884971 -3.884971 3.884973 -3.886571 3.858193 -4.227881 0.000000 3.884973
13.300000 4.248364 -3.878415 3.906622 -3.905061 3.905054 -3.905054 3.905061 -3.906622 3.878415 -4.248364 0.000000 3.905061
13.400000 4.268717 -3.898528 3.926562 -3.925037 3.925025 -3.925025 3.925037 -3.926562 3.898528 -4.268717 0.000000 3.925037
13.500000 4.288940 -3.918531 3.946391 -3.944903 3.944886 -3.944886 3.944903 -3.946391 3.918531 -4.288940 0.000000 3.944903
13.600000 4.309034 -3.938425 3.966110 -3.964658 3.964636 -3.964636 3.964658 -3.966110 3.938425 -4.309034 0.000000 3.964658
13.700000 4.329000 -3.958212 3.985719 -3.984303 3.984276 -3.984276 3.984303 -3.985719 3.958211 -4.329000 0.000000 3.984303
13.800000 4.348839 -3.977890 4.005219 -4.003840 4.003807 -4.003807 4.003840 -4.005219 3.977890 -4.348839 0.000000 4.003840
13.900000 4.368551 -3.997462 4.024610 -4.023267 4.023230 -4.023230 4.023267 -4.024610 3.997462 -4.368551 0.000000 4.023267
14.000000 4.388138 -4.016927 4.043894 -4.042587 4.042545 -4.042545 4.042587 -4.043894 4.016927 -4.388138 0.000000 4.042587
14.100000 4.407600 -4.036286 4.063070 -4.061800 4.061753 -4.061753 4.061799 -4.063070 4.036286 -4.407600 0.000000 4.061799
14.200000 4.426938 -4.055540 4.082140 -4.080905 4.080853 -4.080853 4.080905 -4.082140 4.055540 -4.426938 0.000000 4.080905
14.300000 4.446153 -4.074690 4.101103 -4.099905 4.099848 -4.099848 4.099905 -4.101103 4.074690 -4.446153 0.000000 4.099905
14.400000 4.465245 -4.093735 4.119961 -4.118799 4.118737 -4.118737 4.118798 -4.119961 4.093735 -4.465245 0.000000 4.118798
14.500000 4.484216 -4.112676 4.138714 -4.137588 4.137522 -4.137522 4.137587 -4.138714 4.112676 -4.484216 0.000000 4.137587
14.600000 4.503066 -4.131514 4.157363 -4.156272 4.156201 -4.156202 4.156272 -4.157363 4.131514 -4.503066 0.000000 4.156272
14.700000 4.521797 -4.150250 4.175908 -4.174853 4.174778 -4.174778 4.174853 -4.175908 4.150250 -4.521796 0.000000 4.174853
14.800000 4.540408 -4.168883 4.194350 -4.193330 4.193251 -4.193251 4.193330 -4.194350 4.168883 -4.540407 0.000000 4.193330
14.900000 4.558900 -4.187415 4.212689 -4.211705 4.211621 -4.211621 4.211705 -4.212689 4.187415 -4.558900 0.000000 4.211705
15.000000 4.577275 -4.205846 4.230927 -4.229978 4.229889 -4.229889 4.229978 -4.230927 4.205846 -4.577275 0.000000 4.229978
15.100000 4.595533 -4.224177 4.249063 -4.248149 4.248056 -4.248056 4.248149 -4.249063 4.224177 -4.595533 0.000000 4.248149
15.200000 4.613675 -4.242407 4.267098 -4.266219 4.266122 -4.266122 4.266219 -4.267098 4.242407 -4.613675 0.000000 4.266219
15.300000 4.631701 -4.260539 4.285033 -4.284189 4.284087 -4.284087 4.284189 -4.285033 4.260539 -4.631701 0.000000 4.284189
15.400000 4.649613 -4.278571 4.302868 -4.302059 4.301953 -4.301953 4.302059 -4.302868 4.278571 -4.649613 0.000000 4.302059
15.500000 4.667411 -4.296505 4.320604 -4.319830 4.319719 -4.319720 4.319830 -4.320604 4.296505 -4.667411 0.000000 4.319830
15.600000 4.685096 -4.314341 4.338241 -4.337502 4.337387 -4.337387 4.337502 -4.338241 4.314341 -4.685096 0.000000 4.337502
15.700000 4.702668 -4.332080 4.355781 -4.355075 4.354957 -4.354957 4.355075 -4.355781 4.332080 -4.702668 0.000000 4.355075
15.800000 4.720129 -4.349722 4.373223 -4.372551 4.372429 -4.372429 4.372551 -4.373222 4.349722 -4.720129 0.000000 4.372551
15.900000 4.737478 -4.367267 4.390567 -4.389930 4.389804 -4.389804 4.389930 -4.390567 4.367267 -4.737478 0.000000 4.389930
16.000000 4.754718 -4.384717 4.407816 -4.407213 4.407082 -4.407082 4.407213 -4.407816 4.384717 -4.754718 0.000000 4.407213
16.100000 4.771848 -4.402072 4.424969 -4.424399 4.424265 -4.424265 4.424399 -4.424968 4.402071 -4.771848 0.000000 4.424399
16.200000 4.788869 -4.419331 4.442026 -4.441490 4.441352 -4.441352 4.441490 -4.442026 4.419331 -4.788869 0.000000 4.441490
16.300000 4.805782 -4.436497 4.458988 -4.458486 4.458344 -4.458344 4.458486 -4.458988 4.436497 -4.805782 0.000000 4.458486
16.400000 4.822587 -4.453568 4.475857 -4.475387 4.475241 -4.475242 4.475387 -4.475856 4.453568 -4.822587 0.000000 4.475387
16.500000 4.839286 -4.470547 4.492631 -4.492195 4.492045 -4.492045 4.492194 -4.492631 4.470547 -4.839286 0.000000 4.492194
16.600000 4.855879 -4.487432 4.509312 -4.508909 4.508756 -4.508756 4.508909 -4.509312 4.487432 -4.855879 0.000000 4.508909
16.700000 4.872367 -4.504225 4.525901 -4.525530 4.525373 -4.525374 4.525530 -4.525901 4.504225 -4.872367 0.000000 4.525530
16.800000 4.888750 -4.520927 4.542397 -4.542059 4.541899 -4.541899 4.542059 -4.542397 4.520927 -4.888750 0.000000 4.542059
16.900000 4.905029 -4.537537 4.558802 -4.558496 4.558332 -4.558332 4.558496 -4.558802 4.537537 -4.905029 0.000000 4.558496
17.000000 4.921204 -4.554056 4.575116 -4.574841 4.574674 -4.574675 4.574841 -4.575116 4.554056 -4.921204 0.000000 4.574841
17.100000 4.937277 -4.570484 4.591338 -4.591096 4.590926 -4.590926 4.591096 -4.591338 4.570484 -4.937277 0.000000 4.591096
17.200000 4.953248 -4.586823 4.607471 -4.607261 4.607087 -4.607087 4.607260 -4.607471 4.586823 -4.953248 0.000000 4.607260
17.300000 4.969118 -4.603073 4.623515 -4.623335 4.623158 -4.623159 4.623335 -4.623515 4.603073 -4.969118 0.000000 4.623335
17.400000 4.984887 -4.619233 4.639469 -4.639320 4.639140 -4.639141 4.639320 -4.639469 4.619233 -4.984887 0.000000 4.639320
17.500000 5.000556 -4.635305 4.655334 -4.655217 4.655034 -4.655034 4.655217 -4.655334 4.635305 -5.000556 0.000000 4.655217
17.600000 5.016126 -4.651289 4.671111 -4.671025 4.670839 -4.670839 4.671025 -4.671111 4.651289 -5.016126 0.000000 4.671025
17.700000 5.031597 -4.667185 4.686801 -4.686745 4.686556 -4.686556 4.686745 -4.686801 4.667185 -5.031597 0.000000 4.686745
17.800000 5.046970 -4.682995 4.702404 -4.702378 4.702186 -4.702186 4.702378 -4.702404 4.682995 -5.046970 0.000000 4.702378
17.900000 5.062246 -4.698717 4.717919 -4.717924 4.717729 -4.717729 4.717924 -4.717919 4.698717 -5.062246 0.000000 4.717924
18.000000 5.077424 -4.714354 4.733349 -4.733384 4.733186 -4.733186 4.733384 -4.733349 4.714354 -5.077424 0.000000 4.733384
18.100000 5.092507 -4.729905 4.748693 -4.748757 4.748557 -4.748557 4.748757 -4.748693 4.729905 -5.092507 0.000000 4.748757
18.200000 5.107494 -4.745370 4.763952 -4.764046 4.763842 -4.763842 4.764046 -4.763952 4.745370 -5.107494 0.000000 4.764046
18.300000 5.122386 -4.760751 4.779126 -4.779249 4.779043 -4.779043 4.779249 -4.779126 4.760751 -5.122386 0.000000 4.779249
18.400000 5.137184 -4.776048 4.794216 -4.794368 4.794159 -4.794159 4.794368 -4.794216 4.776048 -5.137184 0.000000 4.794368
18.500000 5.151888 -4.791260 4.809222 -4.809403 4.809191 -4.809191 4.809403 -4.809222 4.791260 -5.151888 0.000000 4.809403
18.600000 5.166499 -4.806389 4.824144 -4.824354 4.824140 -4.824140 4.824354 -4.824144 4.806389 -5.166499 0.000000 4.824354
18.700000 5.181017 -4.821435 4.838984 -4.839222 4.839005 -4.839005 4.839222 -4.838984 4.821435 -5.181017 0.000000 4.839222
18.800000 5.195444 -4.836399 4.853742 -4.854007 4.853788 -4.853788 4.854007 -4.853742 4.836399 -5.195444 0.000000 4.854007
18.900000 5.209779 -4.851280 4.868417 -4.868711 4.868489 -4.868489 4.868711 -4.868417 4.851280 -5.209779 0.000000 4.868711
19.000000 5.224023 -4.866080 4.883011 -4.883332 4.883108 -4.883109 4.883332 -4.883011 4.866080 -5.224023 0.000000 4.883332
19.100000 5.238178 -4.880798 4.897524 -4.897873 4.897646 -4.897647 4.897873 -4.897524 4.880798 -5.238178 0.000000 4.897873
19.200000 5.252242 -4.895436 4.911956 -4.912332 4.912104 -4.912104 4.912332 -4.911956 4.895436 -5.252242 0.000000 4.912332
19.300000 5.266218 -4.909993 4.926309 -4.926711 4.926481 -4.926481 4.926711 -4.926309 4.909993 -5.266218 0.000000 4.926711
19.400000 5.280106 -4.924470 4.940581 -4.941011 4.940778 -4.940778 4.941011 -4.940581 4.924470 -5.280106 0.000000 4.941011
19.500000 5.293905 -4.938868 4.954775 -4.955230 4.954995 -4.954996 4.955230 -4.954775 4.938868 -5.293905 0.000000 4.955230
19.600000 5.307618 -4.953186 4.968889 -4.969371 4.969134 -4.969134 4.969371 -4.968889 4.953186 -5.307618 0.000000 4.969371
19.700000 5.321243 -4.967426 4.982925 -4.983433 4.983194 -4.983194 4.983433 -4.982925 4.967426 -5.321243 0.000000 4.983433
19.800000 5.334783 -4.981588 4.996884 -4.997417 4.997176 -4.997177 4.997417 -4.996884 4.981588 -5.334783 0.000000 4.997417
19.900000 5.348236 -4.995671 5.010764 -5.011324 5.011081 -5.011081 5.011324 -5.010765 4.995671 -5.348237 0.000000 5.011324
20.000000 5.361605 -5.009677 5.024568 -5.025153 5.024908 -5.024908 5.025153 -5.024568 5.009677 -5.361605 0.000000 5.025153
20.100000 5.374890 -5.023607 5.038295 -5.038905 5.038658 -5.038658 5.038905 -5.038296 5.023607 -5.374890 0.000000 5.038905
20.200000 5.388090 -5.037459 5.051946 -5.052580 5.052332 -5.052332 5.052580 -5.051947 5.037459 -5.388090 0.000000 5.052580
20.300000 5.401207 -5.051236 5.065522 -5.066180 5.065930 -5.065930 5.066180 -5.065522 5.051236 -5.401207 0.000000 5.066180
20.400000 5.414241 -5.064936 5.079022 -5.079704 5.079452 -5.079453 5.079704 -5.079022 5.064936 -5.414241 0.000000 5.079704
20.500000 5.427193 -5.078561 5.092447 -5.093153 5.092900 -5.092900 5.093153 -5.092447 5.078562 -5.427193 0.000000 5.093153
20.600000 5.440063 -5.092112 5.105797 -5.106527 5.106272 -5.106273 5.106527 -5.105797 5.092112 -5.440063 0.000000 5.106527
20.700000 5.452852 -5.105587 5.119073 -5.119827 5.119571 -5.119571 5.119827 -5.119073 5.105587 -5.452852 0.000000 5.119827
20.800000 5.465560 -5.118989 5.132276 -5.133053 5.132795 -5.132795 5.133053 -5.132276 5.118989 -5.465560 0.000000 5.133053
20.900000 5.478188 -5.132316 5.145406 -5.146205 5.145946 -5.145946 5.146205 -5.145406 5.132316 -5.478188 0.000000 5.146205
21.000000 5.490736 -5.145571 5.158462 -5.159285 5.159024 -5.159024 5.159285 -5.158462 5.145571 -5.490736 0.000000 5.159285
21.100000 5.503204 -5.158752 5.171446 -5.172291 5.172029 -5.172029 5.172291 -5.171446 5.158752 -5.503205 0.000000 5.172291
21.200000 5.515595 -5.171860 5.184358 -5.185226 5.184962 -5.184963 5.185226 -5.184358 5.171860 -5.515595 0.000000 5.185226
21.300000 5.527907 -5.184897 5.197199 -5.198088 5.197823 -5.197824 5.198088 -5.197199 5.184897 -5.527907 0.000000 5.198088
21.400000 5.540141 -5.197861 5.209968 -5.210879 5.210613 -5.210613 5.210879 -5.209968 5.197861 -5.540141 0.000000 5.210879
21.500000 5.552298 -5.210754 5.222666 -5.223599 5.223332 -5.223332 5.223599 -5.222667 5.210754 -5.552298 0.000000 5.223599
21.600000 5.564379 -5.223576 5.235294 -5.236248 5.235980 -5.235980 5.236248 -5.235294 5.223576 -5.564379 0.000000 5.236248
21.700000 5.576383 -5.236328 5.247852 -5.248827 5.248558 -5.248558 5.248827 -5.247852 5.236328 -5.576383 0.000000 5.248827
21.800000 5.588311 -5.249009 5.260340 -5.261336 5.261065 -5.261066 5.261336 -5.260341 5.249009 -5.588311 0.000000 5.261336
21.900000 5.600165 -5.261620 5.272759 -5.273775 5.273504 -5.273504 5.273775 -5.272760 5.261620 -5.600165 0.000000 5.273775
22.000000 5.611943 -5.274161 5.285109 -5.286146 5.285873 -5.285874 5.286146 -5.285110 5.274161 -5.611943 0.000000 5.286146
22.100000 5.623648 -5.286633 5.297391 -5.298447 5.298174 -5.298174 5.298447 -5.297391 5.286633 -5.623648 0.000000 5.298447
22.200000 5.635278 -5.299037 5.309604 -5.310680 5.310406 -5.310406 5.310680 -5.309604 5.299037 -5.635278 0.000000 5.310680
22.300000 5.646836 -5.311372 5.321750 -5.322845 5.322570 -5.322571 5.322845 -5.321750 5.311372 -5.646836 0.000000 5.322845
22.400000 5.658320 -5.323639 5.333828 -5.334943 5.334667 -5.334667 5.334943 -5.333828 5.323639 -5.658320 0.000000 5.334943
22.500000 5.669732 -5.335838 5.345840 -5.346973 5.346697 -5.346697 5.346973 -5.345840 5.335838 -5.669732 0.000000 5.346973
22.600000 5.681072 -5.347970 5.357784 -5.358937 5.358659 -5.358660 5.358937 -5.357784 5.347970 -5.681072 0.000000 5.358937
22.700000 5.692341 -5.360035 5.369663 -5.370834 5.370556 -5.370556 5.370834 -5.369663 5.360035 -5.692341 0.000000 5.370834
22.800000 5.703539 -5.372033 5.381475 -5.382664 5.382386 -5.382386 5.382664 -5.381475 5.372033 -5.703539 0.000000 5.382664
22.900000 5.714666 -5.383965 5.393222 -5.394429 5.394150 -5.394151 5.394429 -5.393222 5.383965 -5.714666 0.000000 5.394429
23.000000 5.725723 -5.395831 5.404904 -5.406129 5.405849 -5.405850 5.406129 -5.404904 5.395831 -5.725724 0.000000 5.406129
23.100000 5.736711 -5.407632 5.416521 -5.417764 5.417483 -5.417484 5.417764 -5.416521 5.407632 -5.736711 0.000000 5.417764
23.200000 5.747629 -5.419367 5.428074 -5.429334 5.429053 -5.429053 5.429334 -5.428074 5.419367 -5.747630 0.000000 5.429334
23.300000 5.758479 -5.431037 5.439562 -5.440839 5.440558 -5.440559 5.440839 -5.439563 5.431038 -5.758479 0.000000 5.440839
23.400000 5.769261 -5.442643 5.450987 -5.452281 5.451999 -5.452000 5.452281 -5.450988 5.442644 -5.769261 0.000000 5.452281
23.500000 5.779974 -5.454185 5.462349 -5.463659 5.463377 -5.463378 5.463659 -5.462349 5.454185 -5.779974 0.000000 5.463659
23.600000 5.790620 -5.465663 5.473647 -5.474974 5.474692 -5.474692 5.474974 -5.473648 5.465663 -5.790621 0.000000 5.474974
23.700000 5.801200 -5.477078 5.484883 -5.486226 5.485943 -5.485944 5.486226 -5.484883 5.477078 -5.801200 0.000000 5.486226
23.800000 5.811712 -5.488429 5.496057 -5.497415 5.497133 -5.497133 5.497415 -5.496057 5.488429 -5.811712 0.000000 5.497415
23.900000 5.822159 -5.499718 5.507168 -5.508542 5.508260 -5.508260 5.508542 -5.507169 5.499718 -5.822159 0.000000 5.508542
24.000000 5.832540 -5.510944 5.518218 -5.519608 5.519325 -5.519325 5.519608 -5.518219 5.510944 -5.832540 0.000000 5.519608
24.100000 5.842855 -5.522108 5.529207 -5.530612 5.530329 -5.530329 5.530612 -5.529207 5.522108 -5.842855 0.000000 5.530612
24.200000 5.853106 -5.533210 5.540135 -5.541554 5.541271 -5.541272 5.541554 -5.540135 5.533211 -5.853106 0.000000 5.541554
24.300000 5.863292 -5.544251 5.551002 -5.552436 5.552153 -5.552153 5.552436 -5.551002 5.544251 -5.863292 0.000000 5.552436
24.400000 5.873414 -5.555231 5.561809 -5.563258 5.562974 -5.562975 5.563258 -5.561809 5.555231 -5.873415 0.000000 5.563258
24.500000 5.883473 -5.566150 5.572556 -5.574019 5.573736 -5.573736 5.574019 -5.572556 5.566150 -5.883473 0.000000 5.574019
24.600000 5.893468 -5.577008 5.583244 -5.584720 5.584437 -5.584437 5.584720 -5.583244 5.577009 -5.893469 0.000000 5.584720
24.700000 5.903401 -5.587807 5.593872 -5.595362 5.595079 -5.595079 5.595362 -5.593872 5.587807 -5.903401 0.000000 5.595362
24.800000 5.913271 -5.598545 5.604441 -5.605945 5.605662 -5.605662 5.605945 -5.604441 5.598546 -5.913271 0.000000 5.605945
24.900000 5.923079 -5.609225 5.614952 -5.616469 5.616186 -5.616186 5.616469 -5.614952 5.609225 -5.923080 0.000000 5.616469
25.000000 5.932826 -5.619845 5.625404 -5.626935 5.626652 -5.626652 5.626935 -5.625404 5.619845 -5.932826 0.000000 5.626935
25.100000 5.942511 -5.630406 5.635799 -5.637342 5.637059 -5.637060 5.637342 -5.635799 5.630406 -5.942511 0.000000 5.637342
25.200000 5.952136 -5.640908 5.646136 -5.647691 5.647409 -5.647409 5.647692 -5.646136 5.640908 -5.952136 0.000000 5.647692
25.300000 5.961700 -5.651353 5.656415 -5.657983 5.657701 -5.657702 5.657983 -5.656415 5.651353 -5.961700 0.000000 5.657983
25.400000 5.971204 -5.661739 5.666638 -5.668218 5.667936 -5.667937 5.668218 -5.666638 5.661739 -5.971204 0.000000 5.668218
25.500000 5.980648 -5.672068 5.676804 -5.678396 5.678114 -5.678115 5.678396 -5.676804 5.672068 -5.980649 0.000000 5.678396
25.600000 5.990034 -5.682340 5.686913 -5.688517 5.688236 -5.688236 5.688517 -5.686913 5.682340 -5.990034 0.000000 5.688517
25.700000 5.999360 -5.692555 5.696967 -5.698582 5.698301 -5.698302 5.698582 -5.696967 5.692555 -5.999360 0.000000 5.698582
25.800000 6.008627 -5.702713 5.706964 -5.708591 5.708311 -5.708311 5.708591 -5.706965 5.702713 -6.008628 0.000000 5.708591
25.900000 6.017837 -5.712815 5.716907 -5.718545 5.718265 -5.718265 5.718545 -5.716907 5.712815 -6.017837 0.000000 5.718545
26.000000 6.026989 -5.722860 5.726794 -5.728443 5.728163 -5.728164 5.728443 -5.726794 5.722860 -6.026989 0.000000 5.728443
26.100000 6.036083 -5.732850 5.736627 -5.738286 5.738007 -5.738007 5.738286 -5.736627 5.732850 -6.036083 0.000000 5.738286
26.200000 6.045120 -5.742785 5.746404 -5.748075 5.747796 -5.747796 5.748075 -5.746405 5.742785 -6.045121 0.000000 5.748075
26.300000 6.054101 -5.752664 5.756128 -5.757809 5.757530 -5.757531 5.757809 -5.756128 5.752665 -6.054101 0.000000 5.757809
26.400000 6.063025 -5.762489 5.765798 -5.767488 5.767211 -5.767211 5.767488 -5.765798 5.762489 -6.063026 0.000000 5.767488
26.500000 6.071894 -5.772259 5.775414 -5.777115 5.776837 -5.776838 5.777115 -5.775415 5.772259 -6.071894 0.000000 5.777115
26.600000 6.080707 -5.781975 5.784977 -5.786687 5.786411 -5.786411 5.786687 -5.784977 5.781975 -6.080707 0.000000 5.786687
26.700000 6.089464 -5.791637 5.794487 -5.796206 5.795931 -5.795931 5.796207 -5.794487 5.791637 -6.089464 0.000000 5.796207
26.800000 6.098167 -5.801245 5.803945 -5.805673 5.805398 -5.805398 5.805673 -5.803945 5.801245 -6.098167 0.000000 5.805673
26.900000 6.106815 -5.810800 5.813349 -5.815087 5.814812 -5.814813 5.815087 -5.813350 5.810800 -6.106815 0.000000 5.815087
27.000000 6.115409 -5.820302 5.822702 -5.824448 5.824175 -5.824175 5.824448 -5.822702 5.820302 -6.115409 0.000000 5.824448
27.100000 6.123949 -5.829751 5.832003 -5.833758 5.833485 -5.833485 5.833758 -5.832003 5.829752 -6.123949 0.000000 5.833758
27.200000 6.132435 -5.839148 5.841252 -5.843016 5.842743 -5.842744 5.843016 -5.841253 5.839148 -6.132436 0.000000 5.843016
27.300000 6.140869 -5.848492 5.850450 -5.852222 5.851950 -5.851951 5.852222 -5.850451 5.848493 -6.140869 0.000000 5.852222
27.400000 6.149249 -5.857785 5.859598 -5.861377 5.861106 -5.861107 5.861377 -5.859598 5.857785 -6.149250 0.000000 5.861377
27.500000 6.157577 -5.867026 5.868694 -5.870481 5.870211 -5.870212 5.870481 -5.868694 5.867026 -6.157578 0.000000 5.870481
27.600000 6.165853 -5.876215 5.877740 -5.879535 5.879266 -5.879266 5.879535 -5.877740 5.876216 -6.165854 0.000000 5.879535
27.700000 6.174077 -5.885354 5.886736 -5.888538 5.888270 -5.888270 5.888538 -5.886736 5.885354 -6.174078 0.000000 5.888538
27.800000 6.182250 -5.894442 5.895682 -5.897491 5.897224 -5.897224 5.897492 -5.895682 5.894442 -6.182250 0.000000 5.897492
27.900000 6.190372 -5.903479 5.904578 -5.906395 5.906128 -5.906129 5.906395 -5.904579 5.903479 -6.190372 0.000000 5.906395
28.000000 6.198442 -5.912466 5.913426 -5.915249 5.914983 -5.914984 5.915249 -5.913426 5.912466 -6.198442 0.000000 5.915249
28.100000 6.206462 -5.921402 5.922224 -5.924054 5.923789 -5.923790 5.924054 -5.922224 5.921403 -6.206463 0.000000 5.924054
28.200000 6.214432 -5.930290 5.930973 -5.932810 5.932546 -5.932546 5.932810 -5.930973 5.930290 -6.214433 0.000000 5.932810
28.300000 6.222352 -5.939127 5.939674 -5.941517 5.941254 -5.941255 5.941517 -5.939674 5.939128 -6.222353 0.000000 5.941517
28.400000 6.230223 -5.947916 5.948327 -5.950176 5.949914 -5.949914 5.950176 -5.948327 5.947916 -6.230223 0.000000 5.950176
28.500000 6.238044 -5.956656 5.956931 -5.958786 5.958526 -5.958526 5.958786 -5.956932 5.956656 -6.238044 0.000000 5.958786
28.600000 6.245817 -5.965347 5.965489 -5.967349 5.967090 -5.967090 5.967349 -5.965489 5.965347 -6.245817 0.000000 5.967349
28.700000 6.253540 -5.973990 5.973998 -5.975864 5.975606 -5.975606 5.975864 -5.973998 5.973990 -6.253541 0.000000 5.975864
28.800000 6.261216 -5.982584 5.982461 -5.984332 5.984075 -5.984075 5.984332 -5.982461 5.982584 -6.261216 0.000000 5.984332
28.900000 6.268843 -5.991131 5.990876 -5.992753 5.992497 -5.992497 5.992753 -5.990876 5.991131 -6.268844 0.000000 5.992753
29.000000 6.276423 -5.999630 5.999245 -6.001127 6.000872 -6.000872 6.001127 -5.999245 5.999631 -6.276423 0.000000 6.001127
29.100000 6.283956 -6.008082 6.007568 -6.009455 6.009201 -6.009201 6.009455 -6.007568 6.008082 -6.283956 0.000000 6.009455
29.200000 6.291441 -6.016487 6.015844 -6.017736 6.017483 -6.017483 6.017736 -6.015845 6.016487 -6.291441 0.000000 6.017736
29.300000 6.298879 -6.024845 6.024075 -6.025971 6.025719 -6.025720 6.025971 -6.024075 6.024845 -6.298880 0.000000 6.025971
29.400000 6.306272 -6.033157 6.032260 -6.034160 6.033910 -6.033910 6.034160 -6.032260 6.033157 -6.306272 0.000000 6.034160
29.500000 6.313617 -6.041422 6.040400 -6.042304 6.042055 -6.042055 6.042304 -6.040400 6.041422 -6.313618 0.000000 6.042304
29.600000 6.320917 -6.049641 6.048494 -6.050403 6.050155 -6.050155 6.050403 -6.048495 6.049641 -6.320918 0.000000 6.050403
29.700000 6.328172 -6.057815 6.056544 -6.058457 6.058209 -6.058210 6.058457 -6.056544 6.057815 -6.328172 0.000000 6.058457
29.800000 6.335381 -6.065942 6.064549 -6.066465 6.066220 -6.066220 6.066465 -6.064549 6.065943 -6.335381 0.000000 6.066465
29.900000 6.342545 -6.074025 6.072510 -6.074430 6.074185 -6.074186 6.074430 -6.072510 6.074025 -6.342545 0.000000 6.074430
30.000000 6.349664 -6.082063 6.080427 -6.082350 6.082106 -6.082107 6.082350 -6.080427 6.082063 -6.349664 0.000000 6.082350
30.100000 6.356739 -6.090055 6.088300 -6.090226 6.089984 -6.089984 6.090226 -6.088300 6.090055 -6.356739 0.000000 6.090226
30.200000 6.363770 -6.098003 6.096129 -6.098058 6.097817 -6.097818 6.098058 -6.096129 6.098004 -6.363770 0.000000 6.098058
30.300000 6.370757 -6.105907 6.103915 -6.105847 6.105607 -6.105608 6.105847 -6.103915 6.105907 -6.370757 0.000000 6.105847
30.400000 6.377700 -6.113767 6.111657 -6.113592 6.113354 -6.113355 6.113592 -6.111658 6.113767 -6.377700 0.000000 6.113592
30.500000 6.384600 -6.121583 6.119357 -6.121295 6.121058 -6.121058 6.121295 -6.119357 6.121583 -6.384600 0.000000 6.121295
30.600000 6.391456 -6.129356 6.127014 -6.128954 6.128719 -6.128719 6.128954 -6.127015 6.129356 -6.391457 0.000000 6.128954
30.700000 6.398270 -6.137085 6.134629 -6.136571 6.136337 -6.136338 6.136571 -6.134629 6.137085 -6.398271 0.000000 6.136571
30.800000 6.405042 -6.144771 6.142202 -6.144146 6.143913 -6.143914 6.144146 -6.142202 6.144771 -6.405042 0.000000 6.144146
30.900000 6.411771 -6.152414 6.149732 -6.151679 6.151447 -6.151448 6.151679 -6.149732 6.152414 -6.411771 0.000000 6.151679
31.000000 6.418459 -6.160014 6.157221 -6.159169 6.158939 -6.158940 6.159169 -6.157221 6.160014 -6.418459 0.000000 6.159169
31.100000 6.425104 -6.167572 6.164669 -6.166618 6.166390 -6.166390 6.166618 -6.164669 6.167572 -6.425104 0.000000 6.166618
31.200000 6.431708 -6.175088 6.172075 -6.174026 6.173799 -6.173799 6.174026 -6.172075 6.175088 -6.431708 0.000000 6.174026
31.300000 6.438271 -6.182562 6.179440 -6.181393 6.181167 -6.181167 6.181393 -6.179440 6.182562 -6.438271 0.000000 6.181393
31.400000 6.444793 -6.189994 6.186764 -6.188718 6.188494 -6.188494 6.188718 -6.186764 6.189994 -6.444793 0.000000 6.188718
31.500000 6.451275 -6.197385 6.194048 -6.196003 6.195780 -6.195781 6.196003 -6.194048 6.197385 -6.451275 0.000000 6.196003
31.600000 6.457716 -6.204734 6.201291 -6.203247 6.203026 -6.203026 6.203248 -6.201291 6.204735 -6.457716 0.000000 6.203248
31.700000 6.464116 -6.212043 6.208495 -6.210452 6.210232 -6.210232 6.210452 -6.208495 6.212043 -6.464117 0.000000 6.210452
31.800000 6.470477 -6.219310 6.215658 -6.217616 6.217397 -6.217398 6.217616 -6.215658 6.219311 -6.470477 0.000000 6.217616
31.900000 6.476799 -6.226538 6.222782 -6.224740 6.224523 -6.224523 6.224740 -6.222782 6.226538 -6.476799 0.000000 6.224740
32.000000 6.483080 -6.233724 6.229866 -6.231825 6.231609 -6.231609 6.231825 -6.229866 6.233724 -6.483081 0.000000 6.231825
32.100000 6.489323 -6.240871 6.236911 -6.238870 6.238656 -6.238656 6.238870 -6.236911 6.240871 -6.489323 0.000000 6.238870
32.200000 6.495527 -6.247978 6.243917 -6.245876 6.245663 -6.245664 6.245876 -6.243917 6.247978 -6.495527 0.000000 6.245876
32.300000 6.501692 -6.255044 6.250884 -6.252843 6.252632 -6.252633 6.252843 -6.250884 6.255045 -6.501693 0.000000 6.252843
32.400000 6.507819 -6.262072 6.257812 -6.259772 6.259562 -6.259563 6.259772 -6.257813 6.262072 -6.507819 0.000000 6.259772
32.500000 6.513908 -6.269060 6.264703 -6.266662 6.266454 -6.266454 6.266662 -6.264703 6.269060 -6.513908 0.000000 6.266662
32.600000 6.519959 -6.276009 6.271555 -6.273513 6.273307 -6.273307 6.273513 -6.271555 6.276010 -6.519959 0.000000 6.273513
32.700000 6.525972 -6.282920 6.278369 -6.280327 6.280122 -6.280122 6.280327 -6.278369 6.282920 -6.525972 0.000000 6.280327
32.800000 6.531947 -6.289791 6.285145 -6.287103 6.286899 -6.286900 6.287103 -6.285145 6.289792 -6.531948 0.000000 6.287103
32.900000 6.537886 -6.296625 6.291884 -6.293841 6.293639 -6.293639 6.293841 -6.291884 6.296625 -6.537886 0.000000 6.293841
33.000000 6.543787 -6.303420 6.298585 -6.300541 6.300341 -6.300341 6.300541 -6.298585 6.303420 -6.543788 0.000000 6.300541
33.100000 6.549652 -6.310177 6.305249 -6.307205 6.307006 -6.307006 6.307205 -6.305250 6.310177 -6.549652 0.000000 6.307205
33.200000 6.555481 -6.316896 6.311877 -6.313831 6.313634 -6.313634 6.313831 -6.311877 6.316896 -6.555481 0.000000 6.313831
33.300000 6.561273 -6.323578 6.318468 -6.320420 6.320225 -6.320225 6.320421 -6.318468 6.323578 -6.561273 0.000000 6.320421
33.400000 6.567029 -6.330222 6.325022 -6.326973 6.326780 -6.326780 6.326973 -6.325022 6.330223 -6.567029 0.000000 6.326973
33.500000 6.572749 -6.336830 6.331540 -6.333490 6.333298 -6.333298 6.333490 -6.331540 6.336830 -6.572749 0.000000 6.333490
33.600000 6.578433 -6.343400 6.338021 -6.339970 6.339779 -6.339780 6.339970 -6.338022 6.343400 -6.578434 0.000000 6.339970
33.700000 6.584083 -6.349934 6.344467 -6.346414 6.346225 -6.346226 6.346414 -6.344467 6.349934 -6.584083 0.000000 6.346414
33.800000 6.589697 -6.356431 6.350877 -6.352823 6.352635 -6.352636 6.352823 -6.350878 6.356431 -6.589697 0.000000 6.352823
33.900000 6.595276 -6.362891 6.357252 -6.359196 6.359010 -6.359010 6.359196 -6.357252 6.362891 -6.595276 0.000000 6.359196
34.000000 6.600820 -6.369316 6.363591 -6.365533 6.365349 -6.365349 6.365533 -6.363592 6.369316 -6.600821 0.000000 6.365533
34.100000 6.606330 -6.375704 6.369896 -6.371835 6.371653 -6.371653 6.371835 -6.369896 6.375705 -6.606331 0.000000 6.371835
34.200000 6.611806 -6.382057 6.376165 -6.378102 6.377921 -6.377922 6.378103 -6.376165 6.382057 -6.611806 0.000000 6.378103
34.300000 6.617248 -6.388374 6.382400 -6.384335 6.384155 -6.384156 6.384335 -6.382400 6.388375 -6.617248 0.000000 6.384335
34.400000 6.622656 -6.394656 6.388600 -6.390532 6.390355 -6.390355 6.390533 -6.388600 6.394656 -6.622656 0.000000 6.390533
34.500000 6.628030 -6.400903 6.394765 -6.396696 6.396519 -6.396520 6.396696 -6.394766 6.400903 -6.628031 0.000000 6.396696
34.600000 6.633371 -6.407115 6.400897 -6.402825 6.402650 -6.402650 6.402825 -6.400897 6.407115 -6.633372 0.000000 6.402825
34.700000 6.638679 -6.413292 6.406995 -6.408920 6.408747 -6.408747 6.408920 -6.406995 6.413292 -6.638679 0.000000 6.408920
34.800000 6.643954 -6.419434 6.413058 -6.414981 6.414809 -6.414810 6.414981 -6.413059 6.419434 -6.643954 0.000000 6.414981
34.900000 6.649196 -6.425542 6.419089 -6.421008 6.420838 -6.420839 6.421008 -6.419089 6.425542 -6.649196 0.000000 6.421008
35.000000 6.654405 -6.431616 6.425085 -6.427002 6.426834 -6.426834 6.427002 -6.425086 6.431616 -6.654406 0.000000 6.427002
35.100000 6.659583 -6.437656 6.431049 -6.432963 6.432796 -6.432796 6.432963 -6.431049 6.437656 -6.659583 0.000000 6.432963
35.200000 6.664728 -6.443662 6.436980 -6.438890 6.438725 -6.438726 6.438890 -6.436980 6.443662 -6.664728 0.000000 6.438890
35.300000 6.669841 -6.449634 6.442877 -6.444785 6.444621 -6.444622 6.444785 -6.442878 6.449634 -6.669841 0.000000 6.444785
35.400000 6.674922 -6.455573 6.448742 -6.450646 6.450485 -6.450485 6.450646 -6.448743 6.455573 -6.674922 0.000000 6.450646
35.500000 6.679972 -6.461478 6.454575 -6.456475 6.456316 -6.456316 6.456476 -6.454575 6.461479 -6.679972 0.000000 6.456476
35.600000 6.684990 -6.467351 6.460375 -6.462272 6.462114 -6.462114 6.462272 -6.460376 6.467351 -6.684990 0.000000 6.462272
35.700000 6.689977 -6.473190 6.466144 -6.468037 6.467880 -6.467881 6.468037 -6.466144 6.473191 -6.689978 0.000000 6.468037
35.800000 6.694934 -6.478997 6.471880 -6.473769 6.473614 -6.473615 6.473769 -6.471880 6.478997 -6.694934 0.000000 6.473769
35.900000 6.699859 -6.484772 6.477584 -6.479470 6.479317 -6.479317 6.479470 -6.477584 6.484772 -6.699859 0.000000 6.479470
36.000000 6.704754 -6.490514 6.483257 -6.485139 6.484987 -6.484988 6.485139 -6.483257 6.490514 -6.704754 0.000000 6.485139
36.100000 6.709619 -6.496223 6.488898 -6.490777 6.490627 -6.490627 6.490777 -6.488899 6.496223 -6.709619 0.000000 6.490777
36.200000 6.714453 -6.501901 6.494509 -6.496383 6.496234 -6.496235 6.496383 -6.494509 6.501901 -6.714454 0.000000 6.496383
36.300000 6.719258 -6.507547 6.500088 -6.501958 6.501811 -6.501811 6.501958 -6.500088 6.507547 -6.719258 0.000000 6.501958
36.400000 6.724033 -6.513161 6.505636 -6.507502 6.507357 -6.507357 6.507502 -6.505636 6.513161 -6.724033 0.000000 6.507502
36.500000 6.728778 -6.518744 6.511153 -6.513015 6.512872 -6.512872 6.513015 -6.511153 6.518744 -6.728778 0.000000 6.513015
36.600000 6.733493 -6.524295 6.516640 -6.518498 6.518356 -6.518356 6.518498 -6.516640 6.524296 -6.733494 0.000000 6.518498
36.700000 6.738180 -6.529816 6.522097 -6.523950 6.523810 -6.523810 6.523950 -6.522097 6.529816 -6.738180 0.000000 6.523950
36.800000 6.742837 -6.535305 6.527523 -6.529372 6.529233 -6.529233 6.529372 -6.527523 6.535305 -6.742837 0.000000 6.529372
36.900000 6.747466 -6.540764 6.532919 -6.534763 6.534626 -6.534627 6.534763 -6.532919 6.540764 -6.747466 0.000000 6.534763
37.000000 6.752065 -6.546192 6.538286 -6.540125 6.539990 -6.539990 6.540125 -6.538286 6.546192 -6.752066 0.000000 6.540125
37.100000 6.756637 -6.551589 6.543622 -6.545457 6.545323 -6.545324 6.545457 -6.543622 6.551589 -6.756637 0.000000 6.545457
37.200000 6.761180 -6.556956 6.548929 -6.550759 6.550627 -6.550628 6.550759 -6.548929 6.556957 -6.761180 0.000000 6.550759
37.300000 6.765695 -6.562293 6.554207 -6.556032 6.555902 -6.555902 6.556032 -6.554207 6.562294 -6.765695 0.000000 6.556032
37.400000 6.770181 -6.567601 6.559455 -6.561276 6.561147 -6.561147 6.561276 -6.559455 6.567601 -6.770182 0.000000 6.561276
37.500000 6.774641 -6.572878 6.564675 -6.566490 6.566363 -6.566363 6.566490 -6.564675 6.572878 -6.774641 0.000000 6.566490
37.600000 6.779072 -6.578126 6.569865 -6.571675 6.571550 -6.571550 6.571676 -6.569865 6.578126 -6.779072 0.000000 6.571676
37.700000 6.783476 -6.583344 6.575027 -6.576832 6.576708 -6.576708 6.576832 -6.575027 6.583344 -6.783476 0.000000 6.576832
37.800000 6.787853 -6.588533 6.580160 -6.581960 6.581838 -6.581838 6.581960 -6.580160 6.588533 -6.787853 0.000000 6.581960
37.900000 6.792202 -6.593693 6.585265 -6.587059 6.586939 -6.586939 6.587060 -6.585265 6.593693 -6.792203 0.000000 6.587060
38.000000 6.796525 -6.598824 6.590341 -6.592131 6.592012 -6.592012 6.592131 -6.590341 6.598824 -6.796525 0.000000 6.592131
38.100000 6.800821 -6.603926 6.595389 -6.597174 6.597056 -6.597056 6.597174 -6.595389 6.603926 -6.800821 0.000000 6.597174
38.200000 6.805090 -6.608999 6.600410 -6.602188 6.602073 -6.602073 6.602189 -6.600410 6.608999 -6.805091 0.000000 6.602189
38.300000 6.809333 -6.614044 6.605402 -6.607175 6.607061 -6.607062 6.607176 -6.605402 6.614044 -6.809334 0.000000 6.607176
38.400000 6.813550 -6.619061 6.610367 -6.612135 6.612022 -6.612023 6.612135 -6.610367 6.619061 -6.813550 0.000000 6.612135
38.500000 6.817741 -6.624049 6.615304 -6.617067 6.616956 -6.616956 6.617067 -6.615304 6.624049 -6.817741 0.000000 6.617067
38.600000 6.821905 -6.629010 6.620214 -6.621971 6.621862 -6.621862 6.621971 -6.620214 6.629010 -6.821905 0.000000 6.621971
38.700000 6.826044 -6.633942 6.625097 -6.626848 6.626740 -6.626741 6.626848 -6.625097 6.633942 -6.826044 0.000000 6.626848
38.800000 6.830157 -6.638847 6.629953 -6.631698 6.631592 -6.631592 6.631698 -6.629953 6.638847 -6.830158 0.000000 6.631698
38.900000 6.834245 -6.643724 6.634782 -6.636521 6.636417 -6.636417 6.636521 -6.634782 6.643724 -6.834245 0.000000 6.636521
39.000000 6.838308 -6.648574 6.639584 -6.641318 6.641214 -6.641215 6.641318 -6.639584 6.648574 -6.838308 0.000000 6.641318
39.100000 6.842345 -6.653397 6.644359 -6.646087 6.645986 -6.645986 6.646087 -6.644359 6.653397 -6.842345 0.000000 6.646087
39.200000 6.846358 -6.658192 6.649108 -6.650830 6.650730 -6.650731 6.650830 -6.649108 6.658192 -6.846358 0.000000 6.650830
39.300000 6.850345 -6.662961 6.653831 -6.655547 6.655449 -6.655449 6.655547 -6.653831 6.662961 -6.850346 0.000000 6.655547
39.400000 6.854308 -6.667703 6.658528 -6.660238 6.660141 -6.660141 6.660238 -6.658528 6.667703 -6.854309 0.000000 6.660238
39.500000 6.858247 -6.672418 6.663198 -6.664902 6.664807 -6.664807 6.664902 -6.663198 6.672418 -6.858247 0.000000 6.664902
39.600000 6.862161 -6.677106 6.667843 -6.669541 6.669447 -6.669447 6.669541 -6.667843 6.677107 -6.862161 0.000000 6.669541
39.700000 6.866051 -6.681769 6.672462 -6.674153 6.674061 -6.674062 6.674154 -6.672462 6.681769 -6.866051 0.000000 6.674154
39.800000 6.869917 -6.686405 6.677055 -6.678741 6.678650 -6.678650 6.678741 -6.677055 6.686405 -6.869917 0.000000 6.678741
39.900000 6.873759 -6.691015 6.681623 -6.683302 6.683213 -6.683214 6.683302 -6.681623 6.691015 -6.873759 0.000000 6.683302
40.000000 6.877577 -6.695599 6.686166 -6.687839 6.687751 -6.687752 6.687839 -6.686166 6.695599 -6.877577 0.000000 6.687839
40.100000 6.881372 -6.700157 6.690683 -6.692350 6.692264 -6.692264 6.692350 -6.690683 6.700157 -6.881372 0.000000 6.692350
40.200000 6.885143 -6.704690 6.695176 -6.696836 6.696751 -6.696752 6.696836 -6.695176 6.704690 -6.885143 0.000000 6.696836
40.300000 6.888891 -6.709197 6.699643 -6.701297 6.701214 -6.701214 6.701297 -6.699643 6.709197 -6.888891 0.000000 6.701297
40.400000 6.892616 -6.713679 6.704086 -6.705733 6.705652 -6.705652 6.705734 -6.704086 6.713679 -6.892616 0.000000 6.705734
40.500000 6.896318 -6.718135 6.708504 -6.710145 6.710065 -6.710066 6.710145 -6.708505 6.718135 -6.896318 0.000000 6.710145
40.600000 6.899997 -6.722567 6.712898 -6.714532 6.714454 -6.714454 6.714532 -6.712898 6.722567 -6.899997 0.000000 6.714532
40.700000 6.903653 -6.726973 6.717267 -6.718895 6.718818 -6.718819 6.718895 -6.717268 6.726973 -6.903653 0.000000 6.718895
40.800000 6.907287 -6.731355 6.721613 -6.723234 6.723158 -6.723159 6.723234 -6.721613 6.731355 -6.907287 0.000000 6.723234
40.900000 6.910898 -6.735712 6.725934 -6.727548 6.727474 -6.727475 6.727548 -6.725934 6.735712 -6.910898 0.000000 6.727548
41.000000 6.914487 -6.740045 6.730231 -6.731839 6.731766 -6.731766 6.731839 -6.730231 6.740045 -6.914487 0.000000 6.731839
41.100000 6.918053 -6.744353 6.734504 -6.736105 6.736034 -6.736035 6.736105 -6.734504 6.744353 -6.918054 0.000000 6.736105
41.200000 6.921598 -6.748637 6.738754 -6.740348 6.740279 -6.740279 6.740348 -6.738754 6.748637 -6.921598 0.000000 6.740348
41.300000 6.925121 -6.752897 6.742980 -6.744568 6.744500 -6.744500 6.744568 -6.742980 6.752897 -6.925121 0.000000 6.744568
41.400000 6.928622 -6.757133 6.747183 -6.748764 6.748697 -6.748697 6.748764 -6.747183 6.757133 -6.928622 0.000000 6.748764
41.500000 6.932102 -6.761345 6.751362 -6.752936 6.752871 -6.752871 6.752936 -6.751362 6.761345 -6.932102 0.000000 6.752936
41.600000 6.935560 -6.765533 6.755519 -6.757086 6.757022 -6.757022 6.757086 -6.755519 6.765533 -6.935560 0.000000 6.757086
41.700000 6.938997 -6.769698 6.759652 -6.761212 6.761150 -6.761150 6.761212 -6.759652 6.769698 -6.938997 0.000000 6.761212
41.800000 6.942412 -6.773839 6.763762 -6.765315 6.765255 -6.765255 6.765316 -6.763762 6.773839 -6.942412 0.000000 6.765316
41.900000 6.945807 -6.777957 6.767850 -6.769396 6.769337 -6.769337 6.769396 -6.767850 6.777957 -6.945807 0.000000 6.769396
42.000000 6.949180 -6.782052 6.771915 -6.773454 6.773396 -6.773396 6.773454 -6.771915 6.782052 -6.949180 0.000000 6.773454
42.100000 6.952533 -6.786124 6.775957 -6.777489 6.777433 -6.777433 6.777490 -6.775957 6.786124 -6.952533 0.000000 6.777490
42.200000 6.955865 -6.790173 6.779977 -6.781502 6.781447 -6.781448 6.781503 -6.779977 6.790173 -6.955865 0.000000 6.781503
42.300000 6.959177 -6.794199 6.783975 -6.785493 6.785439 -6.785440 6.785493 -6.783975 6.794199 -6.959177 0.000000 6.785493
42.400000 6.962468 -6.798202 6.787951 -6.789462 6.789409 -6.789410 6.789462 -6.787951 6.798202 -6.962468 0.000000 6.789462
42.500000 6.965739 -6.802183 6.791904 -6.793408 6.793357 -6.793358 6.793408 -6.791904 6.802183 -6.965739 0.000000 6.793408
42.600000 6.968989 -6.806141 6.795836 -6.797333 6.797283 -6.797284 6.797333 -6.795836 6.806141 -6.968989 0.000000 6.797333
42.700000 6.972220 -6.810077 6.799746 -6.801235 6.801187 -6.801188 6.801236 -6.799746 6.810077 -6.972220 0.000000 6.801236
42.800000 6.975431 -6.813991 6.803634 -6.805117 6.805070 -6.805070 6.805117 -6.803634 6.813991 -6.975431 0.000000 6.805117
42.900000 6.978622 -6.817883 6.807501 -6.808976 6.808931 -6.808931 6.808976 -6.807501 6.817883 -6.978622 0.000000 6.808976
43.000000 6.981793 -6.821753 6.811346 -6.812814 6.812770 -6.812770 6.812814 -6.811346 6.821753 -6.981793 0.000000 6.812814
43.100000 6.984945 -6.825601 6.815170 -6.816631 6.816588 -6.816588 6.816631 -6.815170 6.825601 -6.984945 0.000000 6.816631
43.200000 6.988077 -6.829427 6.818973 -6.820426 6.820385 -6.820385 6.820427 -6.818973 6.829427 -6.988077 0.000000 6.820427
43.300000 6.991190 -6.833232 6.822755 -6.824201 6.824161 -6.824161 6.824201 -6.822755 6.833232 -6.991190 0.000000 6.824201
43.400000 6.994284 -6.837015 6.826515 -6.827954 6.827916 -6.827916 6.827955 -6.826516 6.837016 -6.994284 0.000000 6.827955
43.500000 6.997359 -6.840777 6.830255 -6.831687 6.831650 -6.831650 6.831687 -6.830256 6.840778 -6.997359 0.000000 6.831687
43.600000 7.000415 -6.844518 6.833975 -6.835399 6.835363 -6.835363 6.835399 -6.833975 6.844518 -7.000415 0.000000 6.835399
43.700000 7.003452 -6.848238 6.837673 -6.839090 6.839055 -6.839056 6.839090 -6.837673 6.848238 -7.003452 0.000000 6.839090
43.800000 7.006470 -6.851937 6.841351 -6.842761 6.842727 -6.842728 6.842761 -6.841351 6.851937 -7.006470 0.000000 6.842761
43.900000 7.009470 -6.855615 6.845009 -6.846411 6.846379 -6.846379 6.846411 -6.845009 6.855615 -7.009470 0.000000 6.846411
44.000000 7.012451 -6.859272 6.848646 -6.850041 6.850010 -6.850011 6.850042 -6.848647 6.859272 -7.012451 0.000000 6.850042
44.100000 7.015414 -6.862909 6.852264 -6.853651 6.853622 -6.853622 6.853651 -6.852264 6.862909 -7.015414 0.000000 6.853651
44.200000 7.018359 -6.866525 6.855861 -6.857241 6.857213 -6.857213 6.857241 -6.855861 6.866525 -7.018359 0.000000 6.857241
44.300000 7.021285 -6.870120 6.859438 -6.860811 6.860784 -6.860784 6.860811 -6.859439 6.870121 -7.021286 0.000000 6.860811
44.400000 7.024194 -6.873696 6.862996 -6.864361 6.864335 -6.864336 6.864361 -6.862996 6.873696 -7.024194 0.000000 6.864361
44.500000 7.027085 -6.877251 6.866534 -6.867892 6.867867 -6.867867 6.867892 -6.866534 6.877251 -7.027085 0.000000 6.867892
44.600000 7.029958 -6.880786 6.870052 -6.871402 6.871379 -6.871379 6.871402 -6.870052 6.880786 -7.029958 0.000000 6.871402
44.700000 7.032813 -6.884301 6.873551 -6.874894 6.874871 -6.874872 6.874894 -6.873551 6.884302 -7.032813 0.000000 6.874894
44.800000 7.035651 -6.887797 6.877030 -6.878365 6.878344 -6.878345 6.878365 -6.877030 6.887797 -7.035651 0.000000 6.878365
44.900000 7.038471 -6.891273 6.880490 -6.881818 6.881798 -6.881799 6.881818 -6.880490 6.891273 -7.038471 0.000000 6.881818
45.000000 7.041274 -6.894729 6.883931 -6.885251 6.885233 -6.885233 6.885251 -6.883931 6.894729 -7.041274 0.000000 6.885251
45.100000 7.044060 -6.898165 6.887353 -6.888666 6.888648 -6.888649 6.888666 -6.887353 6.898165 -7.044060 0.000000 6.888666
45.200000 7.046828 -6.901582 6.890755 -6.892061 6.892045 -6.892045 6.892061 -6.890756 6.901583 -7.046828 0.000000 6.892061
45.300000 7.049580 -6.904980 6.894139 -6.895437 6.895423 -6.895423 6.895438 -6.894140 6.904981 -7.049580 0.000000 6.895438
45.400000 7.052314 -6.908359 6.897505 -6.898795 6.898781 -6.898782 6.898795 -6.897505 6.908359 -7.052314 0.000000 6.898795
45.500000 7.055032 -6.911719 6.900851 -6.902134 6.902122 -6.902122 6.902134 -6.900851 6.911719 -7.055032 0.000000 6.902134
45.600000 7.057733 -6.915059 6.904179 -6.905455 6.905443 -6.905444 6.905455 -6.904179 6.915060 -7.057733 0.000000 6.905455
45.700000 7.060418 -6.918381 6.907489 -6.908757 6.908747 -6.908747 6.908757 -6.907489 6.918381 -7.060418 0.000000 6.908757
45.800000 7.063086 -6.921684 6.910780 -6.912040 6.912031 -6.912032 6.912041 -6.910780 6.921685 -7.063086 0.000000 6.912041
45.900000 7.065737 -6.924969 6.914053 -6.915306 6.915298 -6.915298 6.915306 -6.914053 6.924969 -7.065737 0.000000 6.915306
46.000000 7.068373 -6.928235 6.917308 -6.918553 6.918547 -6.918547 6.918553 -6.917308 6.928235 -7.068373 0.000000 6.918553
46.100000 7.070992 -6.931482 6.920545 -6.921783 6.921777 -6.921777 6.921783 -6.920545 6.931482 -7.070992 0.000000 6.921783
46.200000 7.073595 -6.934711 6.923764 -6.924994 6.924989 -6.924990 6.924994 -6.923764 6.934712 -7.073595 0.000000 6.924994
46.300000 7.076182 -6.937922 6.926965 -6.928187 6.928184 -6.928184 6.928188 -6.926965 6.937922 -7.076182 0.000000 6.928188
46.400000 7.078753 -6.941115 6.930148 -6.931363 6.931361 -6.931361 6.931363 -6.930148 6.941115 -7.078753 0.000000 6.931363
46.500000 7.081308 -6.944290 6.933314 -6.934521 6.934520 -6.934520 6.934521 -6.933314 6.944290 -7.081308 0.000000 6.934521
46.600000 7.083848 -6.947447 6.936462 -6.937662 6.937662 -6.937662 6.937662 -6.936462 6.947447 -7.083848 0.000000 6.937662
46.700000 7.086372 -6.950586 6.939593 -6.940785 6.940786 -6.940786 6.940785 -6.939593 6.950586 -7.086372 0.000000 6.940785
46.800000 7.088881 -6.953707 6.942706 -6.943891 6.943893 -6.943893 6.943891 -6.942706 6.953707 -7.088881 0.000000 6.943891
46.900000 7.091374 -6.956810 6.945802 -6.946979 6.946983 -6.946983 6.946980 -6.945802 6.956811 -7.091374 0.000000 6.946980
47.000000 7.093852 -6.959897 6.948881 -6.950051 6.950055 -6.950055 6.950051 -6.948881 6.959897 -7.093852 0.000000 6.950051
47.100000 7.096314 -6.962965 6.951943 -6.953105 6.953110 -6.953111 6.953105 -6.951943 6.962965 -7.096315 0.000000 6.953105
47.200000 7.098762 -6.966017 6.954988 -6.956142 6.956149 -6.956149 6.956143 -6.954988 6.966017 -7.098762 0.000000 6.956143
47.300000 7.101194 -6.969051 6.958016 -6.959163 6.959170 -6.959170 6.959163 -6.958016 6.969051 -7.101195 0.000000 6.959163
47.400000 7.103612 -6.972068 6.961027 -6.962167 6.962175 -6.962175 6.962167 -6.961027 6.972068 -7.103612 0.000000 6.962167
47.500000 7.106015 -6.975067 6.964021 -6.965154 6.965163 -6.965163 6.965154 -6.964022 6.975068 -7.106015 0.000000 6.965154
47.600000 7.108403 -6.978050 6.966999 -6.968124 6.968134 -6.968135 6.968124 -6.966999 6.978051 -7.108403 0.000000 6.968124
47.700000 7.110776 -6.981017 6.969961 -6.971078 6.971089 -6.971090 6.971078 -6.969961 6.981017 -7.110776 0.000000 6.971078
47.800000 7.113135 -6.983966 6.972906 -6.974016 6.974028 -6.974028 6.974016 -6.972906 6.983966 -7.113135 0.000000 6.974016
47.900000 7.115480 -6.986899 6.975834 -6.976937 6.976950 -6.976950 6.976937 -6.975835 6.986899 -7.115480 0.000000 6.976937
48.000000 7.117810 -6.989815 6.978747 -6.979842 6.979856 -6.979856 6.979842 -6.978747 6.989815 -7.117810 0.000000 6.979842
48.100000 7.120125 -6.992714 6.981643 -6.982731 6.982746 -6.982746 6.982731 -6.981643 6.992714 -7.120125 0.000000 6.982731
48.200000 7.122427 -6.995597 6.984523 -6.985603 6.985619 -6.985620 6.985603 -6.984524 6.995598 -7.122427 0.000000 6.985603
48.300000 7.124714 -6.998464 6.987388 -6.988460 6.988477 -6.988477 6.988460 -6.987388 6.998464 -7.124714 0.000000 6.988460
48.400000 7.126987 -7.001315 6.990236 -6.991301 6.991319 -6.991319 6.991301 -6.990236 7.001315 -7.126988 0.000000 6.991301
48.500000 7.129247 -7.004150 6.993069 -6.994126 6.994145 -6.994145 6.994126 -6.993069 7.004150 -7.129247 0.000000 6.994126
48.600000 7.131493 -7.006968 6.995886 -6.996936 6.996956 -6.996956 6.996936 -6.995886 7.006968 -7.131493 0.000000 6.996936
48.700000 7.133724 -7.009771 6.998687 -6.999730 6.999750 -6.999751 6.999730 -6.998687 7.009771 -7.133724 0.000000 6.999730
48.800000 7.135942 -7.012558 7.001473 -7.002508 7.002530 -7.002530 7.002508 -7.001473 7.012558 -7.135943 0.000000 7.002508
48.900000 7.138147 -7.015329 7.004243 -7.005271 7.005294 -7.005294 7.005271 -7.004243 7.015329 -7.138147 0.000000 7.005271
49.000000 7.140338 -7.018084 7.006998 -7.008018 7.008042 -7.008042 7.008019 -7.006998 7.018084 -7.140338 0.000000 7.008019
49.100000 7.142516 -7.020824 7.009738 -7.010751 7.010775 -7.010775 7.010751 -7.009738 7.020824 -7.142516 0.000000 7.010751
49.200000 7.144680 -7.023548 7.012462 -7.013468 7.013493 -7.013493 7.013468 -7.012463 7.023548 -7.144680 0.000000 7.013468
49.300000 7.146831 -7.026257 7.015172 -7.016170 7.016196 -7.016196 7.016170 -7.015172 7.026257 -7.146831 0.000000 7.016170
49.400000 7.148969 -7.028951 7.017866 -7.018857 7.018884 -7.018884 7.018857 -7.017866 7.028951 -7.148969 0.000000 7.018857
49.500000 7.151094 -7.031629 7.020546 -7.021529 7.021557 -7.021557 7.021529 -7.020546 7.031629 -7.151094 0.000000 7.021529
49.600000 7.153205 -7.034292 7.023210 -7.024186 7.024215 -7.024215 7.024186 -7.023210 7.034292 -7.153205 0.000000 7.024186
49.700000 7.155304 -7.036940 7.025860 -7.026829 7.026858 -7.026859 7.026829 -7.025860 7.036940 -7.155304 0.000000 7.026829
49.800000 7.157390 -7.039573 7.028495 -7.029457 7.029487 -7.029487 7.029457 -7.028495 7.039573 -7.157390 0.000000 7.029457
49.900000 7.159463 -7.042192 7.031116 -7.032070 7.032101 -7.032101 7.032070 -7.031116 7.042192 -7.159463 0.000000 7.032070
50.000000 7.161524 -7.044795 7.033722 -7.034669 7.034701 -7.034701 7.034669 -7.033722 7.044795 -7.161524 0.000000 7.034669
50.100000 7.163572 -7.047384 7.036313 -7.037253 7.037286 -7.037286 7.037253 -7.036314 7.047384 -7.163572 0.000000 7.037253
50.200000 7.165607 -7.049958 7.038891 -7.039823 7.039857 -7.039857 7.039823 -7.038891 7.049958 -7.165607 0.000000 7.039823
50.300000 7.167630 -7.052517 7.041454 -7.042378 7.042413 -7.042413 7.042379 -7.041454 7.052517 -7.167630 0.000000 7.042379
50.400000 7.169640 -7.055062 7.044002 -7.044920 7.044955 -7.044955 7.044920 -7.044002 7.055062 -7.169640 0.000000 7.044920
50.500000 7.171639 -7.057593 7.046537 -7.047447 7.047483 -7.047483 7.047447 -7.046537 7.057593 -7.171639 0.000000 7.047447
50.600000 7.173624 -7.060109 7.049057 -7.049960 7.049997 -7.049998 7.049961 -7.049057 7.060109 -7.173625 0.000000 7.049961
50.700000 7.175598 -7.062611 7.051564 -7.052460 7.052497 -7.052498 7.052460 -7.051564 7.062611 -7.175598 0.000000 7.052460
50.800000 7.177560 -7.065099 7.054056 -7.054945 7.054984 -7.054984 7.054945 -7.054057 7.065099 -7.177560 0.000000 7.054945
50.900000 7.179510 -7.067573 7.056535 -7.057417 7.057456 -7.057456 7.057417 -7.056535 7.067573 -7.179510 0.000000 7.057417
51.000000 7.181448 -7.070032 7.059000 -7.059875 7.059915 -7.059915 7.059875 -7.059001 7.070033 -7.181448 0.000000 7.059875
51.100000 7.183374 -7.072478 7.061452 -7.062319 7.062360 -7.062360 7.062319 -7.061452 7.072478 -7.183374 0.000000 7.062319
51.200000 7.185288 -7.074910 7.063890 -7.064750 7.064791 -7.064791 7.064750 -7.063890 7.074910 -7.185288 0.000000 7.064750
51.300000 7.187190 -7.077329 7.066314 -7.067167 7.067209 -7.067209 7.067167 -7.066314 7.077329 -7.187190 0.000000 7.067167
51.400000 7.189081 -7.079733 7.068725 -7.069571 7.069614 -7.069614 7.069571 -7.068725 7.079733 -7.189081 0.000000 7.069571
51.500000 7.190960 -7.082124 7.071122 -7.071961 7.072005 -7.072005 7.071961 -7.071122 7.082124 -7.190961 0.000000 7.071961
51.600000 7.192828 -7.084501 7.073506 -7.074338 7.074382 -7.074383 7.074338 -7.073507 7.084502 -7.192828 0.000000 7.074338
51.700000 7.194685 -7.086865 7.075877 -7.076702 7.076747 -7.076747 7.076702 -7.075878 7.086866 -7.194685 0.000000 7.076702
51.800000 7.196530 -7.089216 7.078235 -7.079053 7.079099 -7.079099 7.079053 -7.078235 7.089216 -7.196530 0.000000 7.079053
51.900000 7.198363 -7.091553 7.080580 -7.081391 7.081437 -7.081437 7.081391 -7.080580 7.091553 -7.198363 0.000000 7.081391
52.000000 7.200186 -7.093877 7.082912 -7.083715 7.083762 -7.083763 7.083716 -7.082912 7.093877 -7.200186 0.000000 7.083716
52.100000 7.201997 -7.096188 7.085231 -7.086027 7.086075 -7.086075 7.086027 -7.085231 7.096188 -7.201997 0.000000 7.086027
52.200000 7.203798 -7.098486 7.087537 -7.088326 7.088375 -7.088375 7.088326 -7.087537 7.098486 -7.203798 0.000000 7.088326
52.300000 7.205587 -7.100771 7.089830 -7.090613 7.090661 -7.090662 7.090613 -7.089830 7.100771 -7.205587 0.000000 7.090613
52.400000 7.207365 -7.103042 7.092110 -7.092886 7.092936 -7.092936 7.092886 -7.092110 7.103042 -7.207366 0.000000 7.092886
52.500000 7.209133 -7.105301 7.094378 -7.095147 7.095197 -7.095197 7.095147 -7.094378 7.105301 -7.209133 0.000000 7.095147
52.600000 7.210890 -7.107547 7.096633 -7.097395 7.097446 -7.097446 7.097395 -7.096633 7.107548 -7.210890 0.000000 7.097395
52.700000 7.212636 -7.109781 7.098876 -7.099631 7.099683 -7.099683 7.099631 -7.098876 7.109781 -7.212636 0.000000 7.099631
52.800000 7.214371 -7.112002 7.101106 -7.101855 7.101907 -7.101907 7.101855 -7.101106 7.112002 -7.214371 0.000000 7.101855
52.900000 7.216096 -7.114210 7.103324 -7.104066 7.104118 -7.104119 7.104066 -7.103324 7.114210 -7.216096 0.000000 7.104066
53.000000 7.217810 -7.116405 7.105530 -7.106265 7.106318 -7.106318 7.106265 -7.105530 7.116406 -7.217810 0.000000 7.106265
53.100000 7.219514 -7.118589 7.107723 -7.108451 7.108505 -7.108505 7.108451 -7.107723 7.118589 -7.219514 0.000000 7.108451
53.200000 7.221207 -7.120759 7.109904 -7.110626 7.110680 -7.110680 7.110626 -7.109904 7.120760 -7.221207 0.000000 7.110626
53.300000 7.222890 -7.122918 7.112073 -7.112788 7.112843 -7.112843 7.112788 -7.112074 7.122918 -7.222890 0.000000 7.112788
53.400000 7.224563 -7.125064 7.114231 -7.114938 7.114994 -7.114994 7.114938 -7.114231 7.125065 -7.224563 0.000000 7.114938
53.500000 7.226225 -7.127199 7.116376 -7.117077 7.117133 -7.117133 7.117077 -7.116376 7.127199 -7.226226 0.000000 7.117077
53.600000 7.227878 -7.129321 7.118509 -7.119203 7.119260 -7.119260 7.119203 -7.118509 7.129321 -7.227878 0.000000 7.119203
53.700000 7.229520 -7.131431 7.120630 -7.121318 7.121375 -7.121375 7.121318 -7.120630 7.131431 -7.229520 0.000000 7.121318
53.800000 7.231152 -7.133529 7.122740 -7.123421 7.123479 -7.123479 7.123421 -7.122740 7.133529 -7.231152 0.000000 7.123421
53.900000 7.232775 -7.135615 7.124838 -7.125512 7.125571 -7.125571 7.125512 -7.124838 7.135615 -7.232775 0.000000 7.125512
54.000000 7.234387 -7.137689 7.126924 -7.127592 7.127651 -7.127651 7.127592 -7.126924 7.137689 -7.234387 0.000000 7.127592
54.100000 7.235990 -7.139752 7.128999 -7.129660 7.129720 -7.129720 7.129660 -7.128999 7.139752 -7.235990 0.000000 7.129660
54.200000 7.237582 -7.141803 7.131062 -7.131717 7.131777 -7.131777 7.131717 -7.131062 7.141803 -7.237583 0.000000 7.131717
54.300000 7.239166 -7.143842 7.133114 -7.133762 7.133822 -7.133823 7.133762 -7.133114 7.143842 -7.239166 0.000000 7.133762
54.400000 7.240739 -7.145870 7.135154 -7.135796 7.135857 -7.135857 7.135796 -7.135154 7.145870 -7.240739 0.000000 7.135796
54.500000 7.242303 -7.147886 7.137183 -7.137819 7.137880 -7.137880 7.137819 -7.137183 7.147886 -7.242303 0.000000 7.137819
54.600000 7.243857 -7.149891 7.139201 -7.139830 7.139892 -7.139892 7.139830 -7.139201 7.149891 -7.243857 0.000000 7.139830
54.700000 7.245402 -7.151884 7.141208 -7.141830 7.141892 -7.141893 7.141830 -7.141208 7.151884 -7.245402 0.000000 7.141830
54.800000 7.246937 -7.153866 7.143203 -7.143819 7.143882 -7.143882 7.143819 -7.143203 7.153867 -7.246937 0.000000 7.143819
54.900000 7.248463 -7.155837 7.145188 -7.145797 7.145860 -7.145861 7.145797 -7.145188 7.155837 -7.248463 0.000000 7.145797
55.000000 7.249980 -7.157797 7.147161 -7.147764 7.147828 -7.147828 7.147764 -7.147161 7.157797 -7.249980 0.000000 7.147764
55.100000 7.251488 -7.159746 7.149123 -7.149720 7.149784 -7.149785 7.149720 -7.149124 7.159746 -7.251488 0.000000 7.149720
55.200000 7.252986 -7.161683 7.151075 -7.151666 7.151730 -7.151730 7.151666 -7.151075 7.161683 -7.252986 0.000000 7.151666
55.300000 7.254475 -7.163610 7.153016 -7.153600 7.153665 -7.153665 7.153600 -7.153016 7.163610 -7.254475 0.000000 7.153600
55.400000 7.255955 -7.165525 7.154946 -7.155524 7.155589 -7.155589 7.155524 -7.154946 7.165525 -7.255955 0.000000 7.155524
55.500000 7.257426 -7.167430 7.156865 -7.157437 7.157503 -7.157503 7.157437 -7.156865 7.167430 -7.257426 0.000000 7.157437
55.600000 7.258888 -7.169324 7.158774 -7.159339 7.159405 -7.159406 7.159339 -7.158774 7.169324 -7.258888 0.000000 7.159339
55.700000 7.260341 -7.171207 7.160672 -7.161231 7.161298 -7.161298 7.161231 -7.160672 7.171207 -7.260342 0.000000 7.161231
55.800000 7.261786 -7.173080 7.162559 -7.163112 7.163179 -7.163180 7.163112 -7.162559 7.173080 -7.261786 0.000000 7.163112
55.900000 7.263221 -7.174942 7.164436 -7.164983 7.165051 -7.165051 7.164983 -7.164436 7.174942 -7.263221 0.000000 7.164983
56.000000 7.264648 -7.176793 7.166303 -7.166844 7.166912 -7.166912 7.166844 -7.166303 7.176793 -7.264648 0.000000 7.166844
56.100000 7.266066 -7.178634 7.168159 -7.168694 7.168762 -7.168762 7.168694 -7.168159 7.178634 -7.266066 0.000000 7.168694
56.200000 7.267476 -7.180464 7.170005 -7.170534 7.170602 -7.170602 7.170534 -7.170005 7.180464 -7.267476 0.000000 7.170534
56.300000 7.268877 -7.182284 7.171841 -7.172363 7.172432 -7.172432 7.172363 -7.171841 7.182285 -7.268877 0.000000 7.172363
56.400000 7.270269 -7.184094 7.173666 -7.174183 7.174252 -7.174252 7.174183 -7.173667 7.184094 -7.270269 0.000000 7.174183
56.500000 7.271653 -7.185894 7.175482 -7.175992 7.176062 -7.176062 7.175992 -7.175482 7.185894 -7.271653 0.000000 7.175992
56.600000 7.273028 -7.187683 7.177287 -7.177791 7.177862 -7.177862 7.177792 -7.177287 7.187683 -7.273028 0.000000 7.177792
56.700000 7.274395 -7.189462 7.179082 -7.179581 7.179651 -7.179651 7.179581 -7.179083 7.189462 -7.274395 0.000000 7.179581
56.800000 7.275754 -7.191231 7.180868 -7.181360 7.181431 -7.181431 7.181360 -7.180868 7.191231 -7.275754 0.000000 7.181360
56.900000 7.277105 -7.192990 7.182643 -7.183130 7.183201 -7.183201 7.183130 -7.182643 7.192990 -7.277105 0.000000 7.183130
57.000000 7.278447 -7.194739 7.184409 -7.184889 7.184961 -7.184961 7.184890 -7.184409 7.194739 -7.278447 0.000000 7.184890
57.100000 7.279781 -7.196478 7.186165 -7.186639 7.186711 -7.186711 7.186639 -7.186165 7.196478 -7.279781 0.000000 7.186639
57.200000 7.281107 -7.198207 7.187911 -7.188380 7.188452 -7.188452 7.188380 -7.187911 7.198207 -7.281107 0.000000 7.188380
57.300000 7.282425 -7.199926 7.189647 -7.190110 7.190183 -7.190183 7.190110 -7.189647 7.199926 -7.282425 0.000000 7.190110
57.400000 7.283735 -7.201636 7.191374 -7.191831 7.191904 -7.191904 7.191831 -7.191374 7.201636 -7.283735 0.000000 7.191831
57.500000 7.285037 -7.203336 7.193091 -7.193542 7.193616 -7.193616 7.193543 -7.193091 7.203336 -7.285037 0.000000 7.193543
57.600000 7.286331 -7.205026 7.194799 -7.195244 7.195318 -7.195318 7.195244 -7.194799 7.205026 -7.286331 0.000000 7.195244
57.700000 7.287617 -7.206707 7.196497 -7.196937 7.197010 -7.197011 7.196937 -7.196497 7.206707 -7.287617 0.000000 7.196937
57.800000 7.288895 -7.208378 7.198185 -7.198620 7.198694 -7.198694 7.198620 -7.198186 7.208378 -7.288895 0.000000 7.198620
57.900000 7.290166 -7.210039 7.199865 -7.200293 7.200368 -7.200368 7.200293 -7.199865 7.210039 -7.290166 0.000000 7.200293
58.000000 7.291428 -7.211691 7.201535 -7.201958 7.202032 -7.202032 7.201958 -7.201535 7.211691 -7.291428 0.000000 7.201958
58.100000 7.292683 -7.213334 7.203196 -7.203613 7.203688 -7.203688 7.203613 -7.203196 7.213334 -7.292684 0.000000 7.203613
58.200000 7.293931 -7.214968 7.204847 -7.205259 7.205334 -7.205334 7.205259 -7.204847 7.214968 -7.293931 0.000000 7.205259
58.300000 7.295171 -7.216592 7.206490 -7.206896 7.206971 -7.206971 7.206896 -7.206490 7.216592 -7.295171 0.000000 7.206896
58.400000 7.296403 -7.218207 7.208123 -7.208523 7.208599 -7.208599 7.208523 -7.208123 7.218207 -7.296403 0.000000 7.208523
58.500000 7.297628 -7.219813 7.209747 -7.210142 7.210218 -7.210218 7.210142 -7.209747 7.219813 -7.297628 0.000000 7.210142
58.600000 7.298845 -7.221409 7.211362 -7.211752 7.211828 -7.211828 7.211752 -7.211362 7.221409 -7.298846 0.000000 7.211752
58.700000 7.300055 -7.222997 7.212968 -7.213352 7.213429 -7.213429 7.213353 -7.212969 7.222997 -7.300056 0.000000 7.213353
58.800000 7.301258 -7.224575 7.214566 -7.214944 7.215021 -7.215021 7.214944 -7.214566 7.224576 -7.301258 0.000000 7.214944
58.900000 7.302453 -7.226145 7.216154 -7.216527 7.216604 -7.216604 7.216527 -7.216154 7.226145 -7.302454 0.000000 7.216527
59.000000 7.303642 -7.227706 7.217734 -7.218102 7.218179 -7.218179 7.218102 -7.217734 7.227706 -7.303642 0.000000 7.218102
59.100000 7.304822 -7.229258 7.219305 -7.219667 7.219744 -7.219744 7.219667 -7.219305 7.229258 -7.304823 0.000000 7.219667
59.200000 7.305996 -7.230801 7.220867 -7.221224 7.221301 -7.221301 7.221224 -7.220867 7.230801 -7.305996 0.000000 7.221224
59.300000 7.307163 -7.232335 7.222420 -7.222772 7.222850 -7.222850 7.222772 -7.222420 7.232335 -7.307163 0.000000 7.222772
59.400000 7.308322 -7.233861 7.223965 -7.224312 7.224389 -7.224390 7.224312 -7.223965 7.233861 -7.308322 0.000000 7.224312
59.500000 7.309475 -7.235377 7.225501 -7.225842 7.225921 -7.225921 7.225843 -7.225501 7.235378 -7.309475 0.000000 7.225843
59.600000 7.310620 -7.236886 7.227029 -7.227365 7.227443 -7.227443 7.227365 -7.227029 7.236886 -7.310620 0.000000 7.227365
59.700000 7.311758 -7.238385 7.228548 -7.228879 7.228957 -7.228958 7.228879 -7.228548 7.238386 -7.311759 0.000000 7.228879
59.800000 7.312890 -7.239877 7.230059 -7.230385 7.230463 -7.230463 7.230385 -7.230059 7.239877 -7.312890 0.000000 7.230385
59.900000 7.314015 -7.241359 7.231562 -7.231882 7.231961 -7.231961 7.231882 -7.231562 7.241359 -7.314015 0.000000 7.231882
60.000000 7.315133 -7.242834 7.233056 -7.233371 7.233450 -7.233450 7.233371 -7.233056 7.242834 -7.315133 0.000000 7.233371
60.100000 7.316244 -7.244300 7.234541 -7.234852 7.234931 -7.234931 7.234852 -7.234542 7.244300 -7.316244 0.000000 7.234852
60.200000 7.317348 -7.245757 7.236019 -7.236324 7.236403 -7.236403 7.236324 -7.236019 7.245757 -7.317348 0.000000 7.236324
60.300000 7.318446 -7.247207 7.237488 -7.237788 7.237868 -7.237868 7.237788 -7.237488 7.247207 -7.318446 0.000000 7.237788
60.400000 7.319536 -7.248648 7.238950 -7.239244 7.239324 -7.239324 7.239245 -7.238950 7.248648 -7.319537 0.000000 7.239245
60.500000 7.320621 -7.250080 7.240403 -7.240693 7.240772 -7.240772 7.240693 -7.240403 7.250081 -7.320621 0.000000 7.240693
60.600000 7.321699 -7.251505 7.241848 -7.242133 7.242212 -7.242213 7.242133 -7.241848 7.251505 -7.321699 0.000000 7.242133
60.700000 7.322770 -7.252922 7.243285 -7.243565 7.243645 -7.243645 7.243565 -7.243285 7.252922 -7.322770 0.000000 7.243565
60.800000 7.323834 -7.254330 7.244714 -7.244989 7.245069 -7.245069 7.244989 -7.244714 7.254331 -7.323835 0.000000 7.244989
60.900000 7.324893 -7.255731 7.246135 -7.246405 7.246485 -7.246485 7.246405 -7.246135 7.255731 -7.324893 0.000000 7.246405
61.000000 7.325945 -7.257124 7.247548 -7.247813 7.247894 -7.247894 7.247813 -7.247548 7.257124 -7.325945 0.000000 7.247813
61.100000 7.326990 -7.258508 7.248953 -7.249214 7.249294 -7.249294 7.249214 -7.248953 7.258509 -7.326990 0.000000 7.249214
61.200000 7.328029 -7.259885 7.250351 -7.250606 7.250687 -7.250687 7.250606 -7.250351 7.259885 -7.328029 0.000000 7.250606
61.300000 7.329062 -7.261254 7.251741 -7.251991 7.252072 -7.252072 7.251991 -7.251741 7.261254 -7.329062 0.000000 7.251991
61.400000 7.330088 -7.262616 7.253123 -7.253369 7.253449 -7.253450 7.253369 -7.253123 7.262616 -7.330088 0.000000 7.253369
61.500000 7.331109 -7.263969 7.254497 -7.254738 7.254819 -7.254819 7.254738 -7.254497 7.263969 -7.331109 0.000000 7.254738
61.600000 7.332123 -7.265315 7.255864 -7.256100 7.256181 -7.256181 7.256100 -7.255864 7.265315 -7.332123 0.000000 7.256100
61.700000 7.333131 -7.266653 7.257223 -7.257455 7.257536 -7.257536 7.257455 -7.257223 7.266653 -7.333131 0.000000 7.257455
61.800000 7.334133 -7.267984 7.258575 -7.258802 7.258883 -7.258883 7.258802 -7.258575 7.267984 -7.334133 0.000000 7.258802
61.900000 7.335128 -7.269307 7.259919 -7.260141 7.260222 -7.260223 7.260141 -7.259919 7.269307 -7.335128 0.000000 7.260141
62.000000 7.336118 -7.270622 7.261255 -7.261473 7.261555 -7.261555 7.261473 -7.261255 7.270622 -7.336118 0.000000 7.261473
62.100000 7.337102 -7.271930 7.262585 -7.262798 7.262879 -7.262879 7.262798 -7.262585 7.271930 -7.337102 0.000000 7.262798
62.200000 7.338080 -7.273231 7.263906 -7.264115 7.264197 -7.264197 7.264115 -7.263907 7.273231 -7.338080 0.000000 7.264115
62.300000 7.339051 -7.274524 7.265221 -7.265425 7.265507 -7.265507 7.265425 -7.265221 7.274524 -7.339051 0.000000 7.265425
62.400000 7.340017 -7.275810 7.266528 -7.266728 7.266809 -7.266810 7.266728 -7.266528 7.275810 -7.340017 0.000000 7.266728
62.500000 7.340977 -7.277088 7.267828 -7.268023 7.268105 -7.268105 7.268023 -7.267828 7.277088 -7.340978 0.000000 7.268023
62.600000 7.341932 -7.278359 7.269121 -7.269311 7.269393 -7.269393 7.269312 -7.269121 7.278359 -7.341932 0.000000 7.269312
62.700000 7.342880 -7.279623 7.270406 -7.270593 7.270674 -7.270675 7.270593 -7.270406 7.279623 -7.342880 0.000000 7.270593
62.800000 7.343823 -7.280880 7.271685 -7.271867 7.271948 -7.271949 7.271867 -7.271685 7.280880 -7.343823 0.000000 7.271867
62.900000 7.344760 -7.282130 7.272956 -7.273133 7.273215 -7.273215 7.273134 -7.272956 7.282130 -7.344760 0.000000 7.273134
63.000000 7.345691 -7.283372 7.274220 -7.274393 7.274475 -7.274475 7.274393 -7.274220 7.283372 -7.345691 0.000000 7.274393
63.100000 7.346617 -7.284608 7.275478 -7.275646 7.275728 -7.275728 7.275646 -7.275478 7.284608 -7.346617 0.000000 7.275646
63.200000 7.347537 -7.285836 7.276728 -7.276892 7.276974 -7.276974 7.276892 -7.276728 7.285836 -7.347537 0.000000 7.276892
63.300000 7.348452 -7.287058 7.277971 -7.278131 7.278213 -7.278213 7.278131 -7.277971 7.287058 -7.348452 0.000000 7.278131
63.400000 7.349361 -7.288272 7.279208 -7.279363 7.279445 -7.279445 7.279363 -7.279208 7.288272 -7.349361 0.000000 7.279363
63.500000 7.350264 -7.289480 7.280437 -7.280589 7.280671 -7.280671 7.280589 -7.280437 7.289480 -7.350264 0.000000 7.280589
63.600000 7.351162 -7.290681 7.281660 -7.281807 7.281889 -7.281889 7.281807 -7.281660 7.290681 -7.351162 0.000000 7.281807
63.700000 7.352055 -7.291875 7.282876 -7.283019 7.283101 -7.283101 7.283019 -7.282876 7.291875 -7.352055 0.000000 7.283019
63.800000 7.352942 -7.293062 7.284085 -7.284224 7.284306 -7.284306 7.284224 -7.284085 7.293062 -7.352942 0.000000 7.284224
63.900000 7.353824 -7.294242 7.285287 -7.285422 7.285504 -7.285504 7.285422 -7.285287 7.294242 -7.353824 0.000000 7.285422
64.000000 7.354700 -7.295416 7.286483 -7.286614 7.286696 -7.286696 7.286614 -7.286483 7.295416 -7.354700 0.000000 7.286614
64.100000 7.355571 -7.296583 7.287672 -7.287799 7.287881 -7.287881 7.287799 -7.287672 7.296583 -7.355571 0.000000 7.287799
64.200000 7.356437 -7.297743 7.288855 -7.288977 7.289059 -7.289059 7.288977 -7.288855 7.297743 -7.356437 0.000000 7.288977
64.300000 7.357298 -7.298897 7.290031 -7.290149 7.290231 -7.290231 7.290149 -7.290031 7.298897 -7.357298 0.000000 7.290149
64.400000 7.358153 -7.300044 7.291200 -7.291314 7.291397 -7.291397 7.291315 -7.291200 7.300044 -7.358153 0.000000 7.291315
64.500000 7.359003 -7.301185 7.292363 -7.292473 7.292555 -7.292556 7.292473 -7.292363 7.301185 -7.359003 0.000000 7.292473
64.600000 7.359848 -7.302319 7.293519 -7.293626 7.293708 -7.293708 7.293626 -7.293519 7.302319 -7.359849 0.000000 7.293626
64.700000 7.360688 -7.303447 7.294669 -7.294772 7.294854 -7.294854 7.294772 -7.294670 7.303447 -7.360689 0.000000 7.294772
64.800000 7.361523 -7.304568 7.295813 -7.295912 7.295994 -7.295994 7.295912 -7.295813 7.304568 -7.361523 0.000000 7.295912
64.900000 7.362353 -7.305683 7.296950 -7.297045 7.297127 -7.297127 7.297045 -7.296950 7.305683 -7.362353 0.000000 7.297045
65.000000 7.363178 -7.306791 7.298081 -7.298172 7.298254 -7.298254 7.298172 -7.298081 7.306792 -7.363178 0.000000 7.298172
65.100000 7.363998 -7.307894 7.299206 -7.299293 7.299375 -7.299375 7.299293 -7.299206 7.307894 -7.363998 0.000000 7.299293
65.200000 7.364813 -7.308990 7.300324 -7.300408 7.300490 -7.300490 7.300408 -7.300325 7.308990 -7.364813 0.000000 7.300408
65.300000 7.365623 -7.310079 7.301437 -7.301516 7.301598 -7.301598 7.301516 -7.301437 7.310080 -7.365623 0.000000 7.301516
65.400000 7.366428 -7.311163 7.302543 -7.302618 7.302700 -7.302700 7.302618 -7.302543 7.311163 -7.366428 0.000000 7.302618
65.500000 7.367228 -7.312240 7.303643 -7.303714 7.303796 -7.303796 7.303715 -7.303643 7.312241 -7.367228 0.000000 7.303715
65.600000 7.368023 -7.313312 7.304736 -7.304805 7.304886 -7.304886 7.304805 -7.304736 7.313312 -7.368023 0.000000 7.304805
65.700000 7.368814 -7.314377 7.305824 -7.305889 7.305970 -7.305970 7.305889 -7.305824 7.314377 -7.368814 0.000000 7.305889
65.800000 7.369599 -7.315436 7.306906 -7.306967 7.307048 -7.307048 7.306967 -7.306906 7.315436 -7.369600 0.000000 7.306967
65.900000 7.370380 -7.316489 7.307981 -7.308039 7.308120 -7.308120 7.308039 -7.307982 7.316489 -7.370381 0.000000 7.308039
66.000000 7.371157 -7.317536 7.309051 -7.309105 7.309186 -7.309186 7.309105 -7.309051 7.317536 -7.371157 0.000000 7.309105
66.100000 7.371928 -7.318577 7.310115 -7.310165 7.310246 -7.310246 7.310165 -7.310115 7.318577 -7.371928 0.000000 7.310165
66.200000 7.372695 -7.319612 7.311173 -7.311219 7.311300 -7.311300 7.311219 -7.311173 7.319613 -7.372695 0.000000 7.311219
66.300000 7.373457 -7.320642 7.312225 -7.312267 7.312349 -7.312349 7.312267 -7.312225 7.320642 -7.373458 0.000000 7.312267
66.400000 7.374215 -7.321665 7.313271 -7.313310 7.313391 -7.313391 7.313310 -7.313271 7.321665 -7.374215 0.000000 7.313310
66.500000 7.374968 -7.322683 7.314311 -7.314347 7.314428 -7.314428 7.314347 -7.314311 7.322683 -7.374968 0.000000 7.314347
66.600000 7.375717 -7.323695 7.315346 -7.315378 7.315459 -7.315459 7.315378 -7.315346 7.323695 -7.375717 0.000000 7.315378
66.700000 7.376461 -7.324701 7.316374 -7.316403 7.316484 -7.316484 7.316403 -7.316374 7.324701 -7.376461 0.000000 7.316403
66.800000 7.377200 -7.325701 7.317397 -7.317423 7.317504 -7.317504 7.317423 -7.317397 7.325701 -7.377200 0.000000 7.317423
66.900000 7.377935 -7.326696 7.318415 -7.318437 7.318517 -7.318518 7.318437 -7.318415 7.326696 -7.377935 0.000000 7.318437
67.000000 7.378666 -7.327685 7.319426 -7.319445 7.319526 -7.319526 7.319445 -7.319427 7.327685 -7.378666 0.000000 7.319445
67.100000 7.379392 -7.328668 7.320433 -7.320448 7.320528 -7.320528 7.320448 -7.320433 7.328668 -7.379392 0.000000 7.320448
67.200000 7.380114 -7.329646 7.321433 -7.321445 7.321525 -7.321525 7.321445 -7.321433 7.329646 -7.380114 0.000000 7.321445
67.300000 7.380831 -7.330618 7.322428 -7.322436 7.322517 -7.322517 7.322437 -7.322428 7.330618 -7.380831 0.000000 7.322437
67.400000 7.381545 -7.331585 7.323417 -7.323423 7.323503 -7.323503 7.323423 -7.323417 7.331585 -7.381545 0.000000 7.323423
67.500000 7.382253 -7.332546 7.324401 -7.324403 7.324483 -7.324483 7.324403 -7.324401 7.332546 -7.382253 0.000000 7.324403
67.600000 7.382958 -7.333501 7.325380 -7.325378 7.325458 -7.325459 7.325378 -7.325380 7.333502 -7.382958 0.000000 7.325378
67.700000 7.383658 -7.334452 7.326353 -7.326348 7.326428 -7.326428 7.326348 -7.326353 7.334452 -7.383658 0.000000 7.326348
67.800000 7.384354 -7.335397 7.327320 -7.327313 7.327392 -7.327392 7.327313 -7.327320 7.335397 -7.384354 0.000000 7.327313
67.900000 7.385046 -7.336336 7.328283 -7.328272 7.328351 -7.328351 7.328272 -7.328283 7.336336 -7.385046 0.000000 7.328272
68.000000 7.385734 -7.337270 7.329239 -7.329225 7.329305 -7.329305 7.329225 -7.329239 7.337270 -7.385734 0.000000 7.329225
68.100000 7.386417 -7.338199 7.330191 -7.330174 7.330253 -7.330253 7.330174 -7.330191 7.338199 -7.386417 0.000000 7.330174
68.200000 7.387097 -7.339122 7.331137 -7.331117 7.331196 -7.331196 7.331117 -7.331137 7.339122 -7.387097 0.000000 7.331117
68.300000 7.387772 -7.340041 7.332078 -7.332055 7.332134 -7.332134 7.332055 -7.332078 7.340041 -7.387772 0.000000 7.332055
68.400000 7.388443 -7.340954 7.333014 -7.332987 7.333067 -7.333067 7.332988 -7.333014 7.340954 -7.388443 0.000000 7.332988
68.500000 7.389110 -7.341861 7.333945 -7.333915 7.333994 -7.333994 7.333915 -7.333945 7.341861 -7.389110 0.000000 7.333915
68.600000 7.389773 -7.342764 7.334870 -7.334837 7.334916 -7.334916 7.334837 -7.334870 7.342764 -7.389773 0.000000 7.334837
68.700000 7.390432 -7.343661 7.335790 -7.335755 7.335833 -7.335833 7.335755 -7.335790 7.343662 -7.390432 0.000000 7.335755
68.800000 7.391088 -7.344554 7.336705 -7.336667 7.336745 -7.336745 7.336667 -7.336705 7.344554 -7.391088 0.000000 7.336667
68.900000 7.391739 -7.345441 7.337615 -7.337574 7.337652 -7.337652 7.337574 -7.337615 7.345441 -7.391739 0.000000 7.337574
69.000000 7.392386 -7.346323 7.338520 -7.338476 7.338554 -7.338554 7.338476 -7.338520 7.346323 -7.392386 0.000000 7.338476
69.100000 7.393029 -7.347201 7.339420 -7.339373 7.339451 -7.339451 7.339373 -7.339420 7.347201 -7.393029 0.000000 7.339373
69.200000 7.393669 -7.348073 7.340315 -7.340265 7.340343 -7.340343 7.340265 -7.340315 7.348073 -7.393669 0.000000 7.340265
69.300000 7.394304 -7.348940 7.341205 -7.341152 7.341230 -7.341230 7.341152 -7.341205 7.348940 -7.394305 0.000000 7.341152
69.400000 7.394936 -7.349802 7.342090 -7.342034 7.342112 -7.342112 7.342034 -7.342090 7.349802 -7.394936 0.000000 7.342034
69.500000 7.395564 -7.350660 7.342970 -7.342912 7.342989 -7.342989 7.342912 -7.342970 7.350660 -7.395564 0.000000 7.342912
69.600000 7.396188 -7.351512 7.343846 -7.343784 7.343861 -7.343862 7.343784 -7.343846 7.351512 -7.396188 0.000000 7.343784
69.700000 7.396809 -7.352360 7.344716 -7.344652 7.344729 -7.344729 7.344652 -7.344716 7.352360 -7.396809 0.000000 7.344652
69.800000 7.397425 -7.353203 7.345581 -7.345514 7.345591 -7.345592 7.345514 -7.345582 7.353203 -7.397426 0.000000 7.345514
69.900000 7.398038 -7.354041 7.346442 -7.346372 7.346449 -7.346449 7.346372 -7.346442 7.354041 -7.398038 0.000000 7.346372
70.000000 7.398648 -7.354874 7.347298 -7.347226 7.347302 -7.347302 7.347226 -7.347298 7.354874 -7.398648 0.000000 7.347226
70.100000 7.399253 -7.355703 7.348149 -7.348074 7.348151 -7.348151 7.348074 -7.348149 7.355703 -7.399253 0.000000 7.348074
70.200000 7.399855 -7.356526 7.348996 -7.348918 7.348994 -7.348994 7.348918 -7.348996 7.356526 -7.399855 0.000000 7.348918
70.300000 7.400454 -7.357345 7.349837 -7.349757 7.349833 -7.349833 7.349757 -7.349838 7.357346 -7.400454 0.000000 7.349757
70.400000 7.401048 -7.358160 7.350674 -7.350591 7.350667 -7.350667 7.350591 -7.350675 7.358160 -7.401048 0.000000 7.350591
70.500000 7.401639 -7.358970 7.351507 -7.351421 7.351497 -7.351497 7.351421 -7.351507 7.358970 -7.401639 0.000000 7.351421
70.600000 7.402227 -7.359775 7.352335 -7.352246 7.352322 -7.352322 7.352246 -7.352335 7.359775 -7.402227 0.000000 7.352246
70.700000 7.402811 -7.360575 7.353158 -7.353067 7.353142 -7.353142 7.353067 -7.353158 7.360576 -7.402811 0.000000 7.353067
70.800000 7.403391 -7.361371 7.353976 -7.353883 7.353958 -7.353958 7.353883 -7.353976 7.361372 -7.403391 0.000000 7.353883
70.900000 7.403968 -7.362163 7.354790 -7.354694 7.354770 -7.354770 7.354694 -7.354790 7.362163 -7.403968 0.000000 7.354694
71.000000 7.404542 -7.362950 7.355600 -7.355501 7.355576 -7.355576 7.355501 -7.355600 7.362950 -7.404542 0.000000 7.355501
71.100000 7.405112 -7.363732 7.356405 -7.356304 7.356379 -7.356379 7.356304 -7.356405 7.363733 -7.405112 0.000000 7.356304
71.200000 7.405679 -7.364510 7.357205 -7.357102 7.357177 -7.357177 7.357102 -7.357205 7.364511 -7.405679 0.000000 7.357102
71.300000 7.406242 -7.365284 7.358001 -7.357896 7.357970 -7.357970 7.357896 -7.358002 7.365284 -7.406242 0.000000 7.357896
71.400000 7.406802 -7.366053 7.358793 -7.358685 7.358759 -7.358759 7.358685 -7.358793 7.366053 -7.406802 0.000000 7.358685
71.500000 7.407358 -7.366818 7.359580 -7.359470 7.359544 -7.359544 7.359470 -7.359580 7.366818 -7.407358 0.000000 7.359470
71.600000 7.407911 -7.367579 7.360363 -7.360250 7.360324 -7.360324 7.360250 -7.360363 7.367579 -7.407911 0.000000 7.360250
71.700000 7.408461 -7.368335 7.361142 -7.361026 7.361100 -7.361100 7.361026 -7.361142 7.368335 -7.408461 0.000000 7.361026
71.800000 7.409007 -7.369086 7.361916 -7.361798 7.361872 -7.361872 7.361798 -7.361916 7.369086 -7.409007 0.000000 7.361798
71.900000 7.409550 -7.369834 7.362686 -7.362566 7.362639 -7.362639 7.362566 -7.362686 7.369834 -7.409551 0.000000 7.362566
72.000000 7.410090 -7.370577 7.363451 -7.363329 7.363402 -7.363402 7.363329 -7.363451 7.370577 -7.410090 0.000000 7.363329
72.100000 7.410627 -7.371316 7.364213 -7.364088 7.364161 -7.364161 7.364088 -7.364213 7.371316 -7.410627 0.000000 7.364088
72.200000 7.411160 -7.372051 7.364970 -7.364843 7.364916 -7.364916 7.364843 -7.364970 7.372051 -7.411160 0.000000 7.364843
72.300000 7.411691 -7.372782 7.365723 -7.365593 7.365666 -7.365666 7.365593 -7.365723 7.372782 -7.411691 0.000000 7.365593
72.400000 7.412218 -7.373508 7.366471 -7.366340 7.366412 -7.366412 7.366340 -7.366471 7.373508 -7.412218 0.000000 7.366340
72.500000 7.412741 -7.374230 7.367216 -7.367082 7.367154 -7.367154 7.367082 -7.367216 7.374231 -7.412742 0.000000 7.367082
72.600000 7.413262 -7.374949 7.367956 -7.367820 7.367892 -7.367892 7.367820 -7.367956 7.374949 -7.413262 0.000000 7.367820
72.700000 7.413780 -7.375663 7.368693 -7.368555 7.368626 -7.368626 7.368555 -7.368693 7.375663 -7.413780 0.000000 7.368555
72.800000 7.414294 -7.376373 7.369425 -7.369285 7.369356 -7.369356 7.369285 -7.369425 7.376373 -7.414294 0.000000 7.369285
72.900000 7.414805 -7.377079 7.370153 -7.370011 7.370082 -7.370082 7.370011 -7.370153 7.377079 -7.414805 0.000000 7.370011
73.000000 7.415314 -7.377781 7.370877 -7.370733 7.370804 -7.370804 7.370733 -7.370877 7.377781 -7.415314 0.000000 7.370733
73.100000 7.415819 -7.378479 7.371597 -7.371450 7.371521 -7.371521 7.371451 -7.371597 7.378479 -7.415819 0.000000 7.371451
73.200000 7.416321 -7.379173 7.372313 -7.372164 7.372235 -7.372235 7.372164 -7.372313 7.379173 -7.416321 0.000000 7.372164
73.300000 7.416820 -7.379863 7.373025 -7.372874 7.372945 -7.372945 7.372874 -7.373025 7.379863 -7.416820 0.000000 7.372874
73.400000 7.417316 -7.380549 7.373733 -7.373580 7.373651 -7.373651 7.373581 -7.373733 7.380549 -7.417316 0.000000 7.373581
73.500000 7.417809 -7.381231 7.374437 -7.374283 7.374353 -7.374353 7.374283 -7.374437 7.381231 -7.417809 0.000000 7.374283
73.600000 7.418300 -7.381909 7.375138 -7.374981 7.375051 -7.375051 7.374981 -7.375138 7.381909 -7.418300 0.000000 7.374981
73.700000 7.418787 -7.382584 7.375834 -7.375675 7.375745 -7.375745 7.375675 -7.375834 7.382584 -7.418787 0.000000 7.375675
73.800000 7.419271 -7.383254 7.376526 -7.376366 7.376435 -7.376435 7.376366 -7.376526 7.383254 -7.419271 0.000000 7.376366
73.900000 7.419753 -7.383921 7.377215 -7.377052 7.377122 -7.377122 7.377052 -7.377215 7.383921 -7.419753 0.000000 7.377052
74.000000 7.420231 -7.384584 7.377900 -7.377735 7.377804 -7.377804 7.377735 -7.377900 7.384584 -7.420231 0.000000 7.377735
74.100000 7.420707 -7.385243 7.378581 -7.378414 7.378483 -7.378483 7.378414 -7.378581 7.385243 -7.420707 0.000000 7.378414
74.200000 7.421179 -7.385899 7.379258 -7.379090 7.379158 -7.379158 7.379090 -7.379258 7.385899 -7.421179 0.000000 7.379090
74.300000 7.421649 -7.386550 7.379931 -7.379761 7.379829 -7.379830 7.379761 -7.379931 7.386550 -7.421649 0.000000 7.379761
74.400000 7.422116 -7.387198 7.380601 -7.380429 7.380497 -7.380497 7.380429 -7.380601 7.387198 -7.422116 0.000000 7.380429
74.500000 7.422581 -7.387842 7.381267 -7.381093 7.381161 -7.381161 7.381093 -7.381267 7.387843 -7.422581 0.000000 7.381093
74.600000 7.423042 -7.388483 7.381929 -7.381753 7.381821 -7.381821 7.381753 -7.381929 7.388483 -7.423042 0.000000 7.381753
74.700000 7.423501 -7.389120 7.382588 -7.382410 7.382478 -7.382478 7.382410 -7.382588 7.389120 -7.423501 0.000000 7.382410
74.800000 7.423957 -7.389753 7.383243 -7.383063 7.383131 -7.383131 7.383063 -7.383243 7.389753 -7.423957 0.000000 7.383063
74.900000 7.424410 -7.390383 7.383894 -7.383713 7.383780 -7.383780 7.383713 -7.383894 7.390383 -7.424410 0.000000 7.383713
75.000000 7.424860 -7.391009 7.384541 -7.384359 7.384425 -7.384425 7.384359 -7.384542 7.391009 -7.424861 0.000000 7.384359
75.100000 7.425308 -7.391632 7.385185 -7.385001 7.385067 -7.385068 7.385001 -7.385186 7.391632 -7.425308 0.000000 7.385001
75.200000 7.425753 -7.392251 7.385826 -7.385640 7.385706 -7.385706 7.385640 -7.385826 7.392251 -7.425753 0.000000 7.385640
75.300000 7.426196 -7.392866 7.386463 -7.386275 7.386341 -7.386341 7.386275 -7.386463 7.392866 -7.426196 0.000000 7.386275
75.400000 7.426635 -7.393478 7.387096 -7.386906 7.386972 -7.386972 7.386907 -7.387096 7.393478 -7.426636 0.000000 7.386907
75.500000 7.427073 -7.394087 7.387726 -7.387535 7.387600 -7.387600 7.387535 -7.387726 7.394087 -7.427073 0.000000 7.387535
75.600000 7.427507 -7.394691 7.388352 -7.388159 7.388225 -7.388225 7.388159 -7.388352 7.394692 -7.427507 0.000000 7.388159
75.700000 7.427939 -7.395293 7.388975 -7.388780 7.388846 -7.388846 7.388780 -7.388975 7.395293 -7.427939 0.000000 7.388780
75.800000 7.428368 -7.395891 7.389594 -7.389398 7.389463 -7.389463 7.389398 -7.389594 7.395891 -7.428368 0.000000 7.389398
75.900000 7.428795 -7.396486 7.390210 -7.390012 7.390077 -7.390077 7.390013 -7.390210 7.396486 -7.428795 0.000000 7.390013
76.000000 7.429219 -7.397077 7.390823 -7.390623 7.390688 -7.390688 7.390623 -7.390823 7.397077 -7.429219 0.000000 7.390623
76.100000 7.429641 -7.397665 7.391432 -7.391231 7.391295 -7.391295 7.391231 -7.391432 7.397665 -7.429641 0.000000 7.391231
76.200000 7.430060 -7.398250 7.392037 -7.391835 7.391899 -7.391899 7.391835 -7.392038 7.398250 -7.430060 0.000000 7.391835
76.300000 7.430476 -7.398831 7.392640 -7.392436 7.392499 -7.392500 7.392436 -7.392640 7.398831 -7.430476 0.000000 7.392436
76.400000 7.430890 -7.399409 7.393239 -7.393033 7.393097 -7.393097 7.393033 -7.393239 7.399409 -7.430890 0.000000 7.393033
76.500000 7.431302 -7.399983 7.393834 -7.393627 7.393691 -7.393691 7.393627 -7.393834 7.399983 -7.431302 0.000000 7.393627
76.600000 7.431711 -7.400555 7.394427 -7.394218 7.394281 -7.394281 7.394218 -7.394427 7.400555 -7.431711 0.000000 7.394218
76.700000 7.432118 -7.401123 7.395016 -7.394806 7.394868 -7.394868 7.394806 -7.395016 7.401123 -7.432118 0.000000 7.394806
76.800000 7.432522 -7.401688 7.395601 -7.395390 7.395452 -7.395453 7.395390 -7.395601 7.401688 -7.432522 0.000000 7.395390
76.900000 7.432923 -7.402249 7.396184 -7.395971 7.396033 -7.396033 7.395971 -7.396184 7.402249 -7.432924 0.000000 7.395971
77.000000 7.433323 -7.402808 7.396763 -7.396549 7.396611 -7.396611 7.396549 -7.396763 7.402808 -7.433323 0.000000 7.396549
77.100000 7.433720 -7.403363 7.397339 -7.397123 7.397185 -7.397185 7.397123 -7.397339 7.403363 -7.433720 0.000000 7.397123
77.200000 7.434114 -7.403915 7.397912 -7.397695 7.397756 -7.397756 7.397695 -7.397912 7.403915 -7.434114 0.000000 7.397695
77.300000 7.434507 -7.404464 7.398481 -7.398263 7.398324 -7.398324 7.398263 -7.398481 7.404464 -7.434507 0.000000 7.398263
77.400000 7.434896 -7.405010 7.399048 -7.398828 7.398889 -7.398889 7.398828 -7.399048 7.405010 -7.434896 0.000000 7.398828
77.500000 7.435284 -7.405552 7.399611 -7.399390 7.399451 -7.399451 7.399390 -7.399611 7.405553 -7.435284 0.000000 7.399390
77.600000 7.435669 -7.406092 7.400171 -7.399949 7.400009 -7.400010 7.399949 -7.400171 7.406092 -7.435669 0.000000 7.399949
77.700000 7.436052 -7.406629 7.400728 -7.400505 7.400565 -7.400565 7.400505 -7.400728 7.406629 -7.436052 0.000000 7.400505
77.800000 7.436432 -7.407162 7.401282 -7.401057 7.401117 -7.401117 7.401057 -7.401282 7.407162 -7.436433 0.000000 7.401057
77.900000 7.436811 -7.407692 7.401833 -7.401607 7.401667 -7.401667 7.401607 -7.401833 7.407692 -7.436811 0.000000 7.401607
78.000000 7.437187 -7.408220 7.402381 -7.402153 7.402213 -7.402213 7.402153 -7.402381 7.408220 -7.437187 0.000000 7.402153
78.100000 7.437561 -7.408744 7.402926 -7.402697 7.402756 -7.402756 7.402697 -7.402926 7.408744 -7.437561 0.000000 7.402697
78.200000 7.437932 -7.409265 7.403467 -7.403237 7.403296 -7.403296 7.403237 -7.403467 7.409266 -7.437932 0.000000 7.403237
78.300000 7.438301 -7.409784 7.404006 -7.403775 7.403834 -7.403834 7.403775 -7.404006 7.409784 -7.438301 0.000000 7.403775
78.400000 7.438668 -7.410299 7.404542 -7.404309 7.404368 -7.404368 7.404309 -7.404542 7.410299 -7.438668 0.000000 7.404309
78.500000 7.439033 -7.410812 7.405074 -7.404841 7.404899 -7.404899 7.404841 -7.405074 7.410812 -7.439033 0.000000 7.404841
78.600000 7.439396 -7.411321 7.405604 -7.405369 7.405427 -7.405427 7.405369 -7.405604 7.411321 -7.439396 0.000000 7.405369
78.700000 7.439756 -7.411828 7.406131 -7.405895 7.405953 -7.405953 7.405895 -7.406131 7.411828 -7.439756 0.000000 7.405895
78.800000 7.440115 -7.412332 7.406655 -7.406418 7.406475 -7.406475 7.406418 -7.406655 7.412332 -7.440115 0.000000 7.406418
78.900000 7.440471 -7.412833 7.407176 -7.406937 7.406995 -7.406995 7.406937 -7.407176 7.412833 -7.440471 0.000000 7.406937
79.000000 7.440825 -7.413331 7.407694 -7.407454 7.407511 -7.407511 7.407454 -7.407694 7.413331 -7.440825 0.000000 7.407454
79.100000 7.441177 -7.413826 7.408209 -7.407968 7.408025 -7.408025 7.407968 -7.408209 7.413826 -7.441177 0.000000 7.407968
79.200000 7.441527 -7.414318 7.408721 -7.408480 7.408536 -7.408536 7.408480 -7.408721 7.414318 -7.441527 0.000000 7.408480
79.300000 7.441875 -7.414808 7.409231 -7.408988 7.409044 -7.409044 7.408988 -7.409231 7.414808 -7.441875 0.000000 7.408988
79.400000 7.442220 -7.415295 7.409737 -7.409493 7.409550 -7.409550 7.409494 -7.409737 7.415295 -7.442220 0.000000 7.409494
79.500000 7.442564 -7.415779 7.410241 -7.409996 7.410052 -7.410052 7.409996 -7.410241 7.415779 -7.442564 0.000000 7.409996
79.600000 7.442905 -7.416260 7.410742 -7.410496 7.410552 -7.410552 7.410496 -7.410742 7.416260 -7.442905 0.000000 7.410496
79.700000 7.443245 -7.416738 7.411240 -7.410993 7.411049 -7.411049 7.410993 -7.411240 7.416738 -7.443245 0.000000 7.410993
79.800000 7.443582 -7.417214 7.411736 -7.411488 7.411543 -7.411543 7.411488 -7.411736 7.417214 -7.443582 0.000000 7.411488
79.900000 7.443918 -7.417687 7.412228 -7.411979 7.412034 -7.412034 7.411979 -7.412228 7.417687 -7.443918 0.000000 7.411979
80.000000 7.444251 -7.418157 7.412718 -7.412468 7.412523 -7.412523 7.412468 -7.412718 7.418157 -7.444251 0.000000 7.412468
80.100000 7.444582 -7.418625 7.413205 -7.412954 7.413009 -7.413009 7.412955 -7.413205 7.418625 -7.444582 0.000000 7.412955
80.200000 7.444912 -7.419090 7.413690 -7.413438 7.413492 -7.413492 7.413438 -7.413690 7.419090 -7.444912 0.000000 7.413438
80.300000 7.445239 -7.419552 7.414171 -7.413919 7.413973 -7.413973 7.413919 -7.414172 7.419552 -7.445239 0.000000 7.413919
80.400000 7.445565 -7.420012 7.414651 -7.414397 7.414451 -7.414451 7.414397 -7.414651 7.420012 -7.445565 0.000000 7.414397
80.500000 7.445888 -7.420469 7.415127 -7.414872 7.414926 -7.414926 7.414872 -7.415127 7.420469 -7.445888 0.000000 7.414872
80.600000 7.446210 -7.420924 7.415601 -7.415345 7.415398 -7.415398 7.415345 -7.415601 7.420924 -7.446210 0.000000 7.415345
80.700000 7.446529 -7.421375 7.416072 -7.415816 7.415868 -7.415868 7.415816 -7.416072 7.421376 -7.446530 0.000000 7.415816
80.800000 7.446847 -7.421825 7.416540 -7.416283 7.416336 -7.416336 7.416283 -7.416540 7.421825 -7.446847 0.000000 7.416283
80.900000 7.447163 -7.422271 7.417006 -7.416748 7.416801 -7.416801 7.416748 -7.417006 7.422272 -7.447163 0.000000 7.416748
81.000000 7.447477 -7.422716 7.417470 -7.417211 7.417263 -7.417263 7.417211 -7.417470 7.422716 -7.447477 0.000000 7.417211
81.100000 7.447789 -7.423157 7.417930 -7.417671 7.417722 -7.417722 7.417671 -7.417930 7.423157 -7.447789 0.000000 7.417671
81.200000 7.448099 -7.423596 7.418388 -7.418128 7.418179 -7.418179 7.418128 -7.418388 7.423596 -7.448099 0.000000 7.418128
81.300000 7.448408 -7.424033 7.418844 -7.418583 7.418634 -7.418634 7.418583 -7.418844 7.424033 -7.448408 0.000000 7.418583
81.400000 7.448714 -7.424467 7.419297 -7.419035 7.419086 -7.419086 7.419035 -7.419297 7.424467 -7.448714 0.000000 7.419035
81.500000 7.449019 -7.424899 7.419748 -7.419485 7.419535 -7.419535 7.419485 -7.419748 7.424899 -7.449019 0.000000 7.419485
81.600000 7.449322 -7.425328 7.420196 -7.419932 7.419982 -7.419982 7.419932 -7.420196 7.425328 -7.449322 0.000000 7.419932
81.700000 7.449623 -7.425755 7.420641 -7.420377 7.420427 -7.420427 7.420377 -7.420641 7.425755 -7.449623 0.000000 7.420377
81.800000 7.449922 -7.426179 7.421084 -7.420819 7.420869 -7.420869 7.420819 -7.421084 7.426179 -7.449922 0.000000 7.420819
81.900000 7.450219 -7.426601 7.421525 -7.421259 7.421309 -7.421309 7.421259 -7.421525 7.426601 -7.450219 0.000000 7.421259
82.000000 7.450515 -7.427020 7.421963 -7.421696 7.421746 -7.421746 7.421696 -7.421963 7.427020 -7.450515 0.000000 7.421696
82.100000 7.450809 -7.427437 7.422399 -7.422131 7.422180 -7.422180 7.422131 -7.422399 7.427437 -7.450809 0.000000 7.422131
82.200000 7.451101 -7.427852 7.422832 -7.422564 7.422613 -7.422613 7.422564 -7.422832 7.427852 -7.451101 0.000000 7.422564
82.300000 7.451391 -7.428264 7.423263 -7.422994 7.423043 -7.423043 7.422994 -7.423263 7.428264 -7.451391 0.000000 7.422994
82.400000 7.451680 -7.428674 7.423691 -7.423422 7.423470 -7.423470 7.423422 -7.423691 7.428674 -7.451680 0.000000 7.423422
82.500000 7.451967 -7.429082 7.424117 -7.423847 7.423895 -7.423895 7.423847 -7.424117 7.429082 -7.451967 0.000000 7.423847
82.600000 7.452252 -7.429487 7.424541 -7.424270 7.424318 -7.424318 7.424270 -7.424541 7.429487 -7.452252 0.000000 7.424270
82.700000 7.452536 -7.429890 7.424962 -7.424691 7.424739 -7.424739 7.424691 -7.424962 7.429890 -7.452536 0.000000 7.424691
82.800000 7.452817 -7.430291 7.425381 -7.425109 7.425157 -7.425157 7.425109 -7.425381 7.430291 -7.452817 0.000000 7.425109
82.900000 7.453098 -7.430689 7.425798 -7.425525 7.425572 -7.425572 7.425525 -7.425798 7.430689 -7.453098 0.000000 7.425525
83.000000 7.453376 -7.431085 7.426212 -7.425939 7.425986 -7.425986 7.425939 -7.426212 7.431085 -7.453376 0.000000 7.425939
83.100000 7.453653 -7.431479 7.426624 -7.426350 7.426397 -7.426397 7.426350 -7.426624 7.431479 -7.453653 0.000000 7.426350
83.200000 7.453928 -7.431871 7.427034 -7.426759 7.426806 -7.426806 7.426759 -7.427034 7.431871 -7.453928 0.000000 7.426759
83.300000 7.454201 -7.432260 7.427441 -7.427166 7.427212 -7.427213 7.427166 -7.427441 7.432260 -7.454201 0.000000 7.427166
83.400000 7.454473 -7.432647 7.427847 -7.427571 7.427617 -7.427617 7.427571 -7.427847 7.432647 -7.454473 0.000000 7.427571
83.500000 7.454743 -7.433032 7.428250 -7.427973 7.428019 -7.428019 7.427973 -7.428250 7.433032 -7.454743 0.000000 7.427973
83.600000 7.455012 -7.433415 7.428650 -7.428373 7.428419 -7.428419 7.428373 -7.428650 7.433415 -7.455012 0.000000 7.428373
83.700000 7.455279 -7.433795 7.429049 -7.428771 7.428816 -7.428816 7.428771 -7.429049 7.433796 -7.455279 0.000000 7.428771
83.800000 7.455544 -7.434174 7.429445 -7.429167 7.429212 -7.429212 7.429167 -7.429445 7.434174 -7.455544 0.000000 7.429167
83.900000 7.455808 -7.434550 7.429839 -7.429560 7.429605 -7.429605 7.429560 -7.429839 7.434550 -7.455808 0.000000 7.429560
84.000000 7.456070 -7.434924 7.430231 -7.429952 7.429996 -7.429996 7.429952 -7.430231 7.434924 -7.456070 0.000000 7.429952
84.100000 7.456331 -7.435296 7.430620 -7.430341 7.430385 -7.430385 7.430341 -7.430620 7.435296 -7.456331 0.000000 7.430341
84.200000 7.456590 -7.435666 7.431008 -7.430728 7.430772 -7.430772 7.430728 -7.431008 7.435666 -7.456590 0.000000 7.430728
84.300000 7.456848 -7.436034 7.431393 -7.431113 7.431156 -7.431156 7.431113 -7.431393 7.436034 -7.456848 0.000000 7.431113
84.400000 7.457104 -7.436399 7.431776 -7.431495 7.431539 -7.431539 7.431495 -7.431776 7.436399 -7.457104 0.000000 7.431495
84.500000 7.457358 -7.436763 7.432157 -7.431876 7.431919 -7.431919 7.431876 -7.432157 7.436763 -7.457358 0.000000 7.431876
84.600000 7.457611 -7.437124 7.432536 -7.432254 7.432297 -7.432297 7.432254 -7.432536 7.437124 -7.457611 0.000000 7.432254
84.700000 7.457862 -7.437483 7.432913 -7.432631 7.432673 -7.432673 7.432631 -7.432913 7.437483 -7.457862 0.000000 7.432631
84.800000 7.458112 -7.437841 7.433288 -7.433005 7.433047 -7.433047 7.433005 -7.433288 7.437841 -7.458112 0.000000 7.433005
84.900000 7.458361 -7.438196 7.433660 -7.433377 7.433419 -7.433419 7.433377 -7.433660 7.438196 -7.458361 0.000000 7.433377
85.000000 7.458608 -7.438549 7.434031 -7.433747 7.433789 -7.433789 7.433747 -7.434031 7.438549 -7.458608 0.000000 7.433747
85.100000 7.458853 -7.438901 7.434399 -7.434115 7.434157 -7.434157 7.434115 -7.434399 7.438901 -7.458853 0.000000 7.434115
85.200000 7.459097 -7.439250 7.434766 -7.434481 7.434523 -7.434523 7.434481 -7.434766 7.439250 -7.459097 0.000000 7.434481
85.300000 7.459340 -7.439597 7.435130 -7.434845 7.434887 -7.434887 7.434845 -7.435130 7.439597 -7.459340 0.000000 7.434845
85.400000 7.459581 -7.439942 7.435492 -7.435207 7.435248 -7.435248 7.435207 -7.435492 7.439942 -7.459581 0.000000 7.435207
85.500000 7.459821 -7.440285 7.435853 -7.435567 7.435608 -7.435608 7.435567 -7.435853 7.440286 -7.459821 0.000000 7.435567
85.600000 7.460059 -7.440627 7.436211 -7.435925 7.435966 -7.435966 7.435925 -7.436211 7.440627 -7.460059 0.000000 7.435925
85.700000 7.460296 -7.440966 7.436567 -7.436281 7.436321 -7.436321 7.436281 -7.436567 7.440966 -7.460296 0.000000 7.436281
85.800000 7.460531 -7.441304 7.436921 -7.436635 7.436675 -7.436675 7.436635 -7.436921 7.441304 -7.460531 0.000000 7.436635
85.900000 7.460765 -7.441639 7.437274 -7.436987 7.437027 -7.437027 7.436987 -7.437274 7.441639 -7.460765 0.000000 7.436987
86.000000 7.460998 -7.441973 7.437624 -7.437337 7.437377 -7.437377 7.437337 -7.437624 7.441973 -7.460998 0.000000 7.437337
86.100000 7.461229 -7.442304 7.437973 -7.437685 7.437725 -7.437725 7.437685 -7.437973 7.442304 -7.461229 0.000000 7.437685
86.200000 7.461459 -7.442634 7.438319 -7.438031 7.438071 -7.438071 7.438031 -7.438319 7.442634 -7.461459 0.000000 7.438031
86.300000 7.461687 -7.442962 7.438664 -7.438376 7.438415 -7.438415 7.438376 -7.438664 7.442962 -7.461687 0.000000 7.438376
86.400000 7.461914 -7.443288 7.439006 -7.438718 7.438757 -7.438757 7.438718 -7.439006 7.443288 -7.461914 0.000000 7.438718
86.500000 7.462140 -7.443612 7.439347 -7.439058 7.439097 -7.439097 7.439058 -7.439347 7.443612 -7.462140 0.000000 7.439058
86.600000 7.462364 -7.443935 7.439686 -7.439397 7.439435 -7.439435 7.439397 -7.439686 7.443935 -7.462364 0.000000 7.439397
86.700000 7.462587 -7.444255 7.440023 -7.439734 7.439772 -7.439772 7.439734 -7.440023 7.444255 -7.462587 0.000000 7.439734
86.800000 7.462809 -7.444574 7.440358 -7.440068 7.440106 -7.440106 7.440068 -7.440358 7.444574 -7.462809 0.000000 7.440068
86.900000 7.463029 -7.444890 7.440691 -7.440401 7.440439 -7.440439 7.440401 -7.440691 7.444890 -7.463030 0.000000 7.440401
87.000000 7.463249 -7.445205 7.441022 -7.440732 7.440770 -7.440770 7.440733 -7.441022 7.445205 -7.463249 0.000000 7.440733
87.100000 7.463466 -7.445519 7.441352 -7.441062 7.441099 -7.441099 7.441062 -7.441352 7.445519 -7.463466 0.000000 7.441062
87.200000 7.463683 -7.445830 7.441679 -7.441389 7.441426 -7.441426 7.441389 -7.441680 7.445830 -7.463683 0.000000 7.441389
87.300000 7.463898 -7.446140 7.442005 -7.441715 7.441751 -7.441751 7.441715 -7.442005 7.446140 -7.463898 0.000000 7.441715
87.400000 7.464112 -7.446448 7.442329 -7.442039 7.442075 -7.442075 7.442039 -7.442329 7.446448 -7.464112 0.000000 7.442039
87.500000 7.464324 -7.446754 7.442652 -7.442361 7.442397 -7.442397 7.442361 -7.442652 7.446754 -7.464324 0.000000 7.442361
87.600000 7.464536 -7.447058 7.442972 -7.442681 7.442717 -7.442717 7.442681 -7.442972 7.447058 -7.464536 0.000000 7.442681
87.700000 7.464746 -7.447361 7.443291 -7.442999 7.443035 -7.443035 7.442999 -7.443291 7.447361 -7.464746 0.000000 7.442999
87.800000 7.464955 -7.447662 7.443607 -7.443316 7.443351 -7.443351 7.443316 -7.443607 7.447662 -7.464955 0.000000 7.443316
87.900000 7.465162 -7.447961 7.443922 -7.443631 7.443666 -7.443666 7.443631 -7.443922 7.447961 -7.465162 0.000000 7.443631
88.000000 7.465369 -7.448258 7.444236 -7.443944 7.443979 -7.443979 7.443944 -7.444236 7.448258 -7.465369 0.000000 7.443944
88.100000 7.465574 -7.448554 7.444547 -7.444256 7.444290 -7.444290 7.444256 -7.444547 7.448554 -7.465574 0.000000 7.444256
88.200000 7.465778 -7.448848 7.444857 -7.444565 7.444600 -7.444600 7.444565 -7.444857 7.448848 -7.465778 0.000000 7.444565
88.300000 7.465980 -7.449141 7.445165 -7.444873 7.444908 -7.444908 7.444873 -7.445165 7.449141 -7.465980 0.000000 7.444873
88.400000 7.466182 -7.449431 7.445472 -7.445179 7.445214 -7.445214 7.445179 -7.445472 7.449431 -7.466182 0.000000 7.445179
88.500000 7.466382 -7.449720 7.445776 -7.445484 7.445518 -7.445518 7.445484 -7.445776 7.449720 -7.466382 0.000000 7.445484
88.600000 7.466581 -7.450008 7.446079 -7.445787 7.445821 -7.445821 7.445787 -7.446079 7.450008 -7.466581 0.000000 7.445787
88.700000 7.466779 -7.450294 7.446381 -7.446088 7.446122 -7.446122 7.446088 -7.446381 7.450294 -7.466779 0.000000 7.446088
88.800000 7.466976 -7.450578 7.446680 -7.446388 7.446421 -7.446421 7.446388 -7.446680 7.450578 -7.466976 0.000000 7.446388
88.900000 7.467171 -7.450860 7.446978 -7.446685 7.446718 -7.446718 7.446686 -7.446978 7.450860 -7.467171 0.000000 7.446686
89.000000 7.467366 -7.451141 7.447274 -7.446982 7.447014 -7.447014 7.446982 -7.447275 7.451141 -7.467366 0.000000 7.446982
89.100000 7.467559 -7.451420 7.447569 -7.447276 7.447309 -7.447309 7.447276 -7.447569 7.451420 -7.467559 0.000000 7.447276
89.200000 7.467751 -7.451698 7.447862 -7.447569 7.447601 -7.447602 7.447569 -7.447862 7.451698 -7.467751 0.000000 7.447569
89.300000 7.467942 -7.451974 7.448153 -7.447861 7.447893 -7.447893 7.447861 -7.448153 7.451974 -7.467942 0.000000 7.447861
89.400000 7.468132 -7.452249 7.448443 -7.448150 7.448182 -7.448182 7.448150 -7.448443 7.452249 -7.468132 0.000000 7.448150
89.500000 7.468320 -7.452522 7.448731 -7.448438 7.448470 -7.448470 7.448438 -7.448731 7.452522 -7.468320 0.000000 7.448438
89.600000 7.468508 -7.452793 7.449018 -7.448725 7.448756 -7.448756 7.448725 -7.449018 7.452793 -7.468508 0.000000 7.448725
89.700000 7.468694 -7.453063 7.449303 -7.449010 7.449041 -7.449041 7.449010 -7.449303 7.453063 -7.468694 0.000000 7.449010
89.800000 7.468879 -7.453331 7.449586 -7.449293 7.449324 -7.449324 7.449293 -7.449586 7.453331 -7.468879 0.000000 7.449293
89.900000 7.469064 -7.453598 7.449868 -7.449575 7.449605 -7.449605 7.449575 -7.449868 7.453598 -7.469064 0.000000 7.449575
90.000000 7.469247 -7.453863 7.450148 -7.449855 7.449885 -7.449885 7.449855 -7.450148 7.453863 -7.469247 0.000000 7.449855
90.100000 7.469429 -7.454127 7.450427 -7.450133 7.450164 -7.450164 7.450133 -7.450427 7.454127 -7.469429 0.000000 7.450133
90.200000 7.469609 -7.454389 7.450704 -7.450410 7.450441 -7.450441 7.450411 -7.450704 7.454389 -7.469610 0.000000 7.450411
90.300000 7.469789 -7.454650 7.450979 -7.450686 7.450716 -7.450716 7.450686 -7.450979 7.454650 -7.469789 0.000000 7.450686
90.400000 7.469968 -7.454909 7.451253 -7.450960 7.450990 -7.450990 7.450960 -7.451253 7.454909 -7.469968 0.000000 7.450960
90.500000 7.470146 -7.455167 7.451526 -7.451232 7.451262 -7.451262 7.451233 -7.451526 7.455167 -7.470146 0.000000 7.451233
90.600000 7.470322 -7.455423 7.451796 -7.451503 7.451533 -7.451533 7.451503 -7.451796 7.455423 -7.470322 0.000000 7.451503
90.700000 7.470498 -7.455678 7.452066 -7.451773 7.451802 -7.451802 7.451773 -7.452066 7.455678 -7.470498 0.000000 7.451773
90.800000 7.470673 -7.455932 7.452334 -7.452041 7.452070 -7.452070 7.452041 -7.452334 7.455932 -7.470673 0.000000 7.452041
90.900000 7.470846 -7.456184 7.452600 -7.452307 7.452336 -7.452336 7.452307 -7.452600 7.456184 -7.470846 0.000000 7.452307
91.000000 7.471018 -7.456434 7.452865 -7.452572 7.452601 -7.452601 7.452572 -7.452865 7.456434 -7.471018 0.000000 7.452572
91.100000 7.471190 -7.456683 7.453129 -7.452836 7.452864 -7.452864 7.452836 -7.453129 7.456683 -7.471190 0.000000 7.452836
91.200000 7.471360 -7.456931 7.453391 -7.453098 7.453126 -7.453126 7.453098 -7.453391 7.456931 -7.471360 0.000000 7.453098
91.300000 7.471530 -7.457177 7.453651 -7.453358 7.453386 -7.453386 7.453359 -7.453651 7.457177 -7.471530 0.000000 7.453359
91.400000 7.471698 -7.457422 7.453910 -7.453618 7.453645 -7.453645 7.453618 -7.453910 7.457422 -7.471698 0.000000 7.453618
91.500000 7.471865 -7.457665 7.454168 -7.453875 7.453903 -7.453903 7.453875 -7.454168 7.457665 -7.471865 0.000000 7.453875
91.600000 7.472032 -7.457907 7.454424 -7.454132 7.454159 -7.454159 7.454132 -7.454424 7.457907 -7.472032 0.000000 7.454132
91.700000 7.472197 -7.458148 7.454679 -7.454386 7.454413 -7.454413 7.454387 -7.454679 7.458148 -7.472197 0.000000 7.454387
91.800000 7.472362 -7.458387 7.454932 -7.454640 7.454667 -7.454667 7.454640 -7.454932 7.458387 -7.472362 0.000000 7.454640
91.900000 7.472525 -7.458625 7.455184 -7.454892 7.454918 -7.454918 7.454892 -7.455184 7.458625 -7.472525 0.000000 7.454892
92.000000 7.472688 -7.458862 7.455434 -7.455143 7.455169 -7.455169 7.455143 -7.455435 7.458862 -7.472688 0.000000 7.455143
92.100000 7.472849 -7.459097 7.455684 -7.455392 7.455418 -7.455418 7.455392 -7.455684 7.459097 -7.472849 0.000000 7.455392
92.200000 7.473010 -7.459331 7.455931 -7.455640 7.455666 -7.455666 7.455640 -7.455931 7.459331 -7.473010 0.000000 7.455640
92.300000 7.473169 -7.459563 7.456178 -7.455886 7.455912 -7.455912 7.455886 -7.456178 7.459563 -7.473169 0.000000 7.455886
92.400000 7.473328 -7.459794 7.456423 -7.456131 7.456157 -7.456157 7.456131 -7.456423 7.459794 -7.473328 0.000000 7.456131
92.500000 7.473485 -7.460024 7.456666 -7.456375 7.456400 -7.456400 7.456375 -7.456666 7.460024 -7.473485 0.000000 7.456375
92.600000 7.473642 -7.460253 7.456909 -7.456617 7.456643 -7.456643 7.456617 -7.456909 7.460253 -7.473642 0.000000 7.456617
92.700000 7.473798 -7.460480 7.457149 -7.456859 7.456883 -7.456883 7.456859 -7.457149 7.460480 -7.473798 0.000000 7.456859
92.800000 7.473953 -7.460706 7.457389 -7.457098 7.457123 -7.457123 7.457098 -7.457389 7.460706 -7.473953 0.000000 7.457098
92.900000 7.474107 -7.460931 7.457627 -7.457337 7.457361 -7.457361 7.457337 -7.457627 7.460931 -7.474107 0.000000 7.457337
93.000000 7.474260 -7.461154 7.457864 -7.457574 7.457598 -7.457598 7.457574 -7.457864 7.461154 -7.474260 0.000000 7.457574
93.100000 7.474412 -7.461376 7.458100 -7.457809 7.457833 -7.457833 7.457809 -7.458100 7.461376 -7.474412 0.000000 7.457809
93.200000 7.474563 -7.461597 7.458334 -7.458044 7.458068 -7.458068 7.458044 -7.458334 7.461597 -7.474563 0.000000 7.458044
93.300000 7.474714 -7.461816 7.458567 -7.458277 7.458301 -7.458301 7.458277 -7.458567 7.461816 -7.474714 0.000000 7.458277
93.400000 7.474863 -7.462035 7.458798 -7.458509 7.458532 -7.458532 7.458509 -7.458799 7.462035 -7.474863 0.000000 7.458509
93.500000 7.475012 -7.462252 7.459029 -7.458739 7.458763 -7.458763 7.458739 -7.459029 7.462252 -7.475012 0.000000 7.458739
93.600000 7.475159 -7.462468 7.459258 -7.458969 7.458992 -7.458992 7.458969 -7.459258 7.462468 -7.475159 0.000000 7.458969
93.700000 7.475306 -7.462682 7.459486 -7.459197 7.459220 -7.459220 7.459197 -7.459486 7.462682 -7.475306 0.000000 7.459197
93.800000 7.475452 -7.462895 7.459712 -7.459423 7.459446 -7.459446 7.459423 -7.459712 7.462895 -7.475452 0.000000 7.459423
93.900000 7.475597 -7.463108 7.459937 -7.459649 7.459671 -7.459671 7.459649 -7.459937 7.463108 -7.475597 0.000000 7.459649
94.000000 7.475741 -7.463318 7.460161 -7.459873 7.459895 -7.459895 7.459873 -7.460161 7.463319 -7.475741 0.000000 7.459873
94.100000 7.475884 -7.463528 7.460384 -7.460096 7.460118 -7.460118 7.460096 -7.460384 7.463528 -7.475884 0.000000 7.460096
94.200000 7.476027 -7.463737 7.460606 -7.460318 7.460340 -7.460340 7.460318 -7.460606 7.463737 -7.476027 0.000000 7.460318
94.300000 7.476168 -7.463944 7.460826 -7.460538 7.460560 -7.460560 7.460538 -7.460826 7.463944 -7.476169 0.000000 7.460538
94.400000 7.476309 -7.464150 7.461045 -7.460758 7.460779 -7.460779 7.460758 -7.461045 7.464150 -7.476309 0.000000 7.460758
94.500000 7.476449 -7.464355 7.461263 -7.460976 7.460997 -7.460997 7.460976 -7.461263 7.464355 -7.476449 0.000000 7.460976
94.600000 7.476588 -7.464559 7.461479 -7.461192 7.461214 -7.461214 7.461192 -7.461479 7.464559 -7.476588 0.000000 7.461192
94.700000 7.476727 -7.464762 7.461695 -7.461408 7.461429 -7.461429 7.461408 -7.461695 7.464762 -7.476727 0.000000 7.461408
94.800000 7.476864 -7.464963 7.461909 -7.461623 7.461643 -7.461643 7.461623 -7.461909 7.464963 -7.476864 0.000000 7.461623
94.900000 7.477001 -7.465163 7.462122 -7.461836 7.461856 -7.461856 7.461836 -7.462122 7.465163 -7.477001 0.000000 7.461836
95.000000 7.477137 -7.465363 7.462334 -7.462048 7.462068 -7.462068 7.462048 -7.462334 7.465363 -7.477137 0.000000 7.462048
95.100000 7.477272 -7.465561 7.462544 -7.462259 7.462279 -7.462279 7.462259 -7.462544 7.465561 -7.477272 0.000000 7.462259
95.200000 7.477406 -7.465757 7.462754 -7.462469 7.462489 -7.462489 7.462469 -7.462754 7.465757 -7.477406 0.000000 7.462469
95.300000 7.477539 -7.465953 7.462962 -7.462677 7.462697 -7.462697 7.462677 -7.462962 7.465953 -7.477539 0.000000 7.462677
95.400000 7.477672 -7.466148 7.463169 -7.462884 7.462904 -7.462904 7.462884 -7.463169 7.466148 -7.477672 0.000000 7.462884
95.500000 7.477804 -7.466341 7.463375 -7.463091 7.463110 -7.463110 7.463091 -7.463375 7.466341 -7.477804 0.000000 7.463091
95.600000 7.477935 -7.466534 7.463580 -7.463296 7.463315 -7.463315 7.463296 -7.463580 7.466534 -7.477935 0.000000 7.463296
95.700000 7.478065 -7.466725 7.463784 -7.463500 7.463519 -7.463519 7.463500 -7.463784 7.466725 -7.478065 0.000000 7.463500
95.800000 7.478194 -7.466915 7.463986 -7.463703 7.463722 -7.463722 7.463703 -7.463986 7.466915 -7.478194 0.000000 7.463703
95.900000 7.478323 -7.467105 7.464188 -7.463904 7.463923 -7.463923 7.463904 -7.464188 7.467105 -7.478323 0.000000 7.463904
96.000000 7.478451 -7.467293 7.464388 -7.464105 7.464124 -7.464124 7.464105 -7.464388 7.467293 -7.478451 0.000000 7.464105
96.100000 7.478578 -7.467480 7.464587 -7.464304 7.464323 -7.464323 7.464304 -7.464587 7.467480 -7.478578 0.000000 7.464304
96.200000 7.478705 -7.467666 7.464785 -7.464503 7.464521 -7.464521 7.464503 -7.464785 7.467666 -7.478705 0.000000 7.464503
96.300000 7.478831 -7.467850 7.464982 -7.464700 7.464718 -7.464718 7.464700 -7.464982 7.467850 -7.478831 0.000000 7.464700
96.400000 7.478955 -7.468034 7.465178 -7.464896 7.464914 -7.464914 7.464896 -7.465178 7.468034 -7.478955 0.000000 7.464896
96.500000 7.479080 -7.468217 7.465373 -7.465091 7.465109 -7.465109 7.465091 -7.465373 7.468217 -7.479080 0.000000 7.465091
96.600000 7.479203 -7.468399 7.465566 -7.465285 7.465303 -7.465303 7.465285 -7.465566 7.468399 -7.479203 0.000000 7.465285
96.700000 7.479326 -7.468579 7.465759 -7.465478 7.465496 -7.465496 7.465478 -7.465759 7.468579 -7.479326 0.000000 7.465478
96.800000 7.479448 -7.468759 7.465950 -7.465670 7.465687 -7.465687 7.465670 -7.465951 7.468759 -7.479448 0.000000 7.465670
96.900000 7.479569 -7.468938 7.466141 -7.465861 7.465878 -7.465878 7.465861 -7.466141 7.468938 -7.479569 0.000000 7.465861
97.000000 7.479690 -7.469115 7.466330 -7.466050 7.466067 -7.466067 7.466051 -7.466330 7.469115 -7.479690 0.000000 7.466051
97.100000 7.479810 -7.469292 7.466519 -7.466239 7.466256 -7.466256 7.466239 -7.466519 7.469292 -7.479810 0.000000 7.466239
97.200000 7.479929 -7.469467 7.466706 -7.466427 7.466443 -7.466443 7.466427 -7.466706 7.469467 -7.479929 0.000000 7.466427
97.300000 7.480047 -7.469642 7.466892 -7.466613 7.466630 -7.466630 7.466613 -7.466892 7.469642 -7.480047 0.000000 7.466613
97.400000 7.480165 -7.469816 7.467077 -7.466799 7.466815 -7.466815 7.466799 -7.467077 7.469816 -7.480165 0.000000 7.466799
97.500000 7.480282 -7.469988 7.467261 -7.466983 7.466999 -7.466999 7.466983 -7.467261 7.469988 -7.480282 0.000000 7.466983
97.600000 7.480398 -7.470160 7.467445 -7.467167 7.467183 -7.467183 7.467167 -7.467445 7.470160 -7.480398 0.000000 7.467167
97.700000 7.480514 -7.470330 7.467627 -7.467349 7.467365 -7.467365 7.467349 -7.467627 7.470330 -7.480514 0.000000 7.467349
97.800000 7.480629 -7.470500 7.467808 -7.467531 7.467546 -7.467546 7.467531 -7.467808 7.470500 -7.480629 0.000000 7.467531
97.900000 7.480743 -7.470669 7.467988 -7.467711 7.467727 -7.467727 7.467711 -7.467988 7.470669 -7.480743 0.000000 7.467711
98.000000 7.480857 -7.470836 7.468167 -7.467891 7.467906 -7.467906 7.467891 -7.468167 7.470836 -7.480857 0.000000 7.467891
98.100000 7.480970 -7.471003 7.468345 -7.468069 7.468084 -7.468084 7.468069 -7.468345 7.471003 -7.480970 0.000000 7.468069
98.200000 7.481082 -7.471169 7.468522 -7.468247 7.468261 -7.468261 7.468247 -7.468522 7.471169 -7.481082 0.000000 7.468247
98.300000 7.481193 -7.471334 7.468698 -7.468423 7.468438 -7.468438 7.468423 -7.468698 7.471334 -7.481193 0.000000 7.468423
98.400000 7.481304 -7.471498 7.468873 -7.468599 7.468613 -7.468613 7.468599 -7.468873 7.471498 -7.481304 0.000000 7.468599
98.500000 7.481415 -7.471661 7.469047 -7.468773 7.468787 -7.468787 7.468773 -7.469047 7.471661 -7.481415 0.000000 7.468773
98.600000 7.481524 -7.471823 7.469220 -7.468947 7.468961 -7.468961 7.468947 -7.469221 7.471823 -7.481524 0.000000 7.468947
98.700000 7.481633 -7.471984 7.469393 -7.469119 7.469133 -7.469133 7.469119 -7.469393 7.471984 -7.481633 0.000000 7.469119
98.800000 7.481741 -7.472144 7.469564 -7.469291 7.469305 -7.469305 7.469291 -7.469564 7.472144 -7.481742 0.000000 7.469291
98.900000 7.481849 -7.472303 7.469734 -7.469461 7.469475 -7.469475 7.469461 -7.469734 7.472303 -7.481849 0.000000 7.469461
99.000000 7.481956 -7.472462 7.469903 -7.469631 7.469645 -7.469645 7.469631 -7.469904 7.472462 -7.481956 0.000000 7.469631
99.100000 7.482063 -7.472619 7.470072 -7.469800 7.469813 -7.469813 7.469800 -7.470072 7.472619 -7.482063 0.000000 7.469800
99.200000 7.482168 -7.472776 7.470239 -7.469968 7.469981 -7.469981 7.469968 -7.470239 7.472776 -7.482168 0.000000 7.469968
99.300000 7.482273 -7.472931 7.470406 -7.470135 7.470148 -7.470148 7.470135 -7.470406 7.472931 -7.482273 0.000000 7.470135
99.400000 7.482378 -7.473086 7.470571 -7.470301 7.470314 -7.470314 7.470301 -7.470571 7.473086 -7.482378 0.000000 7.470301
99.500000 7.482482 -7.473240 7.470736 -7.470466 7.470479 -7.470479 7.470466 -7.470736 7.473240 -7.482482 0.000000 7.470466
99.600000 7.482585 -7.473393 7.470900 -7.470630 7.470643 -7.470643 7.470630 -7.470900 7.473393 -7.482585 0.000000 7.470630
99.700000 7.482688 -7.473545 7.471063 -7.470793 7.470806 -7.470806 7.470793 -7.471063 7.473545 -7.482688 0.000000 7.470793
99.800000 7.482790 -7.473696 7.471224 -7.470955 7.470968 -7.470968 7.470955 -7.471224 7.473696 -7.482790 0.000000 7.470955
99.900000 7.482891 -7.473847 7.471385 -7.471117 7.471129 -7.471129 7.471117 -7.471385 7.473847 -7.482891 0.000000 7.471117
100.000000 7.482992 -7.473996 7.471546 -7.471277 7.471289 -7.471290 7.471277 -7.471546 7.473996 -7.482992 0.000000 7.471277
100.100000 7.483092 -7.474145 7.471705 -7.471437 7.471449 -7.471449 7.471437 -7.471705 7.474145 -7.483092 0.000000 7.471437
100.200000 7.483192 -7.474293 7.471863 -7.471596 7.471608 -7.471608 7.471596 -7.471863 7.474293 -7.483192 0.000000 7.471596
100.300000 7.483291 -7.474440 7.472020 -7.471754 7.471765 -7.471765 7.471754 -7.472020 7.474440 -7.483291 0.000000 7.471754
100.400000 7.483390 -7.474586 7.472177 -7.471911 7.471922 -7.471922 7.471911 -7.472177 7.474586 -7.483390 0.000000 7.471911
100.500000 7.483487 -7.474731 7.472333 -7.472067 7.472078 -7.472078 7.472067 -7.472333 7.474731 -7.483487 0.000000 7.472067
100.600000 7.483585 -7.474876 7.472487 -7.472222 7.472233 -7.472233 7.472222 -7.472488 7.474876 -7.483585 0.000000 7.472222
100.700000 7.483681 -7.475019 7.472641 -7.472376 7.472387 -7.472387 7.472376 -7.472641 7.475019 -7.483681 0.000000 7.472376
100.800000 7.483778 -7.475162 7.472795 -7.472530 7.472541 -7.472541 7.472530 -7.472795 7.475162 -7.483778 0.000000 7.472530
100.900000 7.483873 -7.475304 7.472947 -7.472683 7.472693 -7.472693 7.472683 -7.472947 7.475304 -7.483873 0.000000 7.472683
101.000000 7.483968 -7.475445 7.473098 -7.472834 7.472845 -7.472845 7.472834 -7.473098 7.475445 -7.483968 0.000000 7.472834
101.100000 7.484063 -7.475586 7.473249 -7.472985 7.472996 -7.472996 7.472985 -7.473249 7.475586 -7.484063 0.000000 7.472985
101.200000 7.484157 -7.475725 7.473398 -7.473136 7.473146 -7.473146 7.473136 -7.473398 7.475725 -7.484157 0.000000 7.473136
101.300000 7.484250 -7.475864 7.473547 -7.473285 7.473295 -7.473295 7.473285 -7.473547 7.475864 -7.484250 0.000000 7.473285
101.400000 7.484343 -7.476002 7.473695 -7.473433 7.473443 -7.473443 7.473433 -7.473695 7.476002 -7.484343 0.000000 7.473433
101.500000 7.484435 -7.476139 7.473842 -7.473581 7.473591 -7.473591 7.473581 -7.473842 7.476139 -7.484435 0.000000 7.473581
101.600000 7.484527 -7.476276 7.473989 -7.473728 7.473738 -7.473738 7.473728 -7.473989 7.476276 -7.484527 0.000000 7.473728
101.700000 7.484618 -7.476411 7.474134 -7.473874 7.473884 -7.473884 7.473874 -7.474134 7.476411 -7.484618 0.000000 7.473874
101.800000 7.484708 -7.476546 7.474279 -7.474019 7.474029 -7.474029 7.474019 -7.474279 7.476546 -7.484708 0.000000 7.474019
101.900000 7.484798 -7.476680 7.474423 -7.474164 7.474173 -7.474173 7.474164 -7.474423 7.476680 -7.484798 0.000000 7.474164
102.000000 7.484888 -7.476814 7.474566 -7.474307 7.474316 -7.474316 7.474307 -7.474566 7.476814 -7.484888 0.000000 7.474307
102.100000 7.484977 -7.476946 7.474708 -7.474450 7.474459 -7.474459 7.474450 -7.474708 7.476946 -7.484977 0.000000 7.474450
102.200000 7.485065 -7.477078 7.474850 -7.474592 7.474601 -7.474601 7.474592 -7.474850 7.477078 -7.485066 0.000000 7.474592
102.300000 7.485153 -7.477209 7.474991 -7.474733 7.474742 -7.474742 7.474733 -7.474991 7.477209 -7.485153 0.000000 7.474733
102.400000 7.485241 -7.477339 7.475131 -7.474874 7.474882 -7.474882 7.474874 -7.475131 7.477339 -7.485241 0.000000 7.474874
102.500000 7.485328 -7.477469 7.475270 -7.475013 7.475022 -7.475022 7.475013 -7.475270 7.477469 -7.485328 0.000000 7.475013
102.600000 7.485414 -7.477598 7.475408 -7.475152 7.475161 -7.475161 7.475152 -7.475408 7.477598 -7.485414 0.000000 7.475152
102.700000 7.485500 -7.477726 7.475546 -7.475290 7.475299 -7.475299 7.475290 -7.475546 7.477726 -7.485500 0.000000 7.475290
102.800000 7.485585 -7.477853 7.475683 -7.475428 7.475436 -7.475436 7.475428 -7.475683 7.477853 -7.485585 0.000000 7.475428
102.900000 7.485670 -7.477980 7.475819 -7.475564 7.475572 -7.475572 7.475564 -7.475819 7.477980 -7.485670 0.000000 7.475564
103.000000 7.485755 -7.478106 7.475954 -7.475700 7.475708 -7.475708 7.475700 -7.475954 7.478106 -7.485755 0.000000 7.475700
103.100000 7.485839 -7.478231 7.476089 -7.475835 7.475843 -7.475843 7.475835 -7.476089 7.478231 -7.485839 0.000000 7.475835
103.200000 7.485922 -7.478355 7.476223 -7.475969 7.475977 -7.475977 7.475969 -7.476223 7.478355 -7.485922 0.000000 7.475969
103.300000 7.486005 -7.478479 7.476356 -7.476103 7.476111 -7.476111 7.476103 -7.476356 7.478479 -7.486005 0.000000 7.476103
103.400000 7.486087 -7.478602 7.476488 -7.476236 7.476243 -7.476243 7.476236 -7.476488 7.478602 -7.486087 0.000000 7.476236
103.500000 7.486169 -7.478725 7.476620 -7.476368 7.476375 -7.476375 7.476368 -7.476620 7.478725 -7.486169 0.000000 7.476368
103.600000 7.486251 -7.478846 7.476750 -7.476499 7.476506 -7.476506 7.476499 -7.476750 7.478846 -7.486251 0.000000 7.476499
103.700000 7.486331 -7.478967 7.476881 -7.476630 7.476637 -7.476637 7.476630 -7.476881 7.478967 -7.486331 0.000000 7.476630
103.800000 7.486412 -7.479087 7.477010 -7.476760 7.476767 -7.476767 7.476760 -7.477010 7.479087 -7.486412 0.000000 7.476760
103.900000 7.486492 -7.479207 7.477139 -7.476889 7.476896 -7.476896 7.476889 -7.477139 7.479207 -7.486492 0.000000 7.476889
104.000000 7.486571 -7.479326 7.477267 -7.477017 7.477024 -7.477024 7.477017 -7.477267 7.479326 -7.486571 0.000000 7.477017
104.100000 7.486650 -7.479444 7.477394 -7.477145 7.477152 -7.477152 7.477145 -7.477394 7.479444 -7.486650 0.000000 7.477145
104.200000 7.486729 -7.479562 7.477520 -7.477272 7.477279 -7.477279 7.477272 -7.477520 7.479562 -7.486729 0.000000 7.477272
104.300000 7.486807 -7.479678 7.477646 -7.477399 7.477405 -7.477405 7.477399 -7.477646 7.479678 -7.486807 0.000000 7.477399
104.400000 7.486885 -7.479795 7.477771 -7.477524 7.477530 -7.477530 7.477524 -7.477771 7.479795 -7.486885 0.000000 7.477524
104.500000 7.486962 -7.479910 7.477896 -7.477649 7.477655 -7.477655 7.477649 -7.477896 7.479910 -7.486962 0.000000 7.477649
104.600000 7.487039 -7.480025 7.478020 -7.477773 7.477779 -7.477779 7.477773 -7.478020 7.480025 -7.487039 0.000000 7.477773
104.700000 7.487115 -7.480139 7.478143 -7.477897 7.477903 -7.477903 7.477897 -7.478143 7.480139 -7.487115 0.000000 7.477897
104.800000 7.487191 -7.480253 7.478265 -7.478020 7.478026 -7.478026 7.478020 -7.478265 7.480253 -7.487191 0.000000 7.478020
104.900000 7.487266 -7.480366 7.478387 -7.478142 7.478148 -7.478148 7.478142 -7.478387 7.480366 -7.487266 0.000000 7.478142
105.000000 7.487341 -7.480478 7.478508 -7.478263 7.478269 -7.478269 7.478263 -7.478508 7.480478 -7.487341 0.000000 7.478263
105.100000 7.487415 -7.480590 7.478628 -7.478384 7.478390 -7.478390 7.478384 -7.478628 7.480590 -7.487415 0.000000 7.478384
105.200000 7.487489 -7.480700 7.478748 -7.478504 7.478510 -7.478510 7.478504 -7.478748 7.480701 -7.487489 0.000000 7.478504
105.300000 7.487563 -7.480811 7.478866 -7.478624 7.478629 -7.478629 7.478624 -7.478866 7.480811 -7.487563 0.000000 7.478624
105.400000 7.487636 -7.480921 7.478985 -7.478743 7.478748 -7.478748 7.478743 -7.478985 7.480921 -7.487636 0.000000 7.478743
105.500000 7.487709 -7.481030 7.479102 -7.478861 7.478866 -7.478866 7.478861 -7.479102 7.481030 -7.487709 0.000000 7.478861
105.600000 7.487781 -7.481138 7.479219 -7.478978 7.478983 -7.478983 7.478978 -7.479219 7.481138 -7.487781 0.000000 7.478978
105.700000 7.487853 -7.481246 7.479336 -7.479095 7.479100 -7.479100 7.479095 -7.479336 7.481246 -7.487853 0.000000 7.479095
105.800000 7.487925 -7.481353 7.479451 -7.479211 7.479216 -7.479216 7.479212 -7.479451 7.481353 -7.487925 0.000000 7.479212
105.900000 7.487996 -7.481460 7.479566 -7.479327 7.479332 -7.479332 7.479327 -7.479566 7.481460 -7.487996 0.000000 7.479327
106.000000 7.488066 -7.481566 7.479681 -7.479442 7.479446 -7.479446 7.479442 -7.479681 7.481566 -7.488066 0.000000 7.479442
106.100000 7.488136 -7.481671 7.479795 -7.479556 7.479561 -7.479561 7.479556 -7.479795 7.481671 -7.488136 0.000000 7.479556
106.200000 7.488206 -7.481776 7.479908 -7.479670 7.479674 -7.479674 7.479670 -7.479908 7.481776 -7.488206 0.000000 7.479670
106.300000 7.488276 -7.481880 7.480020 -7.479783 7.479787 -7.479787 7.479783 -7.480020 7.481880 -7.488276 0.000000 7.479783
106.400000 7.488344 -7.481984 7.480132 -7.479895 7.479899 -7.479899 7.479895 -7.480132 7.481984 -7.488344 0.000000 7.479895
106.500000 7.488413 -7.482087 7.480243 -7.480007 7.480011 -7.480011 7.480007 -7.480243 7.482087 -7.488413 0.000000 7.480007
106.600000 7.488481 -7.482189 7.480354 -7.480118 7.480122 -7.480122 7.480118 -7.480354 7.482189 -7.488481 0.000000 7.480118
106.700000 7.488549 -7.482291 7.480464 -7.480229 7.480232 -7.480232 7.480229 -7.480464 7.482291 -7.488549 0.000000 7.480229
106.800000 7.488616 -7.482392 7.480573 -7.480339 7.480342 -7.480342 7.480339 -7.480573 7.482392 -7.488616 0.000000 7.480339
106.900000 7.488683 -7.482493 7.480682 -7.480448 7.480451 -7.480451 7.480448 -7.480682 7.482493 -7.488683 0.000000 7.480448
107.000000 7.488750 -7.482593 7.480790 -7.480557 7.480560 -7.480560 7.480557 -7.480790 7.482593 -7.488750 0.000000 7.480557
107.100000 7.488816 -7.482693 7.480898 -7.480665 7.480668 -7.480668 7.480665 -7.480898 7.482693 -7.488816 0.000000 7.480665
107.200000 7.488882 -7.482791 7.481005 -7.480772 7.480775 -7.480775 7.480772 -7.481005 7.482792 -7.488882 0.000000 7.480772
107.300000 7.488947 -7.482890 7.481111 -7.480879 7.480882 -7.480882 7.480879 -7.481111 7.482890 -7.488947 0.000000 7.480879
107.400000 7.489012 -7.482988 7.481217 -7.480985 7.480988 -7.480988 7.480985 -7.481217 7.482988 -7.489012 0.000000 7.480985
107.500000 7.489076 -7.483085 7.481322 -7.481091 7.481094 -7.481094 7.481091 -7.481322 7.483085 -7.489077 0.000000 7.481091
107.600000 7.489141 -7.483182 7.481427 -7.481196 7.481199 -7.481199 7.481196 -7.481427 7.483182 -7.489141 0.000000 7.481196
107.700000 7.489205 -7.483278 7.481531 -7.481301 7.481303 -7.481303 7.481301 -7.481531 7.483278 -7.489205 0.000000 7.481301
107.800000 7.489268 -7.483373 7.481634 -7.481405 7.481407 -7.481407 7.481405 -7.481634 7.483373 -7.489268 0.000000 7.481405
107.900000 7.489331 -7.483468 7.481737 -7.481508 7.481511 -7.481511 7.481508 -7.481737 7.483469 -7.489331 0.000000 7.481508
108.000000 7.489394 -7.483563 7.481839 -7.481611 7.481613 -7.481613 7.481611 -7.481839 7.483563 -7.489394 0.000000 7.481611
108.100000 7.489456 -7.483657 7.481941 -7.481713 7.481715 -7.481715 7.481713 -7.481941 7.483657 -7.489456 0.000000 7.481713
108.200000 7.489518 -7.483750 7.482042 -7.481815 7.481817 -7.481817 7.481815 -7.482042 7.483750 -7.489518 0.000000 7.481815
108.300000 7.489580 -7.483843 7.482142 -7.481916 7.481918 -7.481918 7.481916 -7.482142 7.483843 -7.489580 0.000000 7.481916
108.400000 7.489641 -7.483936 7.482242 -7.482016 7.482018 -7.482018 7.482016 -7.482242 7.483936 -7.489641 0.000000 7.482016
108.500000 7.489702 -7.484028 7.482342 -7.482116 7.482118 -7.482118 7.482116 -7.482342 7.484028 -7.489702 0.000000 7.482116
108.600000 7.489762 -7.484119 7.482441 -7.482216 7.482218 -7.482218 7.482216 -7.482441 7.484119 -7.489762 0.000000 7.482216
108.700000 7.489822 -7.484210 7.482539 -7.482315 7.482316 -7.482316 7.482315 -7.482539 7.484210 -7.489822 0.000000 7.482315
108.800000 7.489882 -7.484300 7.482637 -7.482413 7.482415 -7.482415 7.482413 -7.482637 7.484300 -7.489882 0.000000 7.482413
108.900000 7.489942 -7.484390 7.482734 -7.482511 7.482512 -7.482512 7.482511 -7.482734 7.484390 -7.489942 0.000000 7.482511
109.000000 7.490001 -7.484479 7.482831 -7.482608 7.482610 -7.482610 7.482608 -7.482831 7.484479 -7.490001 0.000000 7.482608
109.100000 7.490060 -7.484568 7.482927 -7.482705 7.482706 -7.482706 7.482705 -7.482927 7.484568 -7.490060 0.000000 7.482705
109.200000 7.490118 -7.484656 7.483023 -7.482801 7.482802 -7.482802 7.482801 -7.483023 7.484656 -7.490118 0.000000 7.482801
109.300000 7.490176 -7.484744 7.483118 -7.482897 7.482898 -7.482898 7.482897 -7.483118 7.484744 -7.490176 0.000000 7.482897
109.400000 7.490234 -7.484831 7.483212 -7.482992 7.482993 -7.482993 7.482992 -7.483212 7.484831 -7.490234 0.000000 7.482992
109.500000 7.490291 -7.484918 7.483306 -7.483086 7.483087 -7.483087 7.483086 -7.483306 7.484918 -7.490291 0.000000 7.483086
109.600000 7.490348 -7.485004 7.483400 -7.483180 7.483181 -7.483181 7.483180 -7.483400 7.485004 -7.490348 0.000000 7.483180
109.700000 7.490405 -7.485090 7.483493 -7.483274 7.483275 -7.483275 7.483274 -7.483493 7.485090 -7.490405 0.000000 7.483274
109.800000 7.490461 -7.485175 7.483585 -7.483367 7.483368 -7.483368 7.483367 -7.483585 7.485175 -7.490461 0.000000 7.483367
109.900000 7.490517 -7.485260 7.483677 -7.483459 7.483460 -7.483460 7.483459 -7.483677 7.485260 -7.490517 0.000000 7.483459
110.000000 7.490573 -7.485344 7.483768 -7.483551 7.483552 -7.483552 7.483551 -7.483768 7.485344 -7.490573 0.000000 7.483551
110.100000 7.490628 -7.485428 7.483859 -7.483643 7.483643 -7.483643 7.483643 -7.483859 7.485428 -7.490628 0.000000 7.483643
110.200000 7.490683 -7.485511 7.483950 -7.483734 7.483734 -7.483734 7.483734 -7.483950 7.485511 -7.490683 0.000000 7.483734
110.300000 7.490738 -7.485594 7.484040 -7.483824 7.483824 -7.483824 7.483824 -7.484040 7.485594 -7.490738 0.000000 7.483824
110.400000 7.490792 -7.485676 7.484129 -7.483914 7.483914 -7.483914 7.483914 -7.484129 7.485676 -7.490792 0.000000 7.483914
110.500000 7.490846 -7.485758 7.484218 -7.484003 7.484004 -7.484004 7.484003 -7.484218 7.485758 -7.490846 0.000000 7.484003
110.600000 7.490900 -7.485839 7.484306 -7.484092 7.484092 -7.484092 7.484092 -7.484306 7.485839 -7.490900 0.000000 7.484092
110.700000 7.490954 -7.485920 7.484394 -7.484181 7.484181 -7.484181 7.484181 -7.484394 7.485920 -7.490954 0.000000 7.484181
110.800000 7.491007 -7.486001 7.484482 -7.484269 7.484269 -7.484269 7.484269 -7.484482 7.486001 -7.491007 0.000000 7.484269
110.900000 7.491060 -7.486081 7.484569 -7.484356 7.484356 -7.484356 7.484356 -7.484569 7.486081 -7.491060 0.000000 7.484356
111.000000 7.491112 -7.486160 7.484655 -7.484443 7.484443 -7.484443 7.484443 -7.484655 7.486161 -7.491112 0.000000 7.484443
111.100000 7.491164 -7.486240 7.484741 -7.484530 7.484529 -7.484529 7.484530 -7.484741 7.486240 -7.491164 0.000000 7.484530
111.200000 7.491216 -7.486318 7.484826 -7.484616 7.484615 -7.484615 7.484616 -7.484826 7.486318 -7.491216 0.000000 7.484616
111.300000 7.491268 -7.486397 7.484911 -7.484701 7.484701 -7.484701 7.484701 -7.484911 7.486397 -7.491268 0.000000 7.484701
111.400000 7.491319 -7.486474 7.484996 -7.484786 7.484786 -7.484786 7.484786 -7.484996 7.486474 -7.491319 0.000000 7.484786
111.500000 7.491370 -7.486552 7.485080 -7.484871 7.484870 -7.484870 7.484871 -7.485080 7.486552 -7.491370 0.000000 7.484871
111.600000 7.491421 -7.486628 7.485163 -7.484955 7.484954 -7.484954 7.484955 -7.485164 7.486628 -7.491421 0.000000 7.484955
111.700000 7.491471 -7.486705 7.485247 -7.485039 7.485038 -7.485038 7.485039 -7.485247 7.486705 -7.491471 0.000000 7.485039
111.800000 7.491521 -7.486781 7.485329 -7.485122 7.485121 -7.485121 7.485122 -7.485329 7.486781 -7.491521 0.000000 7.485122
111.900000 7.491571 -7.486857 7.485411 -7.485205 7.485204 -7.485204 7.485205 -7.485411 7.486857 -7.491571 0.000000 7.485205
112.000000 7.491620 -7.486932 7.485493 -7.485287 7.485286 -7.485286 7.485287 -7.485493 7.486932 -7.491620 0.000000 7.485287
112.100000 7.491669 -7.487006 7.485574 -7.485369 7.485368 -7.485368 7.485369 -7.485574 7.487006 -7.491669 0.000000 7.485369
112.200000 7.491718 -7.487081 7.485655 -7.485450 7.485449 -7.485449 7.485450 -7.485655 7.487081 -7.491718 0.000000 7.485450
112.300000 7.491767 -7.487155 7.485736 -7.485531 7.485530 -7.485530 7.485531 -7.485736 7.487155 -7.491767 0.000000 7.485531
112.400000 7.491815 -7.487228 7.485815 -7.485611 7.485610 -7.485610 7.485611 -7.485815 7.487228 -7.491815 0.000000 7.485611
112.500000 7.491863 -7.487301 7.485895 -7.485691 7.485690 -7.485690 7.485691 -7.485895 7.487301 -7.491863 0.000000 7.485691
112.600000 7.491911 -7.487374 7.485974 -7.485771 7.485770 -7.485770 7.485771 -7.485974 7.487374 -7.491911 0.000000 7.485771
112.700000 7.491958 -7.487446 7.486052 -7.485850 7.485849 -7.485849 7.485850 -7.486053 7.487446 -7.491958 0.000000 7.485850
112.800000 7.492006 -7.487518 7.486131 -7.485929 7.485927 -7.485927 7.485929 -7.486131 7.487518 -7.492006 0.000000 7.485929
112.900000 7.492053 -7.487589 7.486208 -7.486007 7.486005 -7.486005 7.486007 -7.486208 7.487589 -7.492053 0.000000 7.486007
113.000000 7.492099 -7.487660 7.486286 -7.486085 7.486083 -7.486083 7.486085 -7.486286 7.487660 -7.492099 0.000000 7.486085
113.100000 7.492146 -7.487730 7.486362 -7.486162 7.486160 -7.486160 7.486162 -7.486362 7.487730 -7.492146 0.000000 7.486162
113.200000 7.492192 -7.487801 7.486439 -7.486239 7.486237 -7.486237 7.486239 -7.486439 7.487801 -7.492192 0.000000 7.486239
113.300000 7.492237 -7.487870 7.486515 -7.486316 7.486314 -7.486314 7.486316 -7.486515 7.487870 -7.492237 0.000000 7.486316
113.400000 7.492283 -7.487940 7.486590 -7.486392 7.486390 -7.486390 7.486392 -7.486590 7.487940 -7.492283 0.000000 7.486392
113.500000 7.492328 -7.488009 7.486665 -7.486467 7.486465 -7.486465 7.486467 -7.486665 7.488009 -7.492328 0.000000 7.486467
113.600000 7.492373 -7.488077 7.486740 -7.486543 7.486541 -7.486541 7.486543 -7.486740 7.488077 -7.492373 0.000000 7.486543
113.700000 7.492418 -7.488145 7.486814 -7.486617 7.486615 -7.486615 7.486617 -7.486814 7.488145 -7.492418 0.000000 7.486617
113.800000 7.492462 -7.488213 7.486888 -7.486692 7.486690 -7.486690 7.486692 -7.486888 7.488213 -7.492462 0.000000 7.486692
113.900000 7.492507 -7.488280 7.486962 -7.486766 7.486764 -7.486764 7.486766 -7.486962 7.488280 -7.492507 0.000000 7.486766
114.000000 7.492551 -7.488347 7.487035 -7.486839 7.486837 -7.486837 7.486839 -7.487035 7.488347 -7.492551 0.000000 7.486839
114.100000 7.492594 -7.488414 7.487107 -7.486913 7.486910 -7.486910 7.486913 -7.487107 7.488414 -7.492594 0.000000 7.486913
114.200000 7.492638 -7.488480 7.487180 -7.486985 7.486983 -7.486983 7.486985 -7.487180 7.488480 -7.492638 0.000000 7.486985
114.300000 7.492681 -7.488546 7.487252 -7.487058 7.487055 -7.487055 7.487058 -7.487252 7.488546 -7.492681 0.000000 7.487058
114.400000 7.492724 -7.488612 7.487323 -7.487130 7.487127 -7.487127 7.487130 -7.487323 7.488612 -7.492724 0.000000 7.487130
114.500000 7.492767 -7.488677 7.487394 -7.487201 7.487199 -7.487199 7.487201 -7.487394 7.488677 -7.492767 0.000000 7.487201
114.600000 7.492809 -7.488741 7.487465 -7.487272 7.487270 -7.487270 7.487272 -7.487465 7.488741 -7.492809 0.000000 7.487272
114.700000 7.492851 -7.488806 7.487535 -7.487343 7.487341 -7.487341 7.487343 -7.487535 7.488806 -7.492851 0.000000 7.487343
114.800000 7.492893 -7.488870 7.487605 -7.487414 7.487411 -7.487411 7.487414 -7.487605 7.488870 -7.492893 0.000000 7.487414
114.900000 7.492935 -7.488933 7.487674 -7.487484 7.487481 -7.487481 7.487484 -7.487674 7.488933 -7.492935 0.000000 7.487484
115.000000 7.492976 -7.488997 7.487743 -7.487553 7.487550 -7.487550 7.487553 -7.487743 7.488997 -7.492976 0.000000 7.487553
115.100000 7.493017 -7.489060 7.487812 -7.487622 7.487620 -7.487620 7.487622 -7.487812 7.489060 -7.493017 0.000000 7.487622
115.200000 7.493058 -7.489122 7.487880 -7.487691 7.487688 -7.487688 7.487691 -7.487880 7.489122 -7.493058 0.000000 7.487691
115.300000 7.493099 -7.489184 7.487948 -7.487760 7.487757 -7.487757 7.487760 -7.487948 7.489184 -7.493099 0.000000 7.487760
115.400000 7.493139 -7.489246 7.488016 -7.487828 7.487825 -7.487825 7.487828 -7.488016 7.489246 -7.493139 0.000000 7.487828
115.500000 7.493180 -7.489308 7.488083 -7.487895 7.487892 -7.487892 7.487895 -7.488083 7.489308 -7.493180 0.000000 7.487895
115.600000 7.493220 -7.489369 7.488150 -7.487963 7.487960 -7.487960 7.487963 -7.488150 7.489369 -7.493220 0.000000 7.487963
115.700000 7.493259 -7.489429 7.488216 -7.488030 7.488026 -7.488026 7.488030 -7.488216 7.489429 -7.493259 0.000000 7.488030
115.800000 7.493299 -7.489490 7.488282 -7.488096 7.488093 -7.488093 7.488096 -7.488282 7.489490 -7.493299 0.000000 7.488096
115.900000 7.493338 -7.489550 7.488348 -7.488162 7.488159 -7.488159 7.488162 -7.488348 7.489550 -7.493338 0.000000 7.488162
116.000000 7.493377 -7.489610 7.488413 -7.488228 7.488225 -7.488225 7.488228 -7.488413 7.489610 -7.493377 0.000000 7.488228
116.100000 7.493416 -7.489669 7.488478 -7.488294 7.488290 -7.488290 7.488294 -7.488478 7.489669 -7.493416 0.000000 7.488294
116.200000 7.493455 -7.489728 7.488542 -7.488359 7.488355 -7.488355 7.488359 -7.488542 7.489728 -7.493455 0.000000 7.488359
116.300000 7.493493 -7.489787 7.488607 -7.488424 7.488420 -7.488420 7.488424 -7.488607 7.489787 -7.493493 0.000000 7.488424
116.400000 7.493531 -7.489845 7.488670 -7.488488 7.488484 -7.488484 7.488488 -7.488670 7.489845 -7.493531 0.000000 7.488488
116.500000 7.493569 -7.489903 7.488734 -7.488552 7.488548 -7.488548 7.488552 -7.488734 7.489903 -7.493569 0.000000 7.488552
116.600000 7.493607 -7.489961 7.488797 -7.488616 7.488612 -7.488612 7.488616 -7.488797 7.489961 -7.493607 0.000000 7.488616
116.700000 7.493644 -7.490018 7.488860 -7.488679 7.488675 -7.488675 7.488679 -7.488860 7.490018 -7.493644 0.000000 7.488679
116.800000 7.493681 -7.490075 7.488922 -7.488742 7.488738 -7.488738 7.488742 -7.488922 7.490075 -7.493681 0.000000 7.488742
116.900000 7.493719 -7.490132 7.488984 -7.488805 7.488801 -7.488801 7.488805 -7.488984 7.490132 -7.493719 0.000000 7.488805
117.000000 7.493755 -7.490189 7.489046 -7.488867 7.488863 -7.488863 7.488867 -7.489046 7.490189 -7.493755 0.000000 7.488867
117.100000 7.493792 -7.490245 7.489107 -7.488929 7.488925 -7.488925 7.488929 -7.489107 7.490245 -7.493792 0.000000 7.488929
117.200000 7.493828 -7.490300 7.489168 -7.488990 7.488986 -7.488986 7.488990 -7.489169 7.490300 -7.493828 0.000000 7.488990
117.300000 7.493864 -7.490356 7.489229 -7.489052 7.489047 -7.489047 7.489052 -7.489229 7.490356 -7.493864 0.000000 7.489052
117.400000 7.493900 -7.490411 7.489290 -7.489112 7.489108 -7.489108 7.489112 -7.489290 7.490411 -7.493900 0.000000 7.489112
117.500000 7.493936 -7.490466 7.489350 -7.489173 7.489169 -7.489169 7.489173 -7.489350 7.490466 -7.493936 0.000000 7.489173
117.600000 7.493972 -7.490520 7.489409 -7.489233 7.489229 -7.489229 7.489233 -7.489409 7.490520 -7.493972 0.000000 7.489233
117.700000 7.494007 -7.490575 7.489469 -7.489293 7.489289 -7.489289 7.489293 -7.489469 7.490575 -7.494007 0.000000 7.489293
117.800000 7.494042 -7.490628 7.489528 -7.489353 7.489348 -7.489348 7.489353 -7.489528 7.490628 -7.494042 0.000000 7.489353
117.900000 7.494077 -7.490682 7.489586 -7.489412 7.489408 -7.489408 7.489412 -7.489586 7.490682 -7.494077 0.000000 7.489412
118.000000 7.494112 -7.490735 7.489645 -7.489471 7.489466 -7.489466 7.489471 -7.489645 7.490735 -7.494112 0.000000 7.489471
118.100000 7.494146 -7.490788 7.489703 -7.489529 7.489525 -7.489525 7.489529 -7.489703 7.490788 -7.494146 0.000000 7.489529
118.200000 7.494180 -7.490841 7.489760 -7.489588 7.489583 -7.489583 7.489588 -7.489760 7.490841 -7.494180 0.000000 7.489588
118.300000 7.494215 -7.490893 7.489818 -7.489645 7.489641 -7.489641 7.489645 -7.489818 7.490893 -7.494215 0.000000 7.489645
118.400000 7.494248 -7.490945 7.489875 -7.489703 7.489698 -7.489698 7.489703 -7.489875 7.490945 -7.494248 0.000000 7.489703
118.500000 7.494282 -7.490997 7.489932 -7.489760 7.489756 -7.489756 7.489760 -7.489932 7.490997 -7.494282 0.000000 7.489760
118.600000 7.494316 -7.491048 7.489988 -7.489817 7.489813 -7.489813 7.489817 -7.489988 7.491049 -7.494316 0.000000 7.489817
118.700000 7.494349 -7.491100 7.490044 -7.489874 7.489869 -7.489869 7.489874 -7.490044 7.491100 -7.494349 0.000000 7.489874
118.800000 7.494382 -7.491151 7.490100 -7.489930 7.489925 -7.489925 7.489930 -7.490100 7.491151 -7.494382 0.000000 7.489930
118.900000 7.494415 -7.491201 7.490155 -7.489986 7.489981 -7.489981 7.489986 -7.490155 7.491201 -7.494415 0.000000 7.489986
119.000000 7.494448 -7.491251 7.490211 -7.490042 7.490037 -7.490037 7.490042 -7.490211 7.491251 -7.494448 0.000000 7.490042
119.100000 7.494480 -7.491301 7.490266 -7.490097 7.490092 -7.490092 7.490097 -7.490266 7.491301 -7.494480 0.000000 7.490097
119.200000 7.494512 -7.491351 7.490320 -7.490152 7.490147 -7.490147 7.490152 -7.490320 7.491351 -7.494512 0.000000 7.490152
119.300000 7.494545 -7.491401 7.490374 -7.490207 7.490202 -7.490202 7.490207 -7.490374 7.491401 -7.494545 0.000000 7.490207
119.400000 7.494577 -7.491450 7.490428 -7.490262 7.490257 -7.490257 7.490262 -7.490428 7.491450 -7.494577 0.000000 7.490262
119.500000 7.494608 -7.491499 7.490482 -7.490316 7.490311 -7.490311 7.490316 -7.490482 7.491499 -7.494608 0.000000 7.490316
119.600000 7.494640 -7.491547 7.490535 -7.490370 7.490365 -7.490365 7.490370 -7.490535 7.491547 -7.494640 0.000000 7.490370
119.700000 7.494671 -7.491596 7.490588 -7.490423 7.490418 -7.490418 7.490423 -7.490588 7.491596 -7.494671 0.000000 7.490423
119.800000 7.494702 -7.491644 7.490641 -7.490476 7.490471 -7.490471 7.490476 -7.490641 7.491644 -7.494702 0.000000 7.490476
119.900000 7.494733 -7.491691 7.490694 -7.490529 7.490524 -7.490524 7.490529 -7.490694 7.491691 -7.494733 0.000000 7.490529
120.000000 7.494764 -7.491739 7.490746 -7.490582 7.490577 -7.490577 7.490582 -7.490746 7.491739 -7.494764 0.000000 7.490582
120.100000 7.494795 -7.491786 7.490798 -7.490634 7.490629 -7.490629 7.490634 -7.490798 7.491786 -7.494795 0.000000 7.490634
120.200000 7.494825 -7.491833 7.490849 -7.490687 7.490681 -7.490681 7.490687 -7.490849 7.491833 -7.494825 0.000000 7.490687
120.300000 7.494856 -7.491880 7.490900 -7.490738 7.490733 -7.490733 7.490738 -7.490900 7.491880 -7.494856 0.000000 7.490738
120.400000 7.494886 -7.491926 7.490951 -7.490790 7.490785 -7.490785 7.490790 -7.490951 7.491926 -7.494886 0.000000 7.490790
120.500000 7.494916 -7.491972 7.491002 -7.490841 7.490836 -7.490836 7.490841 -7.491002 7.491972 -7.494916 0.000000 7.490841
120.600000 7.494946 -7.492018 7.491053 -7.490892 7.490887 -7.490887 7.490892 -7.491053 7.492018 -7.494946 0.000000 7.490892
120.700000 7.494975 -7.492064 7.491103 -7.490943 7.490937 -7.490937 7.490943 -7.491103 7.492064 -7.494975 0.000000 7.490943
120.800000 7.495005 -7.492109 7.491153 -7.490993 7.490988 -7.490988 7.490993 -7.491153 7.492109 -7.495005 0.000000 7.490993
120.900000 7.495034 -7.492154 7.491202 -7.491043 7.491038 -7.491038 7.491043 -7.491202 7.492154 -7.495034 0.000000 7.491043
121.000000 7.495063 -7.492199 7.491252 -7.491093 7.491087 -7.491087 7.491093 -7.491252 7.492199 -7.495063 0.000000 7.491093
121.100000 7.495092 -7.492244 7.491301 -7.491143 7.491137 -7.491137 7.491143 -7.491301 7.492244 -7.495092 0.000000 7.491143
121.200000 7.495120 -7.492288 7.491349 -7.491192 7.491186 -7.491186 7.491192 -7.491349 7.492288 -7.495120 0.000000 7.491192
121.300000 7.495149 -7.492332 7.491398 -7.491241 7.491235 -7.491235 7.491241 -7.491398 7.492332 -7.495149 0.000000 7.491241
121.400000 7.495177 -7.492376 7.491446 -7.491290 7.491284 -7.491284 7.491290 -7.491446 7.492376 -7.495177 0.000000 7.491290
121.500000 7.495206 -7.492419 7.491494 -7.491338 7.491332 -7.491332 7.491338 -7.491494 7.492419 -7.495206 0.000000 7.491338
121.600000 7.495234 -7.492463 7.491542 -7.491386 7.491380 -7.491380 7.491386 -7.491542 7.492463 -7.495234 0.000000 7.491386
121.700000 7.495262 -7.492506 7.491589 -7.491434 7.491428 -7.491428 7.491434 -7.491589 7.492506 -7.495262 0.000000 7.491434
121.800000 7.495289 -7.492549 7.491636 -7.491482 7.491476 -7.491476 7.491482 -7.491636 7.492549 -7.495289 0.000000 7.491482
121.900000 7.495317 -7.492591 7.491683 -7.491529 7.491523 -7.491523 7.491529 -7.491683 7.492591 -7.495317 0.000000 7.491529
122.000000 7.495344 -7.492634 7.491730 -7.491576 7.491570 -7.491570 7.491576 -7.491730 7.492634 -7.495344 0.000000 7.491576
122.100000 7.495372 -7.492676 7.491776 -7.491623 7.491617 -7.491617 7.491623 -7.491776 7.492676 -7.495372 0.000000 7.491623
122.200000 7.495399 -7.492718 7.491822 -7.491670 7.491664 -7.491664 7.491670 -7.491822 7.492718 -7.495399 0.000000 7.491670
122.300000 7.495426 -7.492759 7.491868 -7.491716 7.491710 -7.491710 7.491716 -7.491868 7.492759 -7.495426 0.000000 7.491716
122.400000 7.495452 -7.492801 7.491914 -7.491762 7.491756 -7.491756 7.491762 -7.491914 7.492801 -7.495452 0.000000 7.491762
122.500000 7.495479 -7.492842 7.491959 -7.491808 7.491802 -7.491802 7.491808 -7.491959 7.492842 -7.495479 0.000000 7.491808
122.600000 7.495505 -7.492883 7.492004 -7.491853 7.491847 -7.491847 7.491853 -7.492004 7.492883 -7.495505 0.000000 7.491853
122.700000 7.495532 -7.492923 7.492049 -7.491899 7.491893 -7.491893 7.491899 -7.492049 7.492923 -7.495532 0.000000 7.491899
122.800000 7.495558 -7.492964 7.492094 -7.491944 7.491938 -7.491938 7.491944 -7.492094 7.492964 -7.495558 0.000000 7.491944
122.900000 7.495584 -7.493004 7.492138 -7.491989 7.491983 -7.491983 7.491989 -7.492138 7.493004 -7.495584 0.000000 7.491989
123.000000 7.495610 -7.493044 7.492182 -7.492033 7.492027 -7.492027 7.492033 -7.492182 7.493044 -7.495610 0.000000 7.492033
123.100000 7.495635 -7.493084 7.492226 -7.492078 7.492071 -7.492071 7.492078 -7.492226 7.493084 -7.495635 0.000000 7.492078
123.200000 7.495661 -7.493123 7.492269 -7.492122 7.492115 -7.492115 7.492122 -7.492269 7.493123 -7.495661 0.000000 7.492122
123.300000 7.495686 -7.493163 7.492313 -7.492165 7.492159 -7.492159 7.492165 -7.492313 7.493163 -7.495686 0.000000 7.492165
123.400000 7.495711 -7.493202 7.492356 -7.492209 7.492203 -7.492203 7.492209 -7.492356 7.493202 -7.495711 0.000000 7.492209
123.500000 7.495736 -7.493240 7.492399 -7.492252 7.492246 -7.492246 7.492252 -7.492399 7.493240 -7.495736 0.000000 7.492252
123.600000 7.495761 -7.493279 7.492441 -7.492295 7.492289 -7.492289 7.492295 -7.492441 7.493279 -7.495761 0.000000 7.492295
123.700000 7.495786 -7.493318 7.492484 -7.492338 7.492332 -7.492332 7.492338 -7.492484 7.493318 -7.495786 0.000000 7.492338
123.800000 7.495811 -7.493356 7.492526 -7.492381 7.492375 -7.492375 7.492381 -7.492526 7.493356 -7.495811 0.000000 7.492381
123.900000 7.495835 -7.493394 7.492568 -7.492423 7.492417 -7.492417 7.492423 -7.492568 7.493394 -7.495835 0.000000 7.492423
124.000000 7.495860 -7.493431 7.492609 -7.492465 7.492459 -7.492459 7.492465 -7.492609 7.493431 -7.495860 0.000000 7.492465
124.100000 7.495884 -7.493469 7.492651 -7.492507 7.492501 -7.492501 7.492507 -7.492651 7.493469 -7.495884 0.000000 7.492507
124.200000 7.495908 -7.493506 7.492692 -7.492549 7.492543 -7.492543 7.492549 -7.492692 7.493506 -7.495908 0.000000 7.492549
124.300000 7.495932 -7.493543 7.492733 -7.492591 7.492584 -7.492584 7.492591 -7.492733 7.493543 -7.495932 0.000000 7.492591
124.400000 7.495956 -7.493580 7.492774 -7.492632 7.492625 -7.492625 7.492632 -7.492774 7.493580 -7.495956 0.000000 7.492632
124.500000 7.495979 -7.493617 7.492814 -7.492673 7.492666 -7.492666 7.492673 -7.492814 7.493617 -7.495979 0.000000 7.492673
124.600000 7.496003 -7.493653 7.492855 -7.492713 7.492707 -7.492707 7.492713 -7.492855 7.493653 -7.496003 0.000000 7.492713
124.700000 7.496026 -7.493690 7.492895 -7.492754 7.492748 -7.492748 7.492754 -7.492895 7.493690 -7.496026 0.000000 7.492754
124.800000 7.496049 -7.493726 7.492934 -7.492794 7.492788 -7.492788 7.492794 -7.492934 7.493726 -7.496049 0.000000 7.492794
124.900000 7.496073 -7.493762 7.492974 -7.492834 7.492828 -7.492828 7.492834 -7.492974 7.493762 -7.496073 0.000000 7.492834
125.000000 7.496096 -7.493797 7.493014 -7.492874 7.492868 -7.492868 7.492874 -7.493014 7.493797 -7.496096 0.000000 7.492874
125.100000 7.496118 -7.493833 7.493053 -7.492914 7.492907 -7.492907 7.492914 -7.493053 7.493833 -7.496118 0.000000 7.492914
125.200000 7.496141 -7.493868 7.493092 -7.492953 7.492947 -7.492947 7.492953 -7.493092 7.493868 -7.496141 0.000000 7.492953
125.300000 7.496164 -7.493903 7.493130 -7.492993 7.492986 -7.492986 7.492993 -7.493130 7.493903 -7.496164 0.000000 7.492993
125.400000 7.496186 -7.493938 7.493169 -7.493032 7.493025 -7.493025 7.493032 -7.493169 7.493938 -7.496186 0.000000 7.493032
125.500000 7.496208 -7.493973 7.493207 -7.493070 7.493064 -7.493064 7.493070 -7.493207 7.493973 -7.496208 0.000000 7.493070
125.600000 7.496230 -7.494007 7.493245 -7.493109 7.493102 -7.493102 7.493109 -7.493245 7.494007 -7.496230 0.000000 7.493109
125.700000 7.496253 -7.494041 7.493283 -7.493147 7.493141 -7.493141 7.493147 -7.493283 7.494041 -7.496253 0.000000 7.493147
125.800000 7.496274 -7.494075 7.493321 -7.493185 7.493179 -7.493179 7.493185 -7.493321 7.494075 -7.496274 0.000000 7.493185
125.900000 7.496296 -7.494109 7.493358 -7.493223 7.493217 -7.493217 7.493223 -7.493358 7.494109 -7.496296 0.000000 7.493223
126.000000 7.496318 -7.494143 7.493396 -7.493261 7.493254 -7.493254 7.493261 -7.493396 7.494143 -7.496318 0.000000 7.493261
126.100000 7.496339 -7.494176 7.493433 -7.493298 7.493292 -7.493292 7.493298 -7.493433 7.494176 -7.496339 0.000000 7.493298
126.200000 7.496361 -7.494210 7.493469 -7.493336 7.493329 -7.493329 7.493336 -7.493469 7.494210 -7.496361 0.000000 7.493336
126.300000 7.496382 -7.494243 7.493506 -7.493373 7.493366 -7.493366 7.493373 -7.493506 7.494243 -7.496382 0.000000 7.493373
126.400000 7.496403 -7.494276 7.493542 -7.493410 7.493403 -7.493403 7.493410 -7.493542 7.494276 -7.496403 0.000000 7.493410
126.500000 7.496424 -7.494308 7.493579 -7.493446 7.493439 -7.493439 7.493446 -7.493579 7.494308 -7.496424 0.000000 7.493446
126.600000 7.496445 -7.494341 7.493615 -7.493483 7.493476 -7.493476 7.493483 -7.493615 7.494341 -7.496445 0.000000 7.493483
126.700000 7.496466 -7.494373 7.493650 -7.493519 7.493512 -7.493512 7.493519 -7.493650 7.494373 -7.496466 0.000000 7.493519
126.800000 7.496486 -7.494405 7.493686 -7.493555 7.493548 -7.493548 7.493555 -7.493686 7.494405 -7.496486 0.000000 7.493555
126.900000 7.496507 -7.494437 7.493722 -7.493591 7.493584 -7.493584 7.493591 -7.493722 7.494437 -7.496507 0.000000 7.493591
127.000000 7.496527 -7.494469 7.493757 -7.493627 7.493620 -7.493620 7.493627 -7.493757 7.494469 -7.496527 0.000000 7.493627
127.100000 7.496548 -7.494501 7.493792 -7.493662 7.493655 -7.493655 7.493662 -7.493792 7.494501 -7.496548 0.000000 7.493662
127.200000 7.496568 -7.494532 7.493827 -7.493697 7.493690 -7.493690 7.493697 -7.493827 7.494532 -7.496568 0.000000 7.493697
127.300000 7.496588 -7.494563 7.493861 -7.493732 7.493725 -7.493725 7.493732 -7.493861 7.494563 -7.496588 0.000000 7.493732
127.400000 7.496608 -7.494594 7.493896 -7.493767 7.493760 -7.493760 7.493767 -7.493896 7.494594 -7.496608 0.000000 7.493767
127.500000 7.496628 -7.494625 7.493930 -7.493802 7.493795 -7.493795 7.493802 -7.493930 7.494625 -7.496628 0.000000 7.493802
127.600000 7.496647 -7.494656 7.493964 -7.493836 7.493829 -7.493829 7.493836 -7.493964 7.494656 -7.496647 0.000000 7.493836
127.700000 7.496667 -7.494687 7.493998 -7.493871 7.493864 -7.493864 7.493871 -7.493998 7.494687 -7.496667 0.000000 7.493871
127.800000 7.496686 -7.494717 7.494031 -7.493905 7.493898 -7.493898 7.493905 -7.494031 7.494717 -7.496686 0.000000 7.493905
127.900000 7.496706 -7.494747 7.494065 -7.493939 7.493932 -7.493932 7.493939 -7.494065 7.494747 -7.496706 0.000000 7.493939
128.000000 7.496725 -7.494777 7.494098 -7.493972 7.493965 -7.493965 7.493972 -7.494098 7.494777 -7.496725 0.000000 7.493972
128.100000 7.496744 -7.494807 7.494131 -7.494006 7.493999 -7.493999 7.494006 -7.494131 7.494807 -7.496744 0.000000 7.494006
128.200000 7.496763 -7.494837 7.494164 -7.494039 7.494032 -7.494032 7.494039 -7.494164 7.494837 -7.496763 0.000000 7.494039
128.300000 7.496782 -7.494866 7.494197 -7.494072 7.494065 -7.494065 7.494072 -7.494197 7.494866 -7.496782 0.000000 7.494072
128.400000 7.496801 -7.494895 7.494229 -7.494105 7.494098 -7.494098 7.494105 -7.494229 7.494895 -7.496801 0.000000 7.494105
128.500000 7.496820 -7.494925 7.494262 -7.494138 7.494131 -7.494131 7.494138 -7.494262 7.494925 -7.496820 0.000000 7.494138
128.600000 7.496838 -7.494954 7.494294 -7.494171 7.494164 -7.494164 7.494171 -7.494294 7.494954 -7.496838 0.000000 7.494171
128.700000 7.496857 -7.494982 7.494326 -7.494203 7.494196 -7.494196 7.494203 -7.494326 7.494982 -7.496857 0.000000 7.494203
128.800000 7.496875 -7.495011 7.494358 -7.494236 7.494228 -7.494228 7.494236 -7.494358 7.495011 -7.496875 0.000000 7.494236
128.900000 7.496893 -7.495040 7.494389 -7.494268 7.494261 -7.494261 7.494268 -7.494389 7.495040 -7.496893 0.000000 7.494268
129.000000 7.496911 -7.495068 7.494421 -7.494300 7.494292 -7.494292 7.494300 -7.494421 7.495068 -7.496911 0.000000 7.494300
129.100000 7.496929 -7.495096 7.494452 -7.494331 7.494324 -7.494324 7.494331 -7.494452 7.495096 -7.496929 0.000000 7.494331
129.200000 7.496947 -7.495124 7.494483 -7.494363 7.494356 -7.494356 7.494363 -7.494483 7.495124 -7.496947 0.000000 7.494363
129.300000 7.496965 -7.495152 7.494514 -7.494394 7.494387 -7.494387 7.494394 -7.494514 7.495152 -7.496965 0.000000 7.494394
129.400000 7.496983 -7.495180 7.494545 -7.494425 7.494418 -7.494418 7.494425 -7.494545 7.495180 -7.496983 0.000000 7.494425
129.500000 7.497000 -7.495207 7.494576 -7.494456 7.494449 -7.494449 7.494456 -7.494576 7.495207 -7.497000 0.000000 7.494456
129.600000 7.497018 -7.495235 7.494606 -7.494487 7.494480 -7.494480 7.494487 -7.494606 7.495235 -7.497018 0.000000 7.494487
129.700000 7.497035 -7.495262 7.494636 -7.494518 7.494511 -7.494511 7.494518 -7.494636 7.495262 -7.497035 0.000000 7.494518
129.800000 7.497053 -7.495289 7.494666 -7.494548 7.494541 -7.494541 7.494548 -7.494666 7.495289 -7.497053 0.000000 7.494548
129.900000 7.497070 -7.495316 7.494696 -7.494579 7.494572 -7.494572 7.494579 -7.494696 7.495316 -7.497070 0.000000 7.494579
130.000000 7.497087 -7.495343 7.494726 -7.494609 7.494602 -7.494602 7.494609 -7.494726 7.495343 -7.497087 0.000000 7.494609
130.100000 7.497104 -7.495369 7.494756 -7.494639 7.494632 -7.494632 7.494639 -7.494756 7.495369 -7.497104 0.000000 7.494639
130.200000 7.497121 -7.495396 7.494785 -7.494669 7.494661 -7.494661 7.494669 -7.494785 7.495396 -7.497121 0.000000 7.494669
130.300000 7.497138 -7.495422 7.494814 -7.494698 7.494691 -7.494691 7.494698 -7.494814 7.495422 -7.497138 0.000000 7.494698
130.400000 7.497154 -7.495448 7.494843 -7.494728 7.494721 -7.494721 7.494728 -7.494843 7.495448 -7.497154 0.000000 7.494728
130.500000 7.497171 -7.495474 7.494872 -7.494757 7.494750 -7.494750 7.494757 -7.494872 7.495474 -7.497171 0.000000 7.494757
130.600000 7.497188 -7.495500 7.494901 -7.494786 7.494779 -7.494779 7.494786 -7.494901 7.495500 -7.497188 0.000000 7.494786
130.700000 7.497204 -7.495526 7.494930 -7.494815 7.494808 -7.494808 7.494815 -7.494930 7.495526 -7.497204 0.000000 7.494815
130.800000 7.497220 -7.495551 7.494958 -7.494844 7.494837 -7.494837 7.494844 -7.494958 7.495551 -7.497220 0.000000 7.494844
130.900000 7.497237 -7.495577 7.494986 -7.494873 7.494866 -7.494866 7.494873 -7.494986 7.495577 -7.497237 0.000000 7.494873
131.000000 7.497253 -7.495602 7.495015 -7.494901 7.494894 -7.494894 7.494901 -7.495015 7.495602 -7.497253 0.000000 7.494901
131.100000 7.497269 -7.495627 7.495043 -7.494930 7.494923 -7.494923 7.494930 -7.495043 7.495627 -7.497269 0.000000 7.494930
131.200000 7.497285 -7.495652 7.495070 -7.494958 7.494951 -7.494951 7.494958 -7.495070 7.495652 -7.497285 0.000000 7.494958
131.300000 7.497300 -7.495677 7.495098 -7.494986 7.494979 -7.494979 7.494986 -7.495098 7.495677 -7.497300 0.000000 7.494986
131.400000 7.497316 -7.495702 7.495126 -7.495014 7.495007 -7.495007 7.495014 -7.495126 7.495702 -7.497316 0.000000 7.495014
131.500000 7.497332 -7.495726 7.495153 -7.495042 7.495034 -7.495034 7.495042 -7.495153 7.495726 -7.497332 0.000000 7.495042
131.600000 7.497347 -7.495751 7.495180 -7.495069 7.495062 -7.495062 7.495069 -7.495180 7.495751 -7.497347 0.000000 7.495069
131.700000 7.497363 -7.495775 7.495207 -7.495097 7.495089 -7.495089 7.495097 -7.495207 7.495775 -7.497363 0.000000 7.495097
131.800000 7.497378 -7.495799 7.495234 -7.495124 7.495117 -7.495117 7.495124 -7.495234 7.495799 -7.497378 0.000000 7.495124
131.900000 7.497394 -7.495823 7.495261 -7.495151 7.495144 -7.495144 7.495151 -7.495261 7.495823 -7.497394 0.000000 7.495151
132.000000 7.497409 -7.495847 7.495287 -7.495178 7.495171 -7.495171 7.495178 -7.495287 7.495847 -7.497409 0.000000 7.495178
132.100000 7.497424 -7.495871 7.495314 -7.495205 7.495198 -7.495198 7.495205 -7.495314 7.495871 -7.497424 0.000000 7.495205
132.200000 7.497439 -7.495894 7.495340 -7.495232 7.495224 -7.495224 7.495232 -7.495340 7.495894 -7.497439 0.000000 7.495232
132.300000 7.497454 -7.495918 7.495366 -7.495258 7.495251 -7.495251 7.495258 -7.495366 7.495918 -7.497454 0.000000 7.495258
132.400000 7.497469 -7.495941 7.495392 -7.495285 7.495277 -7.495277 7.495285 -7.495392 7.495941 -7.497469 0.000000 7.495285
132.500000 7.497484 -7.495964 7.495418 -7.495311 7.495304 -7.495304 7.495311 -7.495418 7.495964 -7.497484 0.000000 7.495311
132.600000 7.497498 -7.495987 7.495444 -7.495337 7.495330 -7.495330 7.495337 -7.495444 7.495987 -7.497498 0.000000 7.495337
132.700000 7.497513 -7.496010 7.495469 -7.495363 7.495356 -7.495356 7.495363 -7.495469 7.496010 -7.497513 0.000000 7.495363
132.800000 7.497527 -7.496033 7.495495 -7.495389 7.495381 -7.495381 7.495389 -7.495495 7.496033 -7.497527 0.000000 7.495389
132.900000 7.497542 -7.496056 7.495520 -7.495414 7.495407 -7.495407 7.495414 -7.495520 7.496056 -7.497542 0.000000 7.495414
133.000000 7.497556 -7.496078 7.495545 -7.495440 7.495433 -7.495433 7.495440 -7.495545 7.496078 -7.497556 0.000000 7.495440
133.100000 7.497570 -7.496101 7.495570 -7.495465 7.495458 -7.495458 7.495465 -7.495570 7.496101 -7.497570 0.000000 7.495465
133.200000 7.497585 -7.496123 7.495595 -7.495490 7.495483 -7.495483 7.495490 -7.495595 7.496123 -7.497585 0.000000 7.495490
133.300000 7.497599 -7.496145 7.495620 -7.495516 7.495508 -7.495508 7.495516 -7.495620 7.496145 -7.497599 0.000000 7.495516
133.400000 7.497613 -7.496167 7.495644 -7.495541 7.495533 -7.495533 7.495541 -7.495644 7.496167 -7.497613 0.000000 7.495541
133.500000 7.497627 -7.496189 7.495669 -7.495565 7.495558 -7.495558 7.495565 -7.495669 7.496189 -7.497627 0.000000 7.495565
133.600000 7.497640 -7.496211 7.495693 -7.495590 7.495583 -7.495583 7.495590 -7.495693 7.496211 -7.497640 0.000000 7.495590
133.700000 7.497654 -7.496232 7.495717 -7.495615 7.495607 -7.495607 7.495615 -7.495717 7.496232 -7.497654 0.000000 7.495615
133.800000 7.497668 -7.496254 7.495741 -7.495639 7.495632 -7.495632 7.495639 -7.495741 7.496254 -7.497668 0.000000 7.495639
133.900000 7.497681 -7.496275 7.495765 -7.495663 7.495656 -7.495656 7.495663 -7.495765 7.496275 -7.497681 0.000000 7.495663
134.000000 7.497695 -7.496297 7.495789 -7.495687 7.495680 -7.495680 7.495687 -7.495789 7.496297 -7.497695 0.000000 7.495687
134.100000 7.497708 -7.496318 7.495813 -7.495711 7.495704 -7.495704 7.495711 -7.495813 7.496318 -7.497708 0.000000 7.495711
134.200000 7.497722 -7.496339 7.495836 -7.495735 7.495728 -7.495728 7.495735 -7.495836 7.496339 -7.497722 0.000000 7.495735
134.300000 7.497735 -7.496360 7.495859 -7.495759 7.495752 -7.495752 7.495759 -7.495859 7.496360 -7.497735 0.000000 7.495759
134.400000 7.497748 -7.496380 7.495883 -7.495783 7.495775 -7.495775 7.495783 -7.495883 7.496380 -7.497748 0.000000 7.495783
134.500000 7.497761 -7.496401 7.495906 -7.495806 7.495799 -7.495799 7.495806 -7.495906 7.496401 -7.497761 0.000000 7.495806
134.600000 7.497774 -7.496422 7.495929 -7.495829 7.495822 -7.495822 7.495829 -7.495929 7.496422 -7.497774 0.000000 7.495829
134.700000 7.497787 -7.496442 7.495952 -7.495853 7.495845 -7.495845 7.495853 -7.495952 7.496442 -7.497787 0.000000 7.495853
134.800000 7.497800 -7.496462 7.495974 -7.495876 7.495868 -7.495868 7.495876 -7.495974 7.496462 -7.497800 0.000000 7.495876
134.900000 7.497813 -7.496483 7.495997 -7.495899 7.495891 -7.495891 7.495899 -7.495997 7.496483 -7.497813 0.000000 7.495899
135.000000 7.497826 -7.496503 7.496019 -7.495921 7.495914 -7.495914 7.495921 -7.496019 7.496503 -7.497826 0.000000 7.495921
135.100000 7.497839 -7.496523 7.496042 -7.495944 7.495937 -7.495937 7.495944 -7.496042 7.496523 -7.497839 0.000000 7.495944
135.200000 7.497851 -7.496543 7.496064 -7.495967 7.495959 -7.495959 7.495967 -7.496064 7.496543 -7.497851 0.000000 7.495967
135.300000 7.497864 -7.496562 7.496086 -7.495989 7.495982 -7.495982 7.495989 -7.496086 7.496562 -7.497864 0.000000 7.495989
135.400000 7.497876 -7.496582 7.496108 -7.496012 7.496004 -7.496004 7.496012 -7.496108 7.496582 -7.497876 0.000000 7.496012
135.500000 7.497889 -7.496602 7.496130 -7.496034 7.496026 -7.496026 7.496034 -7.496130 7.496602 -7.497889 0.000000 7.496034
135.600000 7.497901 -7.496621 7.496151 -7.496056 7.496048 -7.496048 7.496056 -7.496151 7.496621 -7.497901 0.000000 7.496056
135.700000 7.497913 -7.496640 7.496173 -7.496078 7.496070 -7.496070 7.496078 -7.496173 7.496640 -7.497913 0.000000 7.496078
135.800000 7.497925 -7.496659 7.496195 -7.496100 7.496092 -7.496092 7.496100 -7.496195 7.496659 -7.497925 0.000000 7.496100
135.900000 7.497937 -7.496679 7.496216 -7.496121 7.496114 -7.496114 7.496121 -7.496216 7.496679 -7.497937 0.000000 7.496121
136.000000 7.497949 -7.496698 7.496237 -7.496143 7.496136 -7.496136 7.496143 -7.496237 7.496698 -7.497949 0.000000 7.496143
136.100000 7.497961 -7.496716 7.496258 -7.496164 7.496157 -7.496157 7.496164 -7.496258 7.496716 -7.497961 0.000000 7.496164
136.200000 7.497973 -7.496735 7.496279 -7.496186 7.496178 -7.496178 7.496186 -7.496279 7.496735 -7.497973 0.000000 7.496186
136.300000 7.497985 -7.496754 7.496300 -7.496207 7.496200 -7.496200 7.496207 -7.496300 7.496754 -7.497985 0.000000 7.496207
136.400000 7.497997 -7.496772 7.496321 -7.496228 7.496221 -7.496221 7.496228 -7.496321 7.496772 -7.497997 0.000000 7.496228
136.500000 7.498008 -7.496791 7.496342 -7.496249 7.496242 -7.496242 7.496249 -7.496342 7.496791 -7.498008 0.000000 7.496249
136.600000 7.498020 -7.496809 7.496362 -7.496270 7.496263 -7.496263 7.496270 -7.496362 7.496809 -7.498020 0.000000 7.496270
136.700000 7.498032 -7.496827 7.496382 -7.496291 7.496283 -7.496283 7.496291 -7.496382 7.496827 -7.498032 0.000000 7.496291
136.800000 7.498043 -7.496845 7.496403 -7.496311 7.496304 -7.496304 7.496311 -7.496403 7.496845 -7.498043 0.000000 7.496311
136.900000 7.498054 -7.496863 7.496423 -7.496332 7.496325 -7.496325 7.496332 -7.496423 7.496863 -7.498054 0.000000 7.496332
137.000000 7.498066 -7.496881 7.496443 -7.496352 7.496345 -7.496345 7.496352 -7.496443 7.496881 -7.498066 0.000000 7.496352
137.100000 7.498077 -7.496899 7.496463 -7.496373 7.496365 -7.496365 7.496373 -7.496463 7.496899 -7.498077 0.000000 7.496373
137.200000 7.498088 -7.496917 7.496483 -7.496393 7.496385 -7.496385 7.496393 -7.496483 7.496917 -7.498088 0.000000 7.496393
137.300000 7.498099 -7.496935 7.496503 -7.496413 7.496406 -7.496406 7.496413 -7.496503 7.496935 -7.498099 0.000000 7.496413
137.400000 7.498110 -7.496952 7.496522 -7.496433 7.496425 -7.496425 7.496433 -7.496522 7.496952 -7.498110 0.000000 7.496433
137.500000 7.498121 -7.496969 7.496542 -7.496453 7.496445 -7.496445 7.496453 -7.496542 7.496969 -7.498121 0.000000 7.496453
137.600000 7.498132 -7.496987 7.496561 -7.496472 7.496465 -7.496465 7.496472 -7.496561 7.496987 -7.498132 0.000000 7.496472
137.700000 7.498143 -7.497004 7.496580 -7.496492 7.496485 -7.496485 7.496492 -7.496580 7.497004 -7.498143 0.000000 7.496492
137.800000 7.498154 -7.497021 7.496600 -7.496512 7.496504 -7.496504 7.496512 -7.496600 7.497021 -7.498154 0.000000 7.496512
137.900000 7.498165 -7.497038 7.496619 -7.496531 7.496524 -7.496524 7.496531 -7.496619 7.497038 -7.498165 0.000000 7.496531
138.000000 7.498176 -7.497055 7.496638 -7.496550 7.496543 -7.496543 7.496550 -7.496638 7.497055 -7.498176 0.000000 7.496550
138.100000 7.498186 -7.497072 7.496657 -7.496569 7.496562 -7.496562 7.496569 -7.496657 7.497072 -7.498186 0.000000 7.496569
138.200000 7.498197 -7.497089 7.496675 -7.496589 7.496581 -7.496581 7.496589 -7.496675 7.497089 -7.498197 0.000000 7.496589
138.300000 7.498207 -7.497105 7.496694 -7.496608 7.496600 -7.496600 7.496608 -7.496694 7.497105 -7.498207 0.000000 7.496608
138.400000 7.498218 -7.497122 7.496713 -7.496626 7.496619 -7.496619 7.496626 -7.496713 7.497122 -7.498218 0.000000 7.496626
138.500000 7.498228 -7.497138 7.496731 -7.496645 7.496638 -7.496638 7.496645 -7.496731 7.497138 -7.498228 0.000000 7.496645
138.600000 7.498238 -7.497155 7.496749 -7.496664 7.496657 -7.496657 7.496664 -7.496749 7.497155 -7.498238 0.000000 7.496664
138.700000 7.498249 -7.497171 7.496768 -7.496682 7.496675 -7.496675 7.496682 -7.496768 7.497171 -7.498249 0.000000 7.496682
138.800000 7.498259 -7.497187 7.496786 -7.496701 7.496694 -7.496694 7.496701 -7.496786 7.497187 -7.498259 0.000000 7.496701
138.900000 7.498269 -7.497203 7.496804 -7.496719 7.496712 -7.496712 7.496719 -7.496804 7.497203 -7.498269 0.000000 7.496719
139.000000 7.498279 -7.497219 7.496822 -7.496738 7.496730 -7.496730 7.496738 -7.496822 7.497219 -7.498279 0.000000 7.496738
139.100000 7.498289 -7.497235 7.496840 -7.496756 7.496748 -7.496748 7.496756 -7.496840 7.497235 -7.498289 0.000000 7.496756
139.200000 7.498299 -7.497251 7.496857 -7.496774 7.496767 -7.496767 7.496774 -7.496857 7.497251 -7.498299 0.000000 7.496774
139.300000 7.498309 -7.497266 7.496875 -7.496792 7.496785 -7.496785 7.496792 -7.496875 7.497266 -7.498309 0.000000 7.496792
139.400000 7.498319 -7.497282 7.496892 -7.496810 7.496802 -7.496802 7.496810 -7.496892 7.497282 -7.498319 0.000000 7.496810
139.500000 7.498329 -7.497297 7.496910 -7.496827 7.496820 -7.496820 7.496827 -7.496910 7.497297 -7.498329 0.000000 7.496827
139.600000 7.498338 -7.497313 7.496927 -7.496845 7.496838 -7.496838 7.496845 -7.496927 7.497313 -7.498338 0.000000 7.496845
139.700000 7.498348 -7.497328 7.496944 -7.496863 7.496855 -7.496855 7.496863 -7.496944 7.497328 -7.498348 0.000000 7.496863
139.800000 7.498358 -7.497344 7.496962 -7.496880 7.496873 -7.496873 7.496880 -7.496962 7.497344 -7.498358 0.000000 7.496880
139.900000 7.498367 -7.497359 7.496979 -7.496897 7.496890 -7.496890 7.496897 -7.496979 7.497359 -7.498367 0.000000 7.496897
140.000000 7.498377 -7.497374 7.496996 -7.496915 7.496907 -7.496907 7.496915 -7.496996 7.497374 -7.498377 0.000000 7.496915
140.100000 7.498386 -7.497389 7.497013 -7.496932 7.496925 -7.496925 7.496932 -7.497013 7.497389 -7.498386 0.000000 7.496932
140.200000 7.498396 -7.497404 7.497029 -7.496949 7.496942 -7.496942 7.496949 -7.497029 7.497404 -7.498396 0.000000 7.496949
140.300000 7.498405 -7.497419 7.497046 -7.496966 7.496959 -7.496959 7.496966 -7.497046 7.497419 -7.498405 0.000000 7.496966
140.400000 7.498414 -7.497433 7.497063 -7.496983 7.496976 -7.496976 7.496983 -7.497063 7.497433 -7.498414 0.000000 7.496983
140.500000 7.498423 -7.497448 7.497079 -7.497000 7.496992 -7.496992 7.497000 -7.497079 7.497448 -7.498423 0.000000 7.497000
140.600000 7.498433 -7.497463 7.497095 -7.497016 7.497009 -7.497009 7.497016 -7.497095 7.497463 -7.498433 0.000000 7.497016
140.700000 7.498442 -7.497477 7.497112 -7.497033 7.497026 -7.497026 7.497033 -7.497112 7.497477 -7.498442 0.000000 7.497033
140.800000 7.498451 -7.497491 7.497128 -7.497049 7.497042 -7.497042 7.497049 -7.497128 7.497491 -7.498451 0.000000 7.497049
140.900000 7.498460 -7.497506 7.497144 -7.497066 7.497059 -7.497059 7.497066 -7.497144 7.497506 -7.498460 0.000000 7.497066
141.000000 7.498469 -7.497520 7.497160 -7.497082 7.497075 -7.497075 7.497082 -7.497160 7.497520 -7.498469 0.000000 7.497082
141.100000 7.498478 -7.497534 7.497176 -7.497098 7.497091 -7.497091 7.497098 -7.497176 7.497534 -7.498478 0.000000 7.497098
141.200000 7.498487 -7.497548 7.497192 -7.497115 7.497107 -7.497107 7.497115 -7.497192 7.497548 -7.498487 0.000000 7.497115
141.300000 7.498495 -7.497562 7.497208 -7.497131 7.497124 -7.497124 7.497131 -7.497208 7.497562 -7.498495 0.000000 7.497131
141.400000 7.498504 -7.497576 7.497223 -7.497147 7.497140 -7.497140 7.497147 -7.497223 7.497576 -7.498504 0.000000 7.497147
141.500000 7.498513 -7.497590 7.497239 -7.497162 7.497155 -7.497155 7.497162 -7.497239 7.497590 -7.498513 0.000000 7.497162
141.600000 7.498522 -7.497604 7.497254 -7.497178 7.497171 -7.497171 7.497178 -7.497254 7.497604 -7.498522 0.000000 7.497178
141.700000 7.498530 -7.497617 7.497270 -7.497194 7.497187 -7.497187 7.497194 -7.497270 7.497617 -7.498530 0.000000 7.497194
141.800000 7.498539 -7.497631 7.497285 -7.497210 7.497203 -7.497203 7.497210 -7.497285 7.497631 -7.498539 0.000000 7.497210
141.900000 7.498547 -7.497645 7.497300 -7.497225 7.497218 -7.497218 7.497225 -7.497300 7.497645 -7.498547 0.000000 7.497225
142.000000 7.498556 -7.497658 7.497316 -7.497241 7.497234 -7.497234 7.497241 -7.497316 7.497658 -7.498556 0.000000 7.497241
142.100000 7.498564 -7.497671 7.497331 -7.497256 7.497249 -7.497249 7.497256 -7.497331 7.497671 -7.498564 0.000000 7.497256
142.200000 7.498572 -7.497685 7.497346 -7.497271 7.497264 -7.497264 7.497271 -7.497346 7.497685 -7.498572 0.000000 7.497271
142.300000 7.498581 -7.497698 7.497360 -7.497286 7.497279 -7.497279 7.497286 -7.497361 7.497698 -7.498581 0.000000 7.497286
142.400000 7.498589 -7.497711 7.497375 -7.497302 7.497295 -7.497295 7.497302 -7.497375 7.497711 -7.498589 0.000000 7.497302
142.500000 7.498597 -7.497724 7.497390 -7.497317 7.497310 -7.497310 7.497317 -7.497390 7.497724 -7.498597 0.000000 7.497317
142.600000 7.498605 -7.497737 7.497405 -7.497331 7.497325 -7.497325 7.497331 -7.497405 7.497737 -7.498605 0.000000 7.497331
142.700000 7.498613 -7.497750 7.497419 -7.497346 7.497339 -7.497339 7.497346 -7.497419 7.497750 -7.498613 0.000000 7.497346
142.800000 7.498622 -7.497763 7.497434 -7.497361 7.497354 -7.497354 7.497361 -7.497434 7.497763 -7.498622 0.000000 7.497361
142.900000 7.498630 -7.497776 7.497448 -7.497376 7.497369 -7.497369 7.497376 -7.497448 7.497776 -7.498630 0.000000 7.497376
143.000000 7.498638 -7.497788 7.497462 -7.497390 7.497383 -7.497383 7.497390 -7.497462 7.497788 -7.498638 0.000000 7.497390
143.100000 7.498645 -7.497801 7.497477 -7.497405 7.497398 -7.497398 7.497405 -7.497477 7.497801 -7.498645 0.000000 7.497405
143.200000 7.498653 -7.497814 7.497491 -7.497419 7.497412 -7.497412 7.497419 -7.497491 7.497814 -7.498653 0.000000 7.497419
143.300000 7.498661 -7.497826 7.497505 -7.497434 7.497427 -7.497427 7.497434 -7.497505 7.497826 -7.498661 0.000000 7.497434
143.400000 7.498669 -7.497838 7.497519 -7.497448 7.497441 -7.497441 7.497448 -7.497519 7.497838 -7.498669 0.000000 7.497448
143.500000 7.498677 -7.497851 7.497533 -7.497462 7.497455 -7.497455 7.497462 -7.497533 7.497851 -7.498677 0.000000 7.497462
143.600000 7.498684 -7.497863 7.497547 -7.497476 7.497470 -7.497470 7.497476 -7.497547 7.497863 -7.498684 0.000000 7.497476
143.700000 7.498692 -7.497875 7.497561 -7.497490 7.497484 -7.497484 7.497490 -7.497561 7.497875 -7.498692 0.000000 7.497490
143.800000 7.498700 -7.497887 7.497574 -7.497504 7.497498 -7.497498 7.497504 -7.497574 7.497887 -7.498700 0.000000 7.497504
143.900000 7.498707 -7.497899 7.497588 -7.497518 7.497511 -7.497511 7.497518 -7.497588 7.497899 -7.498707 0.000000 7.497518
144.000000 7.498715 -7.497911 7.497601 -7.497532 7.497525 -7.497525 7.497532 -7.497601 7.497911 -7.498715 0.000000 7.497532
144.100000 7.498722 -7.497923 7.497615 -7.497546 7.497539 -7.497539 7.497546 -7.497615 7.497923 -7.498722 0.000000 7.497546
144.200000 7.498730 -7.497935 7.497628 -7.497560 7.497553 -7.497553 7.497560 -7.497628 7.497935 -7.498730 0.000000 7.497560
144.300000 7.498737 -7.497947 7.497642 -7.497573 7.497566 -7.497566 7.497573 -7.497642 7.497947 -7.498737 0.000000 7.497573
144.400000 7.498744 -7.497959 7.497655 -7.497587 7.497580 -7.497580 7.497587 -7.497655 7.497959 -7.498744 0.000000 7.497587
144.500000 7.498752 -7.497970 7.497668 -7.497600 7.497593 -7.497593 7.497600 -7.497668 7.497970 -7.498752 0.000000 7.497600
144.600000 7.498759 -7.497982 7.497681 -7.497613 7.497607 -7.497607 7.497613 -7.497681 7.497982 -7.498759 0.000000 7.497613
144.700000 7.498766 -7.497994 7.497694 -7.497627 7.497620 -7.497620 7.497627 -7.497694 7.497994 -7.498766 0.000000 7.497627
144.800000 7.498773 -7.498005 7.497707 -7.497640 7.497633 -7.497633 7.497640 -7.497707 7.498005 -7.498773 0.000000 7.497640
144.900000 7.498780 -7.498016 7.497720 -7.497653 7.497646 -7.497646 7.497653 -7.497720 7.498016 -7.498780 0.000000 7.497653
145.000000 7.498788 -7.498028 7.497733 -7.497666 7.497659 -7.497659 7.497666 -7.497733 7.498028 -7.498788 0.000000 7.497666
145.100000 7.498795 -7.498039 7.497745 -7.497679 7.497672 -7.497672 7.497679 -7.497745 7.498039 -7.498795 0.000000 7.497679
145.200000 7.498802 -7.498050 7.497758 -7.497692 7.497685 -7.497685 7.497692 -7.497758 7.498050 -7.498802 0.000000 7.497692
145.300000 7.498809 -7.498061 7.497771 -7.497705 7.497698 -7.497698 7.497705 -7.497771 7.498061 -7.498809 0.000000 7.497705
145.400000 7.498816 -7.498072 7.497783 -7.497718 7.497711 -7.497711 7.497718 -7.497783 7.498072 -7.498816 0.000000 7.497718
145.500000 7.498822 -7.498083 7.497796 -7.497730 7.497724 -7.497724 7.497730 -7.497796 7.498083 -7.498822 0.000000 7.497730
145.600000 7.498829 -7.498094 7.497808 -7.497743 7.497736 -7.497736 7.497743 -7.497808 7.498094 -7.498829 0.000000 7.497743
145.700000 7.498836 -7.498105 7.497820 -7.497756 7.497749 -7.497749 7.497756 -7.497820 7.498105 -7.498836 0.000000 7.497756
145.800000 7.498843 -7.498116 7.497833 -7.497768 7.497761 -7.497761 7.497768 -7.497833 7.498116 -7.498843 0.000000 7.497768
145.900000 7.498850 -7.498127 7.497845 -7.497781 7.497774 -7.497774 7.497781 -7.497845 7.498127 -7.498850 0.000000 7.497781
146.000000 7.498856 -7.498137 7.497857 -7.497793 7.497786 -7.497786 7.497793 -7.497857 7.498137 -7.498856 0.000000 7.497793
146.100000 7.498863 -7.498148 7.497869 -7.497805 7.497799 -7.497799 7.497805 -7.497869 7.498148 -7.498863 0.000000 7.497805
146.200000 7.498870 -7.498159 7.497881 -7.497817 7.497811 -7.497811 7.497817 -7.497881 7.498159 -7.498870 0.000000 7.497817
146.300000 7.498876 -7.498169 7.497893 -7.497830 7.497823 -7.497823 7.497830 -7.497893 7.498169 -7.498876 0.000000 7.497830
146.400000 7.498883 -7.498180 7.497905 -7.497842 7.497835 -7.497835 7.497842 -7.497905 7.498180 -7.498883 0.000000 7.497842
146.500000 7.498889 -7.498190 7.497916 -7.497854 7.497847 -7.497847 7.497854 -7.497916 7.498190 -7.498889 0.000000 7.497854
146.600000 7.498896 -7.498200 7.497928 -7.497866 7.497859 -7.497859 7.497866 -7.497928 7.498200 -7.498896 0.000000 7.497866
146.700000 7.498902 -7.498211 7.497940 -7.497877 7.497871 -7.497871 7.497877 -7.497940 7.498211 -7.498902 0.000000 7.497877
146.800000 7.498908 -7.498221 7.497951 -7.497889 7.497883 -7.497883 7.497889 -7.497951 7.498221 -7.498908 0.000000 7.497889
146.900000 7.498915 -7.498231 7.497963 -7.497901 7.497895 -7.497895 7.497901 -7.497963 7.498231 -7.498915 0.000000 7.497901
147.000000 7.498921 -7.498241 7.497974 -7.497913 7.497906 -7.497906 7.497913 -7.497974 7.498241 -7.498921 0.000000 7.497913
147.100000 7.498927 -7.498251 7.497986 -7.497924 7.497918 -7.497918 7.497924 -7.497986 7.498251 -7.498927 0.000000 7.497924
147.200000 7.498934 -7.498261 7.497997 -7.497936 7.497929 -7.497929 7.497936 -7.497997 7.498261 -7.498934 0.000000 7.497936
147.300000 7.498940 -7.498271 7.498008 -7.497947 7.497941 -7.497941 7.497947 -7.498008 7.498271 -7.498940 0.000000 7.497947
147.400000 7.498946 -7.498281 7.498019 -7.497959 7.497952 -7.497952 7.497959 -7.498019 7.498281 -7.498946 0.000000 7.497959
147.500000 7.498952 -7.498291 7.498030 -7.497970 7.497964 -7.497964 7.497970 -7.498030 7.498291 -7.498952 0.000000 7.497970
147.600000 7.498958 -7.498301 7.498041 -7.497981 7.497975 -7.497975 7.497981 -7.498041 7.498301 -7.498958 0.000000 7.497981
147.700000 7.498964 -7.498310 7.498052 -7.497993 7.497986 -7.497986 7.497993 -7.498052 7.498310 -7.498964 0.000000 7.497993
147.800000 7.498970 -7.498320 7.498063 -7.498004 7.497997 -7.497997 7.498004 -7.498063 7.498320 -7.498970 0.000000 7.498004
147.900000 7.498976 -7.498329 7.498074 -7.498015 7.498009 -7.498009 7.498015 -7.498074 7.498329 -7.498976 0.000000 7.498015
148.000000 7.498982 -7.498339 7.498085 -7.498026 7.498020 -7.498020 7.498026 -7.498085 7.498339 -7.498982 0.000000 7.498026
148.100000 7.498988 -7.498349 7.498096 -7.498037 7.498031 -7.498031 7.498037 -7.498096 7.498349 -7.498988 0.000000 7.498037
148.200000 7.498994 -7.498358 7.498107 -7.498048 7.498042 -7.498042 7.498048 -7.498107 7.498358 -7.498994 0.000000 7.498048
148.300000 7.499000 -7.498367 7.498117 -7.498059 7.498052 -7.498053 7.498059 -7.498117 7.498367 -7.499000 0.000000 7.498059
148.400000 7.499006 -7.498377 7.498128 -7.498070 7.498063 -7.498063 7.498070 -7.498128 7.498377 -7.499006 0.000000 7.498070
148.500000 7.499011 -7.498386 7.498138 -7.498080 7.498074 -7.498074 7.498080 -7.498138 7.498386 -7.499011 0.000000 7.498080
148.600000 7.499017 -7.498395 7.498149 -7.498091 7.498085 -7.498085 7.498091 -7.498149 7.498395 -7.499017 0.000000 7.498091
148.700000 7.499023 -7.498404 7.498159 -7.498102 7.498095 -7.498095 7.498102 -7.498159 7.498404 -7.499023 0.000000 7.498102
148.800000 7.499029 -7.498413 7.498169 -7.498112 7.498106 -7.498106 7.498112 -7.498169 7.498413 -7.499029 0.000000 7.498112
148.900000 7.499034 -7.498422 7.498180 -7.498123 7.498117 -7.498117 7.498123 -7.498180 7.498422 -7.499034 0.000000 7.498123
149.000000 7.499040 -7.498431 7.498190 -7.498133 7.498127 -7.498127 7.498133 -7.498190 7.498431 -7.499040 0.000000 7.498133
149.100000 7.499045 -7.498440 7.498200 -7.498144 7.498137 -7.498137 7.498144 -7.498200 7.498440 -7.499045 0.000000 7.498144
149.200000 7.499051 -7.498449 7.498210 -7.498154 7.498148 -7.498148 7.498154 -7.498210 7.498449 -7.499051 0.000000 7.498154
149.300000 7.499056 -7.498458 7.498220 -7.498164 7.498158 -7.498158 7.498164 -7.498220 7.498458 -7.499056 0.000000 7.498164
149.400000 7.499062 -7.498467 7.498230 -7.498175 7.498168 -7.498168 7.498175 -7.498230 7.498467 -7.499062 0.000000 7.498175
149.500000 7.499067 -7.498476 7.498240 -7.498185 7.498178 -7.498178 7.498185 -7.498240 7.498476 -7.499067 0.000000 7.498185
149.600000 7.499073 -7.498484 7.498250 -7.498195 7.498189 -7.498189 7.498195 -7.498250 7.498484 -7.499073 0.000000 7.498195
149.700000 7.499078 -7.498493 7.498260 -7.498205 7.498199 -7.498199 7.498205 -7.498260 7.498493 -7.499078 0.000000 7.498205
149.800000 7.499084 -7.498502 7.498270 -7.498215 7.498209 -7.498209 7.498215 -7.498270 7.498502 -7.499084 0.000000 7.498215
149.900000 7.499089 -7.498510 7.498279 -7.498225 7.498219 -7.498219 7.498225 -7.498279 7.498510 -7.499089 0.000000 7.498225
150.000000 7.499094 -7.498519 7.498289 -7.498235 7.498228 -7.498229 7.498235 -7.498289 7.498519 -7.499094 0.000000 7.498235
150.100000 7.499099 -7.498527 7.498299 -7.498244 7.498238 -7.498238 7.498244 -7.498299 7.498527 -7.499099 0.000000 7.498244
150.200000 8.374493 -7.370818 7.516942 -7.495536 7.498645 -7.498190 7.498263 -7.498307 7.498536 -7.499105 0.000000 7.498263
150.300000 8.367973 -7.372730 7.516535 -7.495626 7.498640 -7.498203 7.498272 -7.498317 7.498544 -7.499110 0.000000 7.498272
150.400000 8.361503 -7.374621 7.516134 -7.495716 7.498635 -7.498215 7.498281 -7.498326 7.498552 -7.499115 0.000000 7.498281
150.500000 8.355083 -7.376490 7.515739 -7.495803 7.498630 -7.498227 7.498290 -7.498336 7.498561 -7.499120 0.000000 7.498290
150.600000 8.348711 -7.378338 7.515350 -7.495889 7.498626 -7.498239 7.498300 -7.498345 7.498569 -7.499125 0.000000 7.498300
150.700000 8.342388 -7.380165 7.514968 -7.495974 7.498622 -7.498251 7.498309 -7.498354 7.498577 -7.499130 0.000000 7.498309
150.800000 8.336113 -7.381971 7.514591 -7.496057 7.498619 -7.498262 7.498318 -7.498364 7.498585 -7.499135 0.000000 7.498318
150.900000 8.329885 -7.383757 7.514220 -7.496139 7.498615 -7.498274 7.498327 -7.498373 7.498593 -7.499140 0.000000 7.498327
150.920405 8.323705 -7.385522 7.513855 -7.496219 7.498612 -7.498286 7.498336 -7.498382 7.498601 -7.499145 0.000000 7.498336
151.020405 8.088725 -7.419979 7.508806 -7.496961 7.498505 -7.498303 7.498335 -7.498384 7.498603 -7.499146 0.000000 7.498335
151.045941 8.084344 -7.421212 7.508559 -7.497018 7.498506 -7.498314 7.498344 -7.498393 7.498611 -7.499151 0.000000 7.498344
151.145941 7.849505 -7.455624 7.503522 -7.497758 7.498401 -7.498332 7.498345 -7.498396 7.498613 -7.499153 0.000000 7.498345
151.245941 7.846908 -7.456330 7.503391 -7.497792 7.498406 -7.498342 7.498354 -7.498405 7.498621 -7.499158 0.000000 7.498354
151.345941 7.844330 -7.457029 7.503262 -7.497825 7.498411 -7.498352 7.498363 -7.498414 7.498629 -7.499162 0.000000 7.498363
151.445941 7.841772 -7.457719 7.503135 -7.497858 7.498416 -7.498362 7.498372 -7.498423 7.498636 -7.499167 0.000000 7.498372
151.545941 7.839233 -7.458402 7.503011 -7.497891 7.498422 -7.498371 7.498381 -7.498432 7.498644 -7.499172 0.000000 7.498381
151.645941 7.836714 -7.459076 7.502888 -7.497922 7.498427 -7.498381 7.498390 -7.498441 7.498652 -7.499177 0.000000 7.498390
151.745941 7.834213 -7.459743 7.502768 -7.497954 7.498433 -7.498390 7.498399 -7.498449 7.498660 -7.499182 0.000000 7.498399
151.845941 7.831732 -7.460402 7.502650 -7.497984 7.498438 -7.498400 7.498407 -7.498458 7.498667 -7.499186 0.000000 7.498407
151.945941 7.829269 -7.461053 7.502533 -7.498015 7.498443 -7.498409 7.498416 -7.498467 7.498675 -7.499191 0.000000 7.498416
152.045941 7.826826 -7.461697 7.502419 -7.498044 7.498449 -7.498418 7.498425 -7.498475 7.498682 -7.499196 0.000000 7.498425
152.145941 7.824400 -7.462333 7.502307 -7.498073 7.498455 -7.498428 7.498434 -7.498484 7.498690 -7.499201 0.000000 7.498434
152.245941 7.821993 -7.462962 7.502196 -7.498102 7.498460 -7.498437 7.498442 -7.498492 7.498697 -7.499205 0.000000 7.498442
152.345941 7.819605 -7.463583 7.502088 -7.498130 7.498466 -7.498446 7.498451 -7.498501 7.498705 -7.499210 0.000000 7.498451
152.445941 7.817234 -7.464197 7.501981 -7.498158 7.498472 -7.498455 7.498459 -7.498509 7.498712 -7.499214 0.000000 7.498459
152.491735 7.814881 -7.464804 7.501877 -7.498186 7.498477 -7.498464 7.498468 -7.498518 7.498720 -7.499219 0.000000 7.498468
152.591735 7.580083 -7.499179 7.496854 -7.498924 7.498374 -7.498484 7.498470 -7.498522 7.498723 -7.499221 0.000000 7.498470
152.691735 7.579499 -7.499267 7.496863 -7.498929 7.498384 -7.498492 7.498478 -7.498530 7.498730 -7.499226 0.000000 7.498478
152.791735 7.578919 -7.499354 7.496873 -7.498934 7.498393 -7.498500 7.498487 -7.498538 7.498737 -7.499230 0.000000 7.498487
152.891735 7.578343 -7.499439 7.496882 -7.498939 7.498403 -7.498508 7.498495 -7.498547 7.498745 -7.499235 0.000000 7.498495
152.991735 7.577771 -7.499524 7.496892 -7.498943 7.498413 -7.498516 7.498504 -7.498555 7.498752 -7.499239 0.000000 7.498504
153.091735 7.577204 -7.499607 7.496901 -7.498948 7.498422 -7.498524 7.498512 -7.498563 7.498759 -7.499243 0.000000 7.498512
153.191735 7.576640 -7.499689 7.496911 -7.498953 7.498432 -7.498532 7.498520 -7.498571 7.498766 -7.499248 0.000000 7.498520
153.291735 7.576082 -7.499769 7.496921 -7.498958 7.498441 -7.498540 7.498529 -7.498579 7.498773 -7.499252 0.000000 7.498529
153.391735 7.575527 -7.499849 7.496931 -7.498962 7.498450 -7.498548 7.498537 -7.498587 7.498780 -7.499257 0.000000 7.498537
153.491735 7.574976 -7.499927 7.496941 -7.498967 7.498460 -7.498556 7.498545 -7.498595 7.498787 -7.499261 0.000000 7.498545
153.591735 7.574430 -7.500004 7.496951 -7.498972 7.498469 -7.498564 7.498553 -7.498603 7.498794 -7.499265 0.000000 7.498553
153.691735 7.573887 -7.500080 7.496961 -7.498976 7.498478 -7.498572 7.498561 -7.498611 7.498801 -7.499269 0.000000 7.498561
153.769853 7.573349 -7.500155 7.496972 -7.498981 7.498487 -7.498579 7.498569 -7.498618 7.498808 -7.499274 0.000000 7.498569
153.869853 7.339202 -7.534313 7.492005 -7.499710 7.498388 -7.498601 7.498573 -7.498625 7.498813 -7.499277 0.000000 7.498573
153.969853 7.340413 -7.533878 7.492126 -7.499693 7.498401 -7.498608 7.498581 -7.498632 7.498820 -7.499281 0.000000 7.498581
154.069853 7.341615 -7.533447 7.492247 -7.499676 7.498414 -7.498615 7.498590 -7.498640 7.498826 -7.499285 0.000000 7.498590
154.146252 7.342807 -7.533021 7.492365 -7.499660 7.498427 -7.498622 7.498598 -7.498648 7.498833 -7.499289 0.000000 7.498598
154.197311 7.109982 -7.566799 7.487480 -7.500373 7.498330 -7.498643 7.498601 -7.498654 7.498838 -7.499293 0.000000 7.498601
154.297311 6.877743 -7.600427 7.482620 -7.501080 7.498233 -7.498661 7.498603 -7.498658 7.498842 -7.499295 0.000000 7.498603
154.397311 6.882392 -7.598997 7.482957 -7.501021 7.498253 -7.498667 7.498611 -7.498666 7.498848 -7.499299 0.000000 7.498611
154.497311 6.887006 -7.597584 7.483289 -7.500964 7.498273 -7.498672 7.498619 -7.498673 7.498855 -7.499303 0.000000 7.498619
154.597311 6.891584 -7.596186 7.483616 -7.500907 7.498293 -7.498678 7.498627 -7.498680 7.498861 -7.499307 0.000000 7.498627
154.613915 6.896127 -7.594804 7.483938 -7.500852 7.498312 -7.498683 7.498635 -7.498688 7.498868 -7.499311 0.000000 7.498635
154.713915 6.663147 -7.628677 7.479016 -7.501569 7.498209 -7.498700 7.498634 -7.498689 7.498869 -7.499312 0.000000 7.498634
154.813915 6.669392 -7.626805 7.479444 -7.501493 7.498232 -7.498705 7.498642 -7.498697 7.498875 -7.499316 0.000000 7.498642
154.913915 6.675590 -7.624954 7.479866 -7.501419 7.498255 -7.498709 7.498650 -7.498704 7.498882 -7.499320 0.000000 7.498650
155.013915 6.681740 -7.623123 7.480282 -7.501346 7.498277 -7.498714 7.498658 -7.498711 7.498888 -7.499324 0.000000 7.498658
155.113915 6.687843 -7.621313 7.480691 -7.501275 7.498299 -7.498719 7.498666 -7.498718 7.498894 -7.499327 0.000000 7.498666
155.213915 6.693900 -7.619524 7.481095 -7.501205 7.498320 -7.498724 7.498674 -7.498725 7.498901 -7.499331 0.000000 7.498674
155.313915 6.699910 -7.617755 7.481492 -7.501137 7.498341 -7.498729 7.498682 -7.498732 7.498907 -7.499335 0.000000 7.498682
155.413915 6.705875 -7.616005 7.481884 -7.501070 7.498362 -7.498734 7.498689 -7.498740 7.498913 -7.499339 0.000000 7.498689
155.513915 6.711794 -7.614276 7.482270 -7.501004 7.498382 -7.498739 7.498697 -7.498747 7.498920 -7.499343 0.000000 7.498697
155.613915 6.717669 -7.612566 7.482650 -7.500940 7.498402 -7.498744 7.498705 -7.498754 7.498926 -7.499347 0.000000 7.498705
155.713915 6.723498 -7.610876 7.483024 -7.500877 7.498422 -7.498749 7.498712 -7.498760 7.498932 -7.499351 0.000000 7.498712
155.813915 6.729284 -7.609205 7.483393 -7.500815 7.498441 -7.498755 7.498720 -7.498767 7.498938 -7.499354 0.000000 7.498720
155.913915 6.735025 -7.607553 7.483756 -7.500755 7.498460 -7.498760 7.498727 -7.498774 7.498944 -7.499358 0.000000 7.498727
155.957624 6.740722 -7.605920 7.484114 -7.500696 7.498479 -7.498765 7.498734 -7.498781 7.498950 -7.499362 0.000000 7.498734
156.057624 6.509465 -7.639314 7.479293 -7.501396 7.498381 -7.498782 7.498735 -7.498784 7.498953 -7.499363 0.000000 7.498735
156.097992 6.516842 -7.637199 7.479754 -7.501317 7.498403 -7.498787 7.498743 -7.498791 7.498959 -7.499367 0.000000 7.498743
156.197992 6.286069 -7.670456 7.474963 -7.502012 7.498306 -7.498804 7.498744 -7.498794 7.498961 -7.499369 0.000000 7.498744
156.297992 6.295110 -7.667866 7.475525 -7.501913 7.498332 -7.498808 7.498751 -7.498801 7.498967 -7.499372 0.000000 7.498751
156.397992 6.304082 -7.665307 7.476080 -7.501817 7.498357 -7.498812 7.498758 -7.498808 7.498973 -7.499376 0.000000 7.498758
156.497992 6.312986 -7.662776 7.476626 -7.501722 7.498382 -7.498816 7.498766 -7.498814 7.498979 -7.499379 0.000000 7.498766
156.597992 6.321822 -7.660274 7.477163 -7.501630 7.498406 -7.498820 7.498773 -7.498821 7.498985 -7.499383 0.000000 7.498773
156.697992 6.330591 -7.657801 7.477693 -7.501539 7.498430 -7.498824 7.498780 -7.498827 7.498990 -7.499387 0.000000 7.498780
156.797992 6.339293 -7.655356 7.478214 -7.501450 7.498453 -7.498828 7.498788 -7.498834 7.498996 -7.499390 0.000000 7.498788
156.897992 6.347929 -7.652939 7.478727 -7.501363 7.498476 -7.498832 7.498795 -7.498840 7.499002 -7.499394 0.000000 7.498795
156.997992 6.356499 -7.650550 7.479233 -7.501278 7.498498 -7.498836 7.498802 -7.498847 7.499008 -7.499397 0.000000 7.498802
157.075889 6.365004 -7.648189 7.479730 -7.501195 7.498520 -7.498840 7.498809 -7.498853 7.499013 -7.499401 0.000000 7.498809
157.175889 6.137851 -7.680471 7.475137 -7.501857 7.498431 -7.498859 7.498812 -7.498859 7.499018 -7.499403 0.000000 7.498812
157.275889 6.147983 -7.677650 7.475732 -7.501755 7.498457 -7.498862 7.498819 -7.498865 7.499023 -7.499407 0.000000 7.498819
157.375889 6.158039 -7.674860 7.476318 -7.501655 7.498481 -7.498866 7.498826 -7.498871 7.499029 -7.499410 0.000000 7.498826
157.454647 6.168018 -7.672103 7.476895 -7.501558 7.498506 -7.498870 7.498833 -7.498877 7.499034 -7.499414 0.000000 7.498833
157.554647 5.942090 -7.704057 7.472367 -7.502208 7.498418 -7.498888 7.498836 -7.498883 7.499039 -7.499416 0.000000 7.498836
157.654647 5.953676 -7.700849 7.473039 -7.502093 7.498446 -7.498891 7.498843 -7.498889 7.499044 -7.499420 0.000000 7.498843
157.754647 5.965174 -7.697677 7.473701 -7.501979 7.498473 -7.498894 7.498850 -7.498895 7.499050 -7.499423 0.000000 7.498850
157.797366 5.976585 -7.694542 7.474353 -7.501868 7.498499 -7.498897 7.498857 -7.498901 7.499055 -7.499427 0.000000 7.498857
157.897366 5.747694 -7.727318 7.469652 -7.502548 7.498404 -7.498914 7.498858 -7.498904 7.499057 -7.499428 0.000000 7.498858
157.997366 5.760724 -7.723726 7.470400 -7.502418 7.498434 -7.498917 7.498865 -7.498910 7.499063 -7.499431 0.000000 7.498865
158.097366 5.773654 -7.720176 7.471137 -7.502292 7.498463 -7.498919 7.498872 -7.498916 7.499068 -7.499435 0.000000 7.498872
158.197366 5.786487 -7.716666 7.471862 -7.502168 7.498491 -7.498922 7.498878 -7.498922 7.499073 -7.499438 0.000000 7.498878
158.226807 5.799222 -7.713198 7.472576 -7.502046 7.498519 -7.498925 7.498885 -7.498928 7.499079 -7.499441 0.000000 7.498885
158.326807 5.569214 -7.746289 7.467808 -7.502737 7.498421 -7.498941 7.498885 -7.498930 7.499080 -7.499442 0.000000 7.498885
158.368547 5.583566 -7.742363 7.468618 -7.502597 7.498452 -7.498943 7.498892 -7.498936 7.499085 -7.499445 0.000000 7.498892
158.468547 5.355782 -7.774844 7.463976 -7.503266 7.498358 -7.498960 7.498892 -7.498939 7.499088 -7.499447 0.000000 7.498892
158.568547 5.371722 -7.770475 7.464880 -7.503109 7.498392 -7.498961 7.498899 -7.498945 7.499093 -7.499450 0.000000 7.498899
158.668547 5.387541 -7.766156 7.465770 -7.502955 7.498426 -7.498963 7.498906 -7.498951 7.499098 -7.499453 0.000000 7.498906
158.697812 5.403240 -7.761887 7.466646 -7.502804 7.498458 -7.498965 7.498913 -7.498956 7.499103 -7.499456 0.000000 7.498913
158.723075 5.174071 -7.794753 7.461923 -7.503486 7.498362 -7.498981 7.498912 -7.498958 7.499105 -7.499457 0.000000 7.498912
158.741430 4.944710 -7.827663 7.457193 -7.504170 7.498265 -7.498996 7.498912 -7.498960 7.499106 -7.499458 0.000000 7.498912
158.841430 4.714468 -7.860807 7.452415 -7.504861 7.498166 -7.499012 7.498911 -7.498962 7.499107 -7.499459 0.000000 7.498911
158.941430 4.735179 -7.855102 7.453600 -7.504651 7.498209 -7.499012 7.498918 -7.498967 7.499112 -7.499462 0.000000 7.498918
159.041430 4.755734 -7.849463 7.454767 -7.504445 7.498251 -7.499012 7.498925 -7.498973 7.499117 -7.499465 0.000000 7.498925
159.058984 4.776132 -7.843888 7.455915 -7.504243 7.498293 -7.499012 7.498932 -7.498979 7.499122 -7.499468 0.000000 7.498932
159.158984 4.545957 -7.877022 7.451138 -7.504934 7.498194 -7.499028 7.498930 -7.498980 7.499123 -7.499468 0.000000 7.498930
159.240307 4.567915 -7.871015 7.452376 -7.504716 7.498238 -7.499027 7.498937 -7.498986 7.499128 -7.499472 0.000000 7.498937
159.268812 4.351908 -7.900287 7.448392 -7.505268 7.498167 -7.499043 7.498941 -7.498990 7.499132 -7.499474 0.000000 7.498941
159.368812 4.124849 -7.932566 7.443792 -7.505927 7.498074 -7.499058 7.498940 -7.498992 7.499133 -7.499475 0.000000 7.498940
159.435903 4.149940 -7.925689 7.445212 -7.505675 7.498124 -7.499056 7.498947 -7.498998 7.499138 -7.499478 0.000000 7.498947
159.455149 3.932917 -7.955229 7.441174 -7.506235 7.498051 -7.499071 7.498950 -7.499002 7.499142 -7.499480 0.000000 7.498950
159.555149 3.704292 -7.987934 7.436487 -7.506910 7.497955 -7.499086 7.498949 -7.499003 7.499142 -7.499481 0.000000 7.498949
159.655149 3.732510 -7.980189 7.438088 -7.506624 7.498011 -7.499084 7.498956 -7.499009 7.499147 -7.499484 0.000000 7.498956
159.755149 3.760514 -7.972533 7.439664 -7.506344 7.498066 -7.499081 7.498963 -7.499014 7.499152 -7.499487 0.000000 7.498963
159.855149 3.788306 -7.964966 7.441215 -7.506069 7.498119 -7.499079 7.498970 -7.499019 7.499157 -7.499490 0.000000 7.498970
159.856498 3.815887 -7.957487 7.442742 -7.505800 7.498171 -7.499078 7.498977 -7.499025 7.499162 -7.499492 0.000000 7.498977
159.956498 3.582527 -7.991487 7.437787 -7.506523 7.498066 -7.499093 7.498975 -7.499025 7.499162 -7.499493 0.000000 7.498975
160.039475 3.611638 -7.983588 7.439400 -7.506238 7.498121 -7.499091 7.498981 -7.499030 7.499167 -7.499495 0.000000 7.498981
160.139475 2.526493 -8.138927 7.417109 -7.509450 7.497663 -7.499162 7.498976 -7.499036 7.499171 -7.499498 0.000000 7.498976
160.239475 2.563467 -8.128781 7.419204 -7.509073 7.497734 -7.499157 7.498984 -7.499041 7.499175 -7.499501 0.000000 7.498984
160.339475 2.600160 -8.118754 7.421267 -7.508704 7.497804 -7.499152 7.498991 -7.499047 7.499180 -7.499504 0.000000 7.498991
160.439475 2.636575 -8.108842 7.423297 -7.508342 7.497872 -7.499147 7.498998 -7.499052 7.499185 -7.499507 0.000000 7.498998
160.539475 2.672713 -8.099045 7.425295 -7.507988 7.497938 -7.499143 7.499005 -7.499057 7.499189 -7.499509 0.000000 7.499005
160.639475 2.708577 -8.089362 7.427262 -7.507640 7.498003 -7.499139 7.499012 -7.499062 7.499194 -7.499512 0.000000 7.499012
160.739475 2.744169 -8.079791 7.429197 -7.507300 7.498067 -7.499135 7.499019 -7.499067 7.499199 -7.499515 0.000000 7.499019
160.839475 2.779491 -8.070332 7.431102 -7.506967 7.498129 -7.499131 7.499026 -7.499072 7.499203 -7.499518 0.000000 7.499026
160.866094 2.814544 -8.060982 7.432976 -7.506641 7.498189 -7.499128 7.499033 -7.499077 7.499208 -7.499521 0.000000 7.499033
160.966094 2.590076 -8.092623 7.428492 -7.507282 7.498099 -7.499142 7.499032 -7.499079 7.499209 -7.499521 0.000000 7.499032
160.986437 2.626535 -8.082903 7.430440 -7.506943 7.498161 -7.499139 7.499039 -7.499084 7.499214 -7.499524 0.000000 7.499039
161.086437 2.400167 -8.115050 7.425854 -7.507601 7.498068 -7.499153 7.499038 -7.499085 7.499214 -7.499525 0.000000 7.499038
161.152464 2.438036 -8.104958 7.427876 -7.507249 7.498133 -7.499149 7.499045 -7.499090 7.499219 -7.499528 0.000000 7.499045
161.252464 2.496950 -7.859669 7.464016 -7.501940 7.498916 -7.499038 7.499065 -7.499091 7.499222 -7.499529 0.000000 7.499065
161.316901 2.533836 -7.851625 7.465454 -7.501715 7.498956 -7.499039 7.499071 -7.499096 7.499227 -7.499532 0.000000 7.499071
161.416901 2.323696 -7.880607 7.461389 -7.502299 7.498875 -7.499055 7.499072 -7.499099 7.499230 -7.499534 0.000000 7.499072
161.516901 2.361868 -7.872220 7.462897 -7.502061 7.498917 -7.499054 7.499078 -7.499104 7.499234 -7.499536 0.000000 7.499078
161.546290 2.399752 -7.863937 7.464379 -7.501829 7.498958 -7.499055 7.499084 -7.499109 7.499238 -7.499539 0.000000 7.499084
161.646290 2.177073 -7.895634 7.459831 -7.502488 7.498863 -7.499070 7.499084 -7.499111 7.499240 -7.499540 0.000000 7.499084
161.746290 2.216331 -7.886977 7.461390 -7.502242 7.498907 -7.499070 7.499089 -7.499116 7.499244 -7.499543 0.000000 7.499089
161.846290 2.255293 -7.878428 7.462921 -7.502001 7.498949 -7.499069 7.499095 -7.499121 7.499248 -7.499545 0.000000 7.499095
161.946290 2.293961 -7.869986 7.464426 -7.501766 7.498990 -7.499069 7.499101 -7.499126 7.499253 -7.499548 0.000000 7.499101
161.998697 2.332338 -7.861650 7.465904 -7.501536 7.499030 -7.499069 7.499107 -7.499130 7.499257 -7.499551 0.000000 7.499107
162.073643 2.118570 -7.891437 7.461689 -7.502145 7.498945 -7.499085 7.499108 -7.499133 7.499259 -7.499552 0.000000 7.499108
162.116252 1.914579 -7.919028 7.457875 -7.502689 7.498870 -7.499100 7.499110 -7.499137 7.499262 -7.499554 0.000000 7.499110
162.216252 1.698405 -7.949245 7.453598 -7.503304 7.498784 -7.499115 7.499110 -7.499139 7.499264 -7.499555 0.000000 7.499110
162.316252 1.741212 -7.939673 7.455337 -7.503025 7.498832 -7.499114 7.499116 -7.499144 7.499268 -7.499558 0.000000 7.499116
162.416252 1.783697 -7.930219 7.457046 -7.502753 7.498880 -7.499113 7.499122 -7.499149 7.499272 -7.499560 0.000000 7.499122
162.509672 1.825861 -7.920883 7.458724 -7.502486 7.498926 -7.499112 7.499127 -7.499154 7.499276 -7.499563 0.000000 7.499127
162.609672 1.631226 -7.946370 7.455290 -7.502970 7.498862 -7.499126 7.499130 -7.499158 7.499280 -7.499565 0.000000 7.499130
162.709672 1.674520 -7.936749 7.457023 -7.502694 7.498910 -7.499125 7.499136 -7.499163 7.499284 -7.499568 0.000000 7.499136
162.718591 1.717488 -7.927248 7.458725 -7.502425 7.498956 -7.499124 7.499142 -7.499167 7.499289 -7.499570 0.000000 7.499142
162.738093 1.487563 -7.960512 7.453899 -7.503127 7.498854 -7.499139 7.499140 -7.499168 7.499289 -7.499570 0.000000 7.499140
162.838093 1.262485 -7.992685 7.449272 -7.503798 7.498758 -7.499154 7.499139 -7.499169 7.499290 -7.499571 0.000000 7.499139
162.938093 1.308519 -7.982320 7.451158 -7.503494 7.498811 -7.499152 7.499145 -7.499174 7.499294 -7.499573 0.000000 7.499145
163.038093 1.354206 -7.972083 7.453012 -7.503197 7.498862 -7.499150 7.499151 -7.499178 7.499298 -7.499576 0.000000 7.499151
163.065071 1.399549 -7.961974 7.454833 -7.502907 7.498912 -7.499148 7.499156 -7.499183 7.499302 -7.499578 0.000000 7.499156
163.165071 1.177961 -7.993381 7.450341 -7.503556 7.498819 -7.499163 7.499155 -7.499184 7.499303 -7.499579 0.000000 7.499155
163.165945 1.224612 -7.982922 7.452233 -7.503253 7.498871 -7.499161 7.499161 -7.499189 7.499307 -7.499581 0.000000 7.499161
163.265945 0.991288 -8.016932 7.447274 -7.503976 7.498765 -7.499176 7.499159 -7.499189 7.499307 -7.499581 0.000000 7.499159
163.365945 1.039327 -8.006096 7.449244 -7.503658 7.498820 -7.499173 7.499165 -7.499194 7.499311 -7.499584 0.000000 7.499165
163.465945 1.087004 -7.995393 7.451180 -7.503348 7.498873 -7.499171 7.499170 -7.499198 7.499315 -7.499586 0.000000 7.499170
163.470208 1.134321 -7.984823 7.453082 -7.503045 7.498925 -7.499168 7.499176 -7.499202 7.499319 -7.499588 0.000000 7.499176
163.570208 0.902594 -8.018479 7.448186 -7.503758 7.498821 -7.499184 7.499174 -7.499203 7.499319 -7.499589 0.000000 7.499174
163.665266 0.951282 -8.007537 7.450165 -7.503441 7.498875 -7.499181 7.499180 -7.499207 7.499323 -7.499591 0.000000 7.499180
163.765266 0.763485 -8.031366 7.447037 -7.503873 7.498819 -7.499194 7.499183 -7.499212 7.499326 -7.499593 0.000000 7.499183
163.835017 0.813201 -8.020179 7.449060 -7.503548 7.498875 -7.499191 7.499188 -7.499216 7.499330 -7.499596 0.000000 7.499188
163.895075 0.613888 -8.046574 7.445471 -7.504053 7.498806 -7.499205 7.499190 -7.499219 7.499333 -7.499597 0.000000 7.499190
163.995075 0.410684 -8.073791 7.441742 -7.504579 7.498734 -7.499218 7.499191 -7.499222 7.499335 -7.499599 0.000000 7.499191
164.095075 0.463019 -8.061907 7.443906 -7.504228 7.498794 -7.499215 7.499197 -7.499226 7.499339 -7.499601 0.000000 7.499197
164.138109 0.514960 -8.050169 7.446032 -7.503886 7.498852 -7.499211 7.499203 -7.499230 7.499343 -7.499603 0.000000 7.499203
164.238109 0.303416 -8.079281 7.441956 -7.504468 7.498770 -7.499225 7.499203 -7.499232 7.499344 -7.499604 0.000000 7.499203
164.338109 0.356540 -8.067242 7.444141 -7.504115 7.498830 -7.499221 7.499208 -7.499237 7.499348 -7.499607 0.000000 7.499208
164.373540 0.409263 -8.055352 7.446288 -7.503771 7.498888 -7.499218 7.499214 -7.499241 7.499352 -7.499609 0.000000 7.499214
164.470804 0.194074 -8.085292 7.442060 -7.504378 7.498802 -7.499232 7.499214 -7.499243 7.499353 -7.499610 0.000000 7.499214
164.524619 0.012798 -8.107526 7.439232 -7.504758 7.498754 -7.499244 7.499217 -7.499247 7.499357 -7.499612 0.000000 7.499217
164.591682 0.076644 -7.862062 7.475286 -7.499479 7.499529 -7.499133 7.499236 -7.499247 7.499359 -7.499613 0.000000 7.499236
164.691682 -0.120507 -7.889037 7.471471 -7.500038 7.499449 -7.499149 7.499237 -7.499250 7.499361 -7.499615 0.000000 7.499237
164.791682 -0.064498 -7.877997 7.473290 -7.499771 7.499491 -7.499148 7.499242 -7.499254 7.499365 -7.499617 0.000000 7.499242
164.891682 -0.008909 -7.867101 7.475074 -7.499512 7.499532 -7.499148 7.499246 -7.499258 7.499369 -7.499619 0.000000 7.499246
164.991682 0.046262 -7.856347 7.476824 -7.499260 7.499572 -7.499148 7.499251 -7.499262 7.499372 -7.499621 0.000000 7.499251
165.091682 0.101019 -7.845734 7.478541 -7.499015 7.499610 -7.499147 7.499256 -7.499266 7.499376 -7.499623 0.000000 7.499256
165.191682 0.155365 -7.835260 7.480225 -7.498776 7.499647 -7.499148 7.499261 -7.499270 7.499379 -7.499626 0.000000 7.499261
165.291682 0.209304 -7.824924 7.481876 -7.498544 7.499682 -7.499148 7.499265 -7.499274 7.499383 -7.499628 0.000000 7.499265
165.385525 0.262837 -7.814725 7.483495 -7.498318 7.499717 -7.499148 7.499270 -7.499278 7.499386 -7.499630 0.000000 7.499270
165.485525 0.078969 -7.839380 7.480009 -7.498838 7.499642 -7.499165 7.499272 -7.499282 7.499390 -7.499632 0.000000 7.499272
165.509692 0.133469 -7.828932 7.481678 -7.498603 7.499678 -7.499165 7.499277 -7.499286 7.499393 -7.499634 0.000000 7.499277
165.609692 -0.087188 -7.860540 7.477098 -7.499273 7.499581 -7.499180 7.499275 -7.499288 7.499394 -7.499635 0.000000 7.499275
165.709692 -0.031452 -7.849754 7.478838 -7.499024 7.499619 -7.499180 7.499280 -7.499292 7.499397 -7.499637 0.000000 7.499280
165.798062 0.023864 -7.839110 7.480544 -7.498782 7.499657 -7.499180 7.499285 -7.499296 7.499401 -7.499639 0.000000 7.499285
165.883977 -0.161348 -7.863928 7.477048 -7.499300 7.499583 -7.499195 7.499287 -7.499299 7.499404 -7.499641 0.000000 7.499287
165.983977 -0.346723 -7.888672 7.473581 -7.499810 7.499510 -7.499210 7.499288 -7.499303 7.499407 -7.499642 0.000000 7.499288
166.083977 -0.289065 -7.877396 7.475419 -7.499543 7.499552 -7.499209 7.499293 -7.499307 7.499410 -7.499644 0.000000 7.499293
166.183977 -0.231839 -7.866268 7.477221 -7.499283 7.499592 -7.499209 7.499298 -7.499311 7.499413 -7.499647 0.000000 7.499298
166.283977 -0.175042 -7.855285 7.478989 -7.499030 7.499632 -7.499208 7.499302 -7.499314 7.499417 -7.499649 0.000000 7.499302
166.383977 -0.118672 -7.844447 7.480723 -7.498784 7.499669 -7.499208 7.499307 -7.499318 7.499420 -7.499651 0.000000 7.499307
166.483977 -0.062725 -7.833751 7.482422 -7.498544 7.499706 -7.499207 7.499311 -7.499322 7.499423 -7.499653 0.000000 7.499311
166.487891 -0.007198 -7.823197 7.484089 -7.498311 7.499741 -7.499207 7.499315 -7.499326 7.499427 -7.499655 0.000000 7.499315
166.587891 0.029059 -7.584086 7.518979 -7.493221 7.500484 -7.499099 7.499331 -7.499323 7.499427 -7.499655 0.000000 7.499331
166.683767 0.083645 -7.575529 7.520082 -7.493111 7.500496 -7.499103 7.499335 -7.499327 7.499431 -7.499657 0.000000 7.499335
166.727914 -0.098139 -7.601545 7.516139 -7.493735 7.500400 -7.499123 7.499336 -7.499331 7.499434 -7.499659 0.000000 7.499336
166.827914 -0.039522 -7.358945 7.551479 -7.488599 7.501148 -7.499016 7.499354 -7.499331 7.499435 -7.499659 0.000000 7.499354
166.850566 0.015320 -7.352029 7.552100 -7.488593 7.501140 -7.499024 7.499357 -7.499335 7.499439 -7.499661 0.000000 7.499357
166.950566 0.061751 -7.111784 7.587062 -7.483511 7.501879 -7.498918 7.499373 -7.499333 7.499440 -7.499662 0.000000 7.499373
167.050566 0.115585 -7.106857 7.587128 -7.483624 7.501848 -7.498930 7.499375 -7.499337 7.499443 -7.499664 0.000000 7.499375
167.112777 0.169021 -7.102024 7.587180 -7.483738 7.501816 -7.498942 7.499377 -7.499341 7.499446 -7.499666 0.000000 7.499377
167.212777 0.236119 -6.860371 7.622030 -7.478729 7.502538 -7.498841 7.499395 -7.499341 7.499448 -7.499667 0.000000 7.499395
167.312777 0.288408 -6.857542 7.621529 -7.478960 7.502485 -7.498856 7.499396 -7.499345 7.499451 -7.499669 0.000000 7.499396
167.323003 0.340313 -6.854788 7.621022 -7.479190 7.502432 -7.498872 7.499398 -7.499349 7.499454 -7.499671 0.000000 7.499398
167.423003 0.379682 -6.615810 7.655796 -7.474133 7.503168 -7.498765 7.499414 -7.499347 7.499455 -7.499671 0.000000 7.499414
167.475057 0.430659 -6.614993 7.654750 -7.474477 7.503094 -7.498785 7.499414 -7.499352 7.499458 -7.499673 0.000000 7.499414
167.568604 0.491100 -6.375895 7.689032 -7.469574 7.503796 -7.498686 7.499431 -7.499351 7.499460 -7.499674 0.000000 7.499431
167.668604 0.571883 -6.138244 7.722384 -7.464920 7.504448 -7.498600 7.499447 -7.499353 7.499463 -7.499675 0.000000 7.499447
167.693336 0.620939 -6.141263 7.720283 -7.465487 7.504332 -7.498627 7.499446 -7.499357 7.499466 -7.499677 0.000000 7.499446
167.793336 0.399255 -6.176117 7.714792 -7.466352 7.504197 -7.498648 7.499444 -7.499359 7.499467 -7.499678 0.000000 7.499444
167.847312 0.449611 -6.178661 7.712817 -7.466890 7.504087 -7.498674 7.499443 -7.499363 7.499470 -7.499680 0.000000 7.499443
167.947312 0.510695 -5.941348 7.746583 -7.462097 7.504769 -7.498579 7.499459 -7.499363 7.499471 -7.499681 0.000000 7.499459
168.047312 0.559983 -5.945796 7.744094 -7.462741 7.504639 -7.498608 7.499458 -7.499367 7.499474 -7.499683 0.000000 7.499458
168.147312 0.608917 -5.950260 7.741622 -7.463379 7.504511 -7.498637 7.499457 -7.499371 7.499477 -7.499684 0.000000 7.499457
168.247312 0.657499 -5.954740 7.739166 -7.464010 7.504385 -7.498664 7.499457 -7.499375 7.499480 -7.499686 0.000000 7.499457
168.347312 0.705732 -5.959236 7.736726 -7.464633 7.504260 -7.498692 7.499456 -7.499380 7.499483 -7.499688 0.000000 7.499456
168.447312 0.753618 -5.963747 7.734303 -7.465249 7.504138 -7.498719 7.499456 -7.499384 7.499486 -7.499690 0.000000 7.499456
168.547312 0.801160 -5.968272 7.731896 -7.465859 7.504018 -7.498745 7.499455 -7.499388 7.499489 -7.499692 0.000000 7.499455
168.547715 0.848360 -5.972812 7.729505 -7.466461 7.503899 -7.498771 7.499455 -7.499392 7.499492 -7.499694 0.000000 7.499455
168.647715 0.882649 -5.734126 7.764322 -7.461382 7.504640 -7.498663 7.499471 -7.499390 7.499492 -7.499693 0.000000 7.499471
168.688000 0.929001 -5.740533 7.761417 -7.462093 7.504501 -7.498693 7.499469 -7.499394 7.499495 -7.499695 0.000000 7.499469
168.703189 0.981641 -5.504409 7.795082 -7.457295 7.505187 -7.498596 7.499485 -7.499393 7.499496 -7.499696 0.000000 7.499485
168.803189 1.022634 -5.266960 7.829392 -7.452337 7.505905 -7.498493 7.499500 -7.499391 7.499497 -7.499696 0.000000 7.499500
168.903189 1.067457 -5.277068 7.825462 -7.453265 7.505725 -7.498530 7.499498 -7.499396 7.499500 -7.499698 0.000000 7.499498
168.937082 1.111965 -5.287144 7.821567 -7.454180 7.505548 -7.498566 7.499496 -7.499400 7.499502 -7.499700 0.000000 7.499496
169.037082 1.161044 -5.051845 7.855085 -7.449405 7.506230 -7.498470 7.499511 -7.499399 7.499504 -7.499700 0.000000 7.499511
169.084074 1.204624 -5.063731 7.850706 -7.450420 7.506035 -7.498509 7.499508 -7.499403 7.499506 -7.499702 0.000000 7.499508
169.101045 1.259060 -4.830591 7.883493 -7.445810 7.506687 -7.498419 7.499523 -7.499403 7.499508 -7.499703 0.000000 7.499523
169.111350 1.300395 -4.594208 7.917496 -7.440917 7.507392 -7.498318 7.499538 -7.499401 7.499509 -7.499703 0.000000 7.499538
169.211350 1.338830 -4.357102 7.951769 -7.435962 7.508109 -7.498214 7.499553 -7.499400 7.499509 -7.499703 0.000000 7.499553
169.311350 1.380359 -4.374462 7.945871 -7.437298 7.507853 -7.498264 7.499549 -7.499404 7.499512 -7.499705 0.000000 7.499549
169.411350 1.421604 -4.391729 7.940031 -7.438616 7.507602 -7.498313 7.499544 -7.499409 7.499514 -7.499707 0.000000 7.499544
169.511350 1.462567 -4.408905 7.934249 -7.439916 7.507355 -7.498361 7.499540 -7.499413 7.499517 -7.499708 0.000000 7.499540
169.580026 1.503251 -4.425990 7.928523 -7.441198 7.507113 -7.498408 7.499536 -7.499417 7.499520 -7.499710 0.000000 7.499536
169.680026 1.565101 -4.198958 7.959456 -7.436985 7.507690 -7.498331 7.499549 -7.499418 7.499522 -7.499711 0.000000 7.499549
169.780026 1.604809 -4.217744 7.953295 -7.438352 7.507433 -7.498381 7.499545 -7.499423 7.499524 -7.499713 0.000000 7.499545
169.880026 1.644249 -4.236426 7.947196 -7.439700 7.507181 -7.498429 7.499541 -7.499427 7.499527 -7.499715 0.000000 7.499541
169.933663 1.683422 -4.255004 7.941158 -7.441028 7.506933 -7.498476 7.499537 -7.499431 7.499529 -7.499716 0.000000 7.499537
169.987992 1.738391 -4.026209 7.972778 -7.436650 7.507544 -7.498393 7.499550 -7.499431 7.499531 -7.499717 0.000000 7.499550
170.087992 1.793277 -3.798519 8.004087 -7.432337 7.508142 -7.498312 7.499564 -7.499431 7.499533 -7.499718 0.000000 7.499564
170.187992 1.830888 -3.820580 7.997118 -7.433857 7.507859 -7.498365 7.499558 -7.499436 7.499535 -7.499720 0.000000 7.499558
170.287992 1.868249 -3.842510 7.990220 -7.435354 7.507582 -7.498417 7.499554 -7.499440 7.499538 -7.499721 0.000000 7.499554
170.387992 1.905362 -3.864308 7.983394 -7.436830 7.507310 -7.498468 7.499549 -7.499444 7.499540 -7.499723 0.000000 7.499549
170.487992 1.942228 -3.885976 7.976638 -7.438285 7.507042 -7.498517 7.499544 -7.499449 7.499542 -7.499725 0.000000 7.499544
170.522806 1.978849 -3.907514 7.969951 -7.439718 7.506780 -7.498566 7.499540 -7.499453 7.499545 -7.499726 0.000000 7.499540
170.622806 2.025614 -3.676264 8.002474 -7.435129 7.507432 -7.498474 7.499554 -7.499452 7.499546 -7.499727 0.000000 7.499554
170.722806 2.061400 -3.699481 7.995351 -7.436649 7.507155 -7.498526 7.499550 -7.499456 7.499548 -7.499728 0.000000 7.499550
170.822806 2.096951 -3.722556 7.988302 -7.438148 7.506882 -7.498576 7.499545 -7.499461 7.499551 -7.499730 0.000000 7.499545
170.922806 2.132268 -3.745489 7.981327 -7.439624 7.506615 -7.498625 7.499541 -7.499465 7.499553 -7.499731 0.000000 7.499541
171.022806 2.167353 -3.768281 7.974426 -7.441079 7.506353 -7.498673 7.499537 -7.499469 7.499556 -7.499733 0.000000 7.499537
171.122806 2.202208 -3.790932 7.967596 -7.442512 7.506097 -7.498719 7.499533 -7.499473 7.499558 -7.499735 0.000000 7.499533
171.222806 2.236833 -3.813445 7.960838 -7.443924 7.505845 -7.498765 7.499529 -7.499477 7.499560 -7.499736 0.000000 7.499529
171.322806 2.271231 -3.835818 7.954152 -7.445315 7.505598 -7.498810 7.499525 -7.499481 7.499563 -7.499738 0.000000 7.499525
171.422806 2.305402 -3.858055 7.947535 -7.446685 7.505356 -7.498853 7.499522 -7.499484 7.499565 -7.499739 0.000000 7.499522
171.522806 2.339350 -3.880154 7.940989 -7.448035 7.505119 -7.498896 7.499519 -7.499488 7.499567 -7.499741 0.000000 7.499519
171.622806 2.373074 -3.902118 7.934511 -7.449365 7.504886 -7.498937 7.499516 -7.499492 7.499570 -7.499742 0.000000 7.499516
171.643393 2.406576 -3.923946 7.928102 -7.450675 7.504658 -7.498978 7.499513 -7.499496 7.499572 -7.499744 0.000000 7.499513
171.743393 2.447529 -3.689709 7.961623 -7.445859 7.505354 -7.498878 7.499528 -7.499494 7.499573 -7.499744 0.000000 7.499528
171.843393 2.480258 -3.713229 7.954765 -7.447261 7.505109 -7.498921 7.499525 -7.499498 7.499575 -7.499746 0.000000 7.499525
171.943393 2.512774 -3.736602 7.947981 -7.448641 7.504869 -7.498964 7.499522 -7.499502 7.499578 -7.499747 0.000000 7.499522
172.043393 2.545079 -3.759827 7.941269 -7.450000 7.504635 -7.499005 7.499519 -7.499505 7.499580 -7.499749 0.000000 7.499519
172.143393 2.577175 -3.782906 7.934629 -7.451339 7.504405 -7.499045 7.499516 -7.499509 7.499582 -7.499750 0.000000 7.499516
172.150841 2.609062 -3.805840 7.928060 -7.452657 7.504179 -7.499085 7.499513 -7.499513 7.499584 -7.499751 0.000000 7.499513
172.250841 2.645521 -3.568834 7.962402 -7.447672 7.504904 -7.498979 7.499529 -7.499510 7.499585 -7.499752 0.000000 7.499529
172.350841 2.676677 -3.593466 7.955379 -7.449084 7.504661 -7.499022 7.499525 -7.499514 7.499587 -7.499753 0.000000 7.499525
172.365579 2.707633 -3.617940 7.948431 -7.450474 7.504423 -7.499063 7.499522 -7.499518 7.499589 -7.499754 0.000000 7.499522
172.387964 2.746267 -3.382820 7.982245 -7.445595 7.505130 -7.498961 7.499538 -7.499516 7.499590 -7.499755 0.000000 7.499538
172.487964 2.787132 -3.149969 8.015417 -7.440845 7.505815 -7.498863 7.499553 -7.499514 7.499591 -7.499755 0.000000 7.499553
172.587964 2.816801 -3.177931 8.007513 -7.442436 7.505539 -7.498911 7.499548 -7.499518 7.499593 -7.499756 0.000000 7.499548
172.649088 2.846284 -3.205708 7.999696 -7.444003 7.505269 -7.498958 7.499544 -7.499522 7.499595 -7.499758 0.000000 7.499544
172.749088 2.898293 -2.983870 8.029797 -7.439864 7.505849 -7.498878 7.499558 -7.499522 7.499597 -7.499759 0.000000 7.499558
172.815229 2.926973 -3.013204 8.021587 -7.441507 7.505565 -7.498927 7.499554 -7.499526 7.499599 -7.499760 0.000000 7.499554
172.907314 2.979924 -2.793771 8.051044 -7.437496 7.506123 -7.498850 7.499567 -7.499526 7.499601 -7.499761 0.000000 7.499567
173.007314 3.039696 -2.583485 8.077960 -7.433995 7.506591 -7.498789 7.499578 -7.499527 7.499603 -7.499762 0.000000 7.499578
173.107314 3.066910 -2.616006 8.068928 -7.435801 7.506279 -7.498843 7.499573 -7.499531 7.499605 -7.499764 0.000000 7.499573
173.175385 3.093961 -2.648303 8.059997 -7.437580 7.505972 -7.498896 7.499568 -7.499534 7.499607 -7.499765 0.000000 7.499568
173.275385 3.146365 -2.431433 8.088811 -7.433690 7.506509 -7.498823 7.499580 -7.499535 7.499609 -7.499766 0.000000 7.499580
173.375385 3.172637 -2.465212 8.079516 -7.435537 7.506191 -7.498878 7.499575 -7.499538 7.499611 -7.499767 0.000000 7.499575
173.475385 3.198755 -2.498757 8.070324 -7.437355 7.505880 -7.498931 7.499570 -7.499542 7.499613 -7.499769 0.000000 7.499570
173.530988 3.224719 -2.532069 8.061236 -7.439144 7.505574 -7.498983 7.499565 -7.499546 7.499615 -7.499770 0.000000 7.499565
173.630988 3.273171 -2.311759 8.091066 -7.435043 7.506150 -7.498903 7.499578 -7.499546 7.499617 -7.499771 0.000000 7.499578
173.714318 3.298391 -2.346567 8.081606 -7.436903 7.505832 -7.498957 7.499573 -7.499549 7.499619 -7.499772 0.000000 7.499573
173.794156 3.314311 -2.410196 7.835001 -7.473271 7.500490 -7.499742 7.499460 -7.499568 7.499618 -7.499773 0.000000 7.499460
173.894156 3.368421 -2.198504 7.863913 -7.469209 7.501080 -7.499657 7.499476 -7.499568 7.499620 -7.499774 0.000000 7.499476
173.994156 3.392861 -2.234004 7.856046 -7.470583 7.500871 -7.499690 7.499474 -7.499571 7.499622 -7.499776 0.000000 7.499474
174.028579 3.417161 -2.269257 7.848274 -7.471932 7.500668 -7.499721 7.499473 -7.499574 7.499624 -7.499777 0.000000 7.499473
174.089125 3.459579 -2.042605 7.880457 -7.467308 7.501341 -7.499623 7.499489 -7.499573 7.499625 -7.499777 0.000000 7.499489
174.189125 3.507972 -1.826167 7.910333 -7.463094 7.501949 -7.499536 7.499503 -7.499572 7.499627 -7.499778 0.000000 7.499503
174.289125 3.530991 -1.864642 7.901687 -7.464627 7.501711 -7.499574 7.499501 -7.499575 7.499629 -7.499779 0.000000 7.499501
174.389125 3.553883 -1.902844 7.893145 -7.466133 7.501478 -7.499610 7.499499 -7.499578 7.499631 -7.499781 0.000000 7.499499
174.489125 3.576651 -1.940777 7.884707 -7.467613 7.501251 -7.499646 7.499497 -7.499581 7.499633 -7.499782 0.000000 7.499497
174.589125 3.599294 -1.978442 7.876370 -7.469067 7.501030 -7.499680 7.499495 -7.499584 7.499635 -7.499783 0.000000 7.499495
174.689125 3.621813 -2.015841 7.868135 -7.470495 7.500813 -7.499714 7.499494 -7.499587 7.499637 -7.499785 0.000000 7.499494
174.701732 3.644210 -2.052976 7.860000 -7.471898 7.500603 -7.499746 7.499492 -7.499590 7.499639 -7.499786 0.000000 7.499492
174.734739 3.681118 -1.818921 7.893813 -7.466991 7.501318 -7.499642 7.499508 -7.499588 7.499640 -7.499786 0.000000 7.499508
174.834739 3.722398 -1.592989 7.925817 -7.462401 7.501984 -7.499545 7.499523 -7.499587 7.499641 -7.499786 0.000000 7.499523
174.934739 3.743601 -1.633445 7.916767 -7.463998 7.501736 -7.499584 7.499521 -7.499590 7.499642 -7.499788 0.000000 7.499521
175.010387 3.764694 -1.673613 7.907828 -7.465567 7.501495 -7.499622 7.499518 -7.499593 7.499644 -7.499789 0.000000 7.499518
175.110387 3.814668 -1.465078 7.935974 -7.461652 7.502057 -7.499542 7.499532 -7.499593 7.499646 -7.499790 0.000000 7.499532
175.151193 3.835061 -1.506597 7.926695 -7.463287 7.501803 -7.499582 7.499529 -7.499596 7.499648 -7.499791 0.000000 7.499529
175.251193 3.877441 -1.284714 7.957782 -7.458862 7.502443 -7.499489 7.499544 -7.499595 7.499649 -7.499791 0.000000 7.499544
175.351193 3.897180 -1.327668 7.948131 -7.460573 7.502175 -7.499532 7.499541 -7.499598 7.499651 -7.499793 0.000000 7.499541
175.451193 3.916823 -1.370311 7.938598 -7.462254 7.501914 -7.499573 7.499538 -7.499601 7.499653 -7.499794 0.000000 7.499538
175.551193 3.936369 -1.412648 7.929181 -7.463905 7.501659 -7.499613 7.499535 -7.499604 7.499655 -7.499795 0.000000 7.499535
175.574147 3.955819 -1.454679 7.919879 -7.465527 7.501409 -7.499652 7.499532 -7.499607 7.499657 -7.499796 0.000000 7.499532
175.655384 3.994362 -1.225554 7.952597 -7.460812 7.502095 -7.499552 7.499548 -7.499605 7.499658 -7.499796 0.000000 7.499548
175.671185 4.043754 -1.022199 7.979550 -7.457114 7.502622 -7.499478 7.499561 -7.499605 7.499659 -7.499797 0.000000 7.499561
175.771185 4.080738 -0.790623 8.012776 -7.452316 7.503319 -7.499376 7.499576 -7.499603 7.499660 -7.499797 0.000000 7.499576
175.871185 4.098459 -0.837535 8.002140 -7.454219 7.503016 -7.499425 7.499572 -7.499607 7.499662 -7.499799 0.000000 7.499572
175.971185 4.116103 -0.884104 7.991633 -7.456089 7.502721 -7.499472 7.499568 -7.499610 7.499664 -7.499800 0.000000 7.499568
176.071185 4.133670 -0.930334 7.981255 -7.457927 7.502432 -7.499517 7.499564 -7.499613 7.499665 -7.499801 0.000000 7.499564
176.171185 4.151159 -0.976226 7.971003 -7.459732 7.502151 -7.499561 7.499560 -7.499616 7.499667 -7.499802 0.000000 7.499560
176.212196 4.168571 -1.021783 7.960877 -7.461506 7.501876 -7.499604 7.499557 -7.499619 7.499669 -7.499803 0.000000 7.499557
176.312196 4.209781 -0.801627 7.991602 -7.457139 7.502507 -7.499513 7.499571 -7.499618 7.499670 -7.499804 0.000000 7.499571
176.412196 4.226576 -0.848570 7.981121 -7.458983 7.502219 -7.499558 7.499567 -7.499621 7.499672 -7.499805 0.000000 7.499567
176.512196 4.243301 -0.895170 7.970768 -7.460795 7.501938 -7.499602 7.499564 -7.499624 7.499674 -7.499806 0.000000 7.499564
176.612196 4.259954 -0.941429 7.960543 -7.462575 7.501664 -7.499645 7.499560 -7.499627 7.499675 -7.499807 0.000000 7.499560
176.641169 4.276537 -0.987350 7.950444 -7.464324 7.501397 -7.499686 7.499557 -7.499630 7.499677 -7.499808 0.000000 7.499557
176.729361 4.315422 -0.761854 7.982380 -7.459740 7.502062 -7.499589 7.499572 -7.499628 7.499678 -7.499809 0.000000 7.499572
176.829361 4.363619 -0.564901 8.007973 -7.456267 7.502555 -7.499520 7.499585 -7.499628 7.499680 -7.499810 0.000000 7.499585
176.840434 4.379038 -0.613790 7.997088 -7.458177 7.502258 -7.499566 7.499581 -7.499631 7.499681 -7.499811 0.000000 7.499581
176.940434 4.375765 -0.653989 7.757088 -7.493227 7.497142 -7.500313 7.499472 -7.499647 7.499679 -7.499811 0.000000 7.499472
177.040434 4.391228 -0.701949 7.748208 -7.494568 7.496968 -7.500335 7.499472 -7.499650 7.499681 -7.499812 0.000000 7.499472
177.140434 4.406632 -0.749558 7.739446 -7.495883 7.496798 -7.500357 7.499473 -7.499652 7.499683 -7.499813 0.000000 7.499473
177.240434 4.421976 -0.796819 7.730801 -7.497171 7.496634 -7.500378 7.499473 -7.499654 7.499685 -7.499814 0.000000 7.499473
177.340434 4.437260 -0.843734 7.722270 -7.498433 7.496475 -7.500398 7.499474 -7.499656 7.499687 -7.499815 0.000000 7.499474
177.440434 4.452484 -0.890306 7.713852 -7.499668 7.496321 -7.500417 7.499474 -7.499658 7.499688 -7.499816 0.000000 7.499474
177.517812 4.467647 -0.936538 7.705547 -7.500879 7.496172 -7.500435 7.499475 -7.499660 7.499690 -7.499818 0.000000 7.499475
177.611990 4.513434 -0.733347 7.734033 -7.496714 7.496802 -7.500340 7.499492 -7.499660 7.499692 -7.499818 0.000000 7.499492
177.711990 4.522162 -0.812897 7.487088 -7.532762 7.491565 -7.501102 7.499384 -7.499677 7.499691 -7.499820 0.000000 7.499384
177.732479 4.536769 -0.859529 7.480415 -7.533488 7.491522 -7.501099 7.499389 -7.499679 7.499693 -7.499821 0.000000 7.499389
177.832479 4.534777 -0.903840 7.240258 -7.568474 7.486430 -7.501840 7.499281 -7.499695 7.499691 -7.499821 0.000000 7.499281
177.932479 4.549428 -0.949534 7.235561 -7.568645 7.486506 -7.501815 7.499290 -7.499695 7.499693 -7.499822 0.000000 7.499290
178.032479 4.564023 -0.994897 7.230947 -7.568803 7.486584 -7.501790 7.499299 -7.499696 7.499695 -7.499823 0.000000 7.499299
178.132479 4.578561 -1.039933 7.226415 -7.568948 7.486662 -7.501765 7.499307 -7.499697 7.499697 -7.499824 0.000000 7.499307
178.232479 4.593041 -1.084643 7.221963 -7.569080 7.486742 -7.501739 7.499315 -7.499698 7.499699 -7.499825 0.000000 7.499315
178.332479 4.607464 -1.129032 7.217590 -7.569200 7.486824 -7.501714 7.499324 -7.499698 7.499701 -7.499826 0.000000 7.499324
178.432479 4.621829 -1.173100 7.213297 -7.569307 7.486906 -7.501689 7.499332 -7.499699 7.499703 -7.499827 0.000000 7.499332
178.504221 4.636138 -1.216850 7.209081 -7.569402 7.486989 -7.501664 7.499340 -7.499700 7.499705 -7.499828 0.000000 7.499340
178.604221 4.680462 -1.009307 7.240938 -7.564381 7.487792 -7.501538 7.499362 -7.499698 7.499706 -7.499829 0.000000 7.499362
178.632490 4.694164 -1.054371 7.236324 -7.564571 7.487855 -7.501517 7.499370 -7.499699 7.499708 -7.499830 0.000000 7.499370
178.660498 4.693049 -1.101844 6.996233 -7.599463 7.482789 -7.502252 7.499263 -7.499715 7.499706 -7.499830 0.000000 7.499263
178.686858 4.730998 -0.875497 7.030316 -7.594282 7.483581 -7.502132 7.499282 -7.499712 7.499707 -7.499830 0.000000 7.499282
178.690545 4.729510 -0.922417 6.790672 -7.629060 7.478539 -7.502863 7.499177 -7.499728 7.499705 -7.499831 0.000000 7.499177
178.761795 4.764101 -0.685382 6.825451 -7.623950 7.479291 -7.502753 7.499193 -7.499726 7.499706 -7.499831 0.000000 7.499193
178.861795 4.768256 -0.753770 6.585347 -7.658320 7.474386 -7.503453 7.499095 -7.499741 7.499705 -7.499832 0.000000 7.499095
178.961795 4.781148 -0.800104 6.585432 -7.657125 7.474751 -7.503374 7.499113 -7.499740 7.499707 -7.499833 0.000000 7.499113
179.004276 4.793997 -0.846106 6.585563 -7.655932 7.475113 -7.503296 7.499131 -7.499739 7.499709 -7.499834 0.000000 7.499131
179.011515 4.794462 -0.900335 6.346829 -7.690269 7.470182 -7.504005 7.499030 -7.499755 7.499708 -7.499834 0.000000 7.499030
179.047241 4.790421 -0.938419 6.108168 -7.724986 7.465133 -7.504739 7.498923 -7.499771 7.499706 -7.499835 0.000000 7.498923
179.147241 4.790091 -0.989126 5.870756 -7.759024 7.460260 -7.505437 7.498824 -7.499786 7.499704 -7.499836 0.000000 7.498824
179.177932 4.803188 -1.032937 5.876531 -7.756249 7.460960 -7.505294 7.498853 -7.499783 7.499707 -7.499836 0.000000 7.498853
179.277932 4.802218 -1.081115 5.639494 -7.790245 7.456090 -7.505993 7.498754 -7.499797 7.499705 -7.499837 0.000000 7.498754
179.377932 4.815361 -1.123996 5.647125 -7.786967 7.456895 -7.505830 7.498787 -7.499794 7.499708 -7.499838 0.000000 7.498787
179.435200 4.828454 -1.166581 5.654741 -7.783716 7.457690 -7.505670 7.498819 -7.499790 7.499710 -7.499839 0.000000 7.498819
179.535200 4.830948 -1.225625 5.420284 -7.816711 7.453056 -7.506322 7.498728 -7.499804 7.499709 -7.499839 0.000000 7.498728
179.635200 4.844070 -1.267219 5.429731 -7.812971 7.453951 -7.506144 7.498764 -7.499800 7.499712 -7.499840 0.000000 7.498764
179.735200 4.857139 -1.308526 5.439147 -7.809264 7.454835 -7.505969 7.498798 -7.499796 7.499714 -7.499841 0.000000 7.498798
179.805294 4.870156 -1.349551 5.448532 -7.805590 7.455707 -7.505797 7.498832 -7.499793 7.499717 -7.499842 0.000000 7.498832
179.809434 4.874269 -1.412936 5.216278 -7.837879 7.451227 -7.506420 7.498747 -7.499806 7.499716 -7.499843 0.000000 7.498747
179.909434 4.869834 -1.449419 4.977932 -7.872549 7.446184 -7.507154 7.498640 -7.499822 7.499714 -7.499843 0.000000 7.498640
179.912021 4.882980 -1.488896 4.990975 -7.867870 7.447267 -7.506942 7.498680 -7.499817 7.499716 -7.499844 0.000000 7.498680
180.011875 4.878345 -1.524736 4.752501 -7.902592 7.442211 -7.507678 7.498573 -7.499832 7.499714 -7.499844 0.000000 7.498573
180.085612 4.886551 -1.598181 4.528508 -7.932277 7.438309 -7.508190 7.498509 -7.499843 7.499715 -7.499845 0.000000 7.498509
180.185612 4.891350 -1.660945 4.301952 -7.962956 7.434172 -7.508749 7.498435 -7.499854 7.499714 -7.499846 0.000000 7.498435
180.285612 4.904671 -1.698120 4.320361 -7.956822 7.435556 -7.508481 7.498486 -7.499848 7.499717 -7.499847 0.000000 7.498486
180.366788 4.917933 -1.735053 4.338664 -7.950749 7.436922 -7.508219 7.498535 -7.499841 7.499720 -7.499847 0.000000 7.498535
180.466788 4.923676 -1.799665 4.114627 -7.980711 7.432931 -7.508751 7.498466 -7.499852 7.499720 -7.499848 0.000000 7.498466
180.518932 4.936938 -1.835634 4.134597 -7.974218 7.434377 -7.508474 7.498517 -7.499845 7.499723 -7.499849 0.000000 7.498517
180.618932 4.938849 -1.889095 3.906139 -8.005708 7.430037 -7.509075 7.498435 -7.499858 7.499722 -7.499850 0.000000 7.498435
180.718932 4.952129 -1.924184 3.927785 -7.998785 7.431568 -7.508783 7.498489 -7.499851 7.499725 -7.499850 0.000000 7.498489
180.816015 4.965347 -1.959049 3.949299 -7.991934 7.433076 -7.508498 7.498542 -7.499844 7.499728 -7.499851 0.000000 7.498542
180.836499 4.973145 -2.027509 3.731248 -8.020192 7.429436 -7.508967 7.498483 -7.499853 7.499728 -7.499852 0.000000 7.498483
180.936499 4.970875 -2.069280 3.497172 -8.053551 7.424677 -7.509648 7.498386 -7.499867 7.499726 -7.499852 0.000000 7.498386
180.991242 4.984178 -2.102608 3.522111 -8.045792 7.426369 -7.509329 7.498444 -7.499860 7.499729 -7.499853 0.000000 7.498444
181.046993 4.986451 -2.155566 3.296866 -8.076432 7.422198 -7.509899 7.498367 -7.499871 7.499729 -7.499854 0.000000 7.498367
181.146993 5.027972 -1.934970 3.346493 -8.066800 7.423926 -7.509606 7.498417 -7.499864 7.499731 -7.499854 0.000000 7.498417
181.153562 5.040741 -1.969193 3.372414 -8.058801 7.425658 -7.509281 7.498476 -7.499857 7.499734 -7.499855 0.000000 7.498476
181.253562 5.036602 -2.006253 3.135297 -8.093123 7.420687 -7.510002 7.498371 -7.499872 7.499732 -7.499855 0.000000 7.498371
181.293865 5.049415 -2.039721 3.162898 -8.084683 7.422508 -7.509662 7.498433 -7.499864 7.499735 -7.499856 0.000000 7.498433
181.369312 5.049581 -2.087953 2.935139 -8.116160 7.418148 -7.510269 7.498349 -7.499876 7.499734 -7.499856 0.000000 7.498349
181.469312 5.054292 -2.147414 2.718364 -8.144329 7.414497 -7.510744 7.498288 -7.499885 7.499734 -7.499857 0.000000 7.498288
181.503699 5.067192 -2.179387 2.749280 -8.135025 7.416490 -7.510373 7.498355 -7.499876 7.499737 -7.499857 0.000000 7.498355
181.509120 5.066633 -2.225143 2.521030 -8.166702 7.412081 -7.510989 7.498269 -7.499889 7.499735 -7.499858 0.000000 7.498269
181.593551 5.062358 -2.261660 2.283982 -8.201018 7.407110 -7.511710 7.498164 -7.499904 7.499733 -7.499858 0.000000 7.498164
181.693551 5.068387 -2.322364 2.074165 -8.227227 7.403869 -7.512109 7.498118 -7.499912 7.499734 -7.499859 0.000000 7.498118
181.793551 5.081473 -2.352335 2.110162 -8.216566 7.406139 -7.511688 7.498193 -7.499901 7.499737 -7.499860 0.000000 7.498193
181.858158 5.094490 -2.382138 2.145910 -8.206022 7.408375 -7.511274 7.498266 -7.499891 7.499740 -7.499860 0.000000 7.498266
181.958158 5.097882 -2.436110 1.930035 -8.234126 7.404714 -7.511754 7.498204 -7.499900 7.499740 -7.499861 0.000000 7.498204
182.058158 5.110896 -2.465108 1.967233 -8.223240 7.407010 -7.511331 7.498279 -7.499890 7.499743 -7.499861 0.000000 7.498279
182.158158 5.123842 -2.493945 2.004172 -8.212474 7.409272 -7.510917 7.498352 -7.499880 7.499747 -7.499862 0.000000 7.498352
182.258158 5.136718 -2.522623 2.040852 -8.201827 7.411499 -7.510511 7.498423 -7.499870 7.499750 -7.499862 0.000000 7.498423
182.358158 5.149524 -2.551143 2.077276 -8.191297 7.413692 -7.510112 7.498493 -7.499860 7.499753 -7.499863 0.000000 7.498493
182.458158 5.162261 -2.579505 2.113445 -8.180883 7.415852 -7.509722 7.498560 -7.499851 7.499756 -7.499864 0.000000 7.498560
182.495291 5.174930 -2.607711 2.149362 -8.170585 7.417979 -7.509339 7.498627 -7.499842 7.499759 -7.499864 0.000000 7.498627
182.507079 5.174635 -2.652952 1.923797 -8.201645 7.413673 -7.509942 7.498542 -7.499855 7.499757 -7.499865 0.000000 7.498542
182.607079 5.171155 -2.691016 1.689400 -8.235229 7.408849 -7.510637 7.498442 -7.499870 7.499755 -7.499865 0.000000 7.498442
182.707079 5.183944 -2.717931 1.728657 -8.224039 7.411158 -7.510221 7.498514 -7.499860 7.499759 -7.499866 0.000000 7.498514
182.807079 5.196662 -2.744703 1.767637 -8.212974 7.413432 -7.509813 7.498584 -7.499851 7.499762 -7.499866 0.000000 7.498584
182.907079 5.209310 -2.771334 1.806341 -8.202032 7.415670 -7.509413 7.498653 -7.499841 7.499764 -7.499867 0.000000 7.498653
182.954661 5.221888 -2.797823 1.844772 -8.191213 7.417874 -7.509021 7.498720 -7.499833 7.499767 -7.499867 0.000000 7.498720
182.963310 5.222866 -2.845186 1.624119 -8.220964 7.413823 -7.509580 7.498643 -7.499844 7.499766 -7.499868 0.000000 7.498643
183.063310 5.258054 -2.608710 1.662395 -8.214917 7.414761 -7.509437 7.498664 -7.499841 7.499767 -7.499868 0.000000 7.498664
183.163310 5.270126 -2.636304 1.701728 -8.203871 7.417004 -7.509040 7.498732 -7.499832 7.499770 -7.499868 0.000000 7.498732
183.202573 5.282133 -2.663750 1.740784 -8.192948 7.419213 -7.508650 7.498798 -7.499824 7.499773 -7.499869 0.000000 7.498798
183.302573 5.281848 -2.709295 1.517201 -8.223549 7.414984 -7.509242 7.498715 -7.499836 7.499771 -7.499869 0.000000 7.498715
183.307035 5.293874 -2.736006 1.557731 -8.212266 7.417260 -7.508841 7.498783 -7.499827 7.499774 -7.499870 0.000000 7.498783
183.373884 5.289434 -2.772017 1.320717 -8.246610 7.412277 -7.509565 7.498677 -7.499843 7.499772 -7.499870 0.000000 7.498677
183.473884 5.292528 -2.824248 1.110042 -8.273643 7.408768 -7.510030 7.498616 -7.499852 7.499772 -7.499871 0.000000 7.498616
183.561076 5.304664 -2.849664 1.153786 -8.261518 7.411213 -7.509598 7.498689 -7.499842 7.499775 -7.499871 0.000000 7.498689
183.661076 5.310212 -2.906539 0.952844 -8.285908 7.408228 -7.509972 7.498643 -7.499850 7.499775 -7.499872 0.000000 7.498643
183.666003 5.322331 -2.931188 0.997860 -8.273508 7.410718 -7.509534 7.498716 -7.499840 7.499778 -7.499873 0.000000 7.498716
183.677583 5.317951 -2.967222 0.761252 -8.307746 7.405755 -7.510255 7.498612 -7.499855 7.499776 -7.499873 0.000000 7.498612
183.777583 5.314384 -3.004827 0.527831 -8.341107 7.400969 -7.510944 7.498512 -7.499870 7.499774 -7.499873 0.000000 7.498512
183.877583 5.326644 -3.028277 0.576181 -8.327810 7.403643 -7.510473 7.498592 -7.499859 7.499777 -7.499874 0.000000 7.498592
183.897661 5.338833 -3.051619 0.624181 -8.314664 7.406275 -7.510011 7.498669 -7.499849 7.499780 -7.499874 0.000000 7.498669
183.911115 5.375367 -2.817581 0.668574 -8.306974 7.407537 -7.509812 7.498700 -7.499844 7.499781 -7.499874 0.000000 7.498700
183.938440 5.371953 -2.855779 0.436095 -8.340086 7.402798 -7.510493 7.498602 -7.499859 7.499779 -7.499875 0.000000 7.498602
183.964306 5.375870 -2.857401 0.484287 -8.097623 7.438369 -7.505282 7.499365 -7.499748 7.499795 -7.499873 0.000000 7.499365
184.013549 5.379611 -2.858684 0.531606 -7.855846 7.473762 -7.500108 7.500121 -7.499638 7.499812 -7.499871 0.000000 7.500121
184.077064 5.380362 -2.905667 0.316244 -7.885975 7.469461 -7.500736 7.500029 -7.499653 7.499810 -7.499871 0.000000 7.500029
184.177064 5.388512 -2.915897 0.382400 -7.640785 7.505375 -7.495492 7.500794 -7.499542 7.499827 -7.499869 0.000000 7.500794
184.268853 5.400149 -2.940041 0.430949 -7.632681 7.506514 -7.495360 7.500807 -7.499544 7.499828 -7.499870 0.000000 7.500807
184.355839 5.411487 -2.957021 0.510034 -7.386533 7.542378 -7.490160 7.501560 -7.499437 7.499845 -7.499869 0.000000 7.501560
184.455839 5.422201 -2.972856 0.586068 -7.142472 7.577708 -7.485069 7.502292 -7.499333 7.499861 -7.499867 0.000000 7.502292
184.555839 5.433610 -2.996913 0.632602 -7.138376 7.577722 -7.485178 7.502258 -7.499343 7.499860 -7.499868 0.000000 7.502258
184.640861 5.444949 -3.020858 0.678809 -7.134357 7.577725 -7.485288 7.502225 -7.499352 7.499860 -7.499869 0.000000 7.502225
184.740861 5.455257 -3.036038 0.752659 -6.892194 7.612561 -7.480299 7.502939 -7.499252 7.499875 -7.499868 0.000000 7.502939
184.840861 5.466460 -3.059882 0.797737 -6.890174 7.612013 -7.480526 7.502883 -7.499266 7.499874 -7.499869 0.000000 7.502883
184.849528 5.477595 -3.083612 0.842501 -6.888214 7.611461 -7.480752 7.502829 -7.499279 7.499873 -7.499870 0.000000 7.502829
184.856906 5.479277 -3.080579 0.881194 -6.649238 7.646254 -7.475688 7.503566 -7.499172 7.499888 -7.499868 0.000000 7.503566
184.956906 5.480817 -3.077248 0.919275 -6.410423 7.681016 -7.470630 7.504302 -7.499065 7.499904 -7.499866 0.000000 7.504302
185.056906 5.491841 -3.101071 0.962617 -6.412245 7.679398 -7.471085 7.504203 -7.499086 7.499901 -7.499867 0.000000 7.504203
185.128493 5.502798 -3.124778 1.005662 -6.414095 7.677788 -7.471535 7.504106 -7.499107 7.499899 -7.499868 0.000000 7.504106
185.228493 5.511320 -3.136584 1.071106 -6.176628 7.711483 -7.466771 7.504779 -7.499013 7.499913 -7.499867 0.000000 7.504779
185.328493 5.522155 -3.160201 1.113117 -6.180383 7.709357 -7.467329 7.504661 -7.499038 7.499910 -7.499868 0.000000 7.504661
185.428493 5.532925 -3.183700 1.154843 -6.184150 7.707244 -7.467881 7.504546 -7.499061 7.499907 -7.499870 0.000000 7.504546
185.484233 5.543636 -3.207080 1.196285 -6.187928 7.705146 -7.468426 7.504432 -7.499085 7.499904 -7.499871 0.000000 7.504432
185.528809 5.550294 -3.214967 1.254070 -5.951228 7.738827 -7.463643 7.505111 -7.498989 7.499918 -7.499870 0.000000 7.505111
185.628809 5.550048 -3.260183 1.033304 -5.988590 7.732582 -7.464675 7.504944 -7.499017 7.499915 -7.499871 0.000000 7.504944
185.671290 5.560728 -3.282911 1.075516 -5.993710 7.730100 -7.465300 7.504815 -7.499043 7.499911 -7.499872 0.000000 7.504815
185.771290 5.565962 -3.287439 1.128168 -5.757074 7.763896 -7.460479 7.505503 -7.498945 7.499926 -7.499870 0.000000 7.505503
185.871290 5.576540 -3.310120 1.169444 -5.764053 7.760909 -7.461209 7.505356 -7.498975 7.499922 -7.499872 0.000000 7.505356
185.971290 5.587055 -3.332688 1.210443 -5.771019 7.757948 -7.461930 7.505210 -7.499003 7.499918 -7.499873 0.000000 7.505210
185.991402 5.597511 -3.355143 1.251168 -5.777970 7.755010 -7.462642 7.505067 -7.499031 7.499915 -7.499875 0.000000 7.505067
185.995488 5.600324 -3.354558 1.294145 -5.540554 7.789266 -7.457700 7.505781 -7.498929 7.499930 -7.499873 0.000000 7.505781
186.095488 5.595778 -3.390298 1.056965 -5.575755 7.784043 -7.458475 7.505666 -7.498946 7.499927 -7.499873 0.000000 7.505666
186.195488 5.606250 -3.412199 1.098678 -5.584015 7.780720 -7.459269 7.505508 -7.498976 7.499923 -7.499875 0.000000 7.505508
186.295488 5.616663 -3.433990 1.140112 -5.592252 7.777427 -7.460053 7.505352 -7.499006 7.499919 -7.499876 0.000000 7.505352
186.374803 5.627018 -3.455674 1.181268 -5.600466 7.774161 -7.460827 7.505199 -7.499036 7.499915 -7.499877 0.000000 7.505199
186.410188 5.630210 -3.507614 0.974884 -5.641804 7.766510 -7.462174 7.504972 -7.499075 7.499910 -7.499879 0.000000 7.504972
186.510188 5.634597 -3.509953 1.024771 -5.405696 7.800255 -7.457350 7.505662 -7.498976 7.499925 -7.499877 0.000000 7.505662
186.573007 5.644919 -3.530993 1.066662 -5.415188 7.796634 -7.458196 7.505496 -7.499008 7.499920 -7.499879 0.000000 7.505496
186.638664 5.652086 -3.539069 1.127641 -5.182319 7.829221 -7.453637 7.506136 -7.498919 7.499934 -7.499877 0.000000 7.506136
186.738664 5.659509 -3.547770 1.189340 -4.950925 7.861371 -7.449173 7.506757 -7.498834 7.499946 -7.499876 0.000000 7.506757
186.744081 5.669654 -3.568807 1.229536 -4.964048 7.856765 -7.450223 7.506553 -7.498872 7.499941 -7.499878 0.000000 7.506553
186.844081 5.670922 -3.564862 1.266540 -4.725943 7.891360 -7.445196 7.507284 -7.498766 7.499956 -7.499875 0.000000 7.507284
186.944081 5.680985 -3.585904 1.305929 -4.740858 7.886270 -7.446346 7.507062 -7.498807 7.499951 -7.499877 0.000000 7.507062
187.010368 5.690986 -3.606843 1.345061 -4.755696 7.881229 -7.447480 7.506843 -7.498848 7.499945 -7.499879 0.000000 7.506843
187.110368 5.698300 -3.615574 1.405674 -4.526669 7.912762 -7.443139 7.507443 -7.498766 7.499957 -7.499878 0.000000 7.507443
187.210368 5.708191 -3.636451 1.443856 -4.543237 7.907272 -7.444363 7.507209 -7.498809 7.499951 -7.499879 0.000000 7.507209
187.310368 5.718022 -3.657224 1.481793 -4.559713 7.901837 -7.445569 7.506979 -7.498851 7.499945 -7.499881 0.000000 7.506979
187.398017 5.727798 -3.677891 1.519487 -4.576099 7.896456 -7.446759 7.506753 -7.498892 7.499939 -7.499883 0.000000 7.506753
187.418468 5.737041 -3.690834 1.587155 -4.351571 7.926629 -7.442704 7.507301 -7.498819 7.499950 -7.499882 0.000000 7.507301
187.464279 5.739740 -3.689963 1.629505 -4.116455 7.960282 -7.437881 7.507993 -7.498720 7.499965 -7.499880 0.000000 7.507993
187.564279 5.739177 -3.734259 1.407249 -4.160418 7.952299 -7.439257 7.507765 -7.498758 7.499959 -7.499881 0.000000 7.507765
187.601314 5.748882 -3.754359 1.445136 -4.179743 7.946114 -7.440611 7.507509 -7.498804 7.499953 -7.499883 0.000000 7.507509
187.628280 5.753178 -3.756686 1.493920 -3.948047 7.978689 -7.436022 7.508158 -7.498713 7.499966 -7.499881 0.000000 7.508158
187.695557 5.750799 -3.796923 1.265097 -3.988559 7.971818 -7.437153 7.507977 -7.498742 7.499962 -7.499882 0.000000 7.507977
187.756974 5.758050 -3.804976 1.326057 -3.763514 8.002290 -7.433021 7.508540 -7.498666 7.499973 -7.499881 0.000000 7.508540
187.856974 5.764701 -3.811913 1.384315 -3.538361 8.032845 -7.428869 7.509106 -7.498589 7.499984 -7.499880 0.000000 7.509106
187.908527 5.774297 -3.831534 1.421766 -3.562375 8.025377 -7.430487 7.508802 -7.498644 7.499976 -7.499882 0.000000 7.508802
188.008527 5.774239 -3.876425 1.202143 -3.609520 8.016484 -7.432051 7.508540 -7.498687 7.499970 -7.499884 0.000000 7.508540
188.040459 5.783859 -3.895369 1.241099 -3.632778 8.009249 -7.433612 7.508249 -7.498739 7.499963 -7.499885 0.000000 7.508249
188.123641 5.787635 -3.896309 1.288301 -3.401347 8.041805 -7.429019 7.508899 -7.498647 7.499976 -7.499884 0.000000 7.508899
188.223641 5.796285 -3.906980 1.354838 -3.183271 8.070270 -7.425305 7.509386 -7.498584 7.499985 -7.499883 0.000000 7.509386
188.261115 5.805748 -3.925952 1.392214 -3.209926 8.062140 -7.427046 7.509062 -7.498642 7.499977 -7.499885 0.000000 7.509062
188.269239 5.804298 -3.967852 1.167324 -3.254694 8.054043 -7.428431 7.508835 -7.498679 7.499971 -7.499886 0.000000 7.508835
188.363245 5.800094 -4.004167 0.931676 -3.291639 8.048318 -7.429309 7.508701 -7.498699 7.499969 -7.499887 0.000000 7.508701
188.431496 5.809842 -4.015798 1.004830 -3.076656 8.075851 -7.425786 7.509154 -7.498642 7.499977 -7.499886 0.000000 7.509154
188.531496 5.817071 -4.022876 1.066961 -2.856312 8.105077 -7.421898 7.509675 -7.498573 7.499987 -7.499885 0.000000 7.509675
188.599198 5.826543 -4.040746 1.106245 -2.885112 8.096376 -7.423748 7.509333 -7.498633 7.499978 -7.499887 0.000000 7.509333
188.620841 5.827941 -4.087614 0.893867 -2.939327 8.085465 -7.425723 7.508998 -7.498688 7.499970 -7.499889 0.000000 7.508998
188.720841 5.830714 -4.086258 0.937524 -2.706567 8.118483 -7.421026 7.509668 -7.498593 7.499984 -7.499887 0.000000 7.509668
188.746047 5.840171 -4.103554 0.977674 -2.736348 8.109540 -7.422917 7.509320 -7.498654 7.499975 -7.499889 0.000000 7.509320
188.846047 5.843261 -4.102815 1.022573 -2.504994 8.142152 -7.418303 7.509976 -7.498561 7.499989 -7.499888 0.000000 7.509976
188.946047 5.852626 -4.120125 1.061882 -2.536394 8.132798 -7.420275 7.509614 -7.498624 7.499980 -7.499890 0.000000 7.509614
188.985336 5.861931 -4.137357 1.100950 -2.567589 8.123545 -7.422217 7.509259 -7.498686 7.499971 -7.499892 0.000000 7.509259
189.085336 5.866287 -4.139016 1.151047 -2.340954 8.154790 -7.417885 7.509864 -7.498601 7.499983 -7.499890 0.000000 7.509864
189.185336 5.875499 -4.156248 1.189255 -2.373724 8.145143 -7.419902 7.509496 -7.498665 7.499974 -7.499893 0.000000 7.509496
189.285336 5.884653 -4.173399 1.227230 -2.406278 8.135601 -7.421889 7.509136 -7.498727 7.499965 -7.499895 0.000000 7.509136
189.385336 5.893752 -4.190468 1.264978 -2.438618 8.126161 -7.423846 7.508782 -7.498788 7.499956 -7.499897 0.000000 7.508782
189.485336 5.902799 -4.207455 1.302497 -2.470745 8.116824 -7.425773 7.508436 -7.498848 7.499948 -7.499899 0.000000 7.508436
189.507863 5.911792 -4.224361 1.339791 -2.502660 8.107587 -7.427672 7.508096 -7.498905 7.499939 -7.499900 0.000000 7.508096
189.603543 5.914528 -4.223072 1.382982 -2.270990 8.140371 -7.423009 7.508763 -7.498810 7.499953 -7.499899 0.000000 7.508763
189.703543 5.923777 -4.234181 1.452735 -2.064245 8.165986 -7.419819 7.509166 -7.498759 7.499961 -7.499898 0.000000 7.509166
189.803543 5.932617 -4.251137 1.488486 -2.099404 8.155911 -7.421884 7.508796 -7.498822 7.499952 -7.499900 0.000000 7.508796
189.837295 5.941402 -4.268011 1.524026 -2.134326 8.145947 -7.423917 7.508434 -7.498884 7.499943 -7.499902 0.000000 7.508434
189.890330 5.945071 -4.268599 1.570792 -1.907222 8.177462 -7.419509 7.509056 -7.498796 7.499956 -7.499901 0.000000 7.509056
189.990330 5.950409 -4.272469 1.624053 -1.687749 8.206816 -7.415543 7.509599 -7.498721 7.499967 -7.499899 0.000000 7.509599
190.090330 5.959061 -4.289415 1.658148 -1.725940 8.195996 -7.417748 7.509206 -7.498788 7.499958 -7.499901 0.000000 7.509206
190.121432 5.967659 -4.306276 1.692048 -1.763869 8.185296 -7.419919 7.508821 -7.498853 7.499948 -7.499903 0.000000 7.508821
190.221432 5.971039 -4.306415 1.737373 -1.536773 8.216847 -7.415501 7.509445 -7.498764 7.499961 -7.499902 0.000000 7.509445
190.287031 5.979555 -4.323277 1.770491 -1.576218 8.205772 -7.417743 7.509048 -7.498831 7.499952 -7.499904 0.000000 7.509048
190.348084 5.985829 -4.329204 1.826936 -1.363104 8.233429 -7.414108 7.509534 -7.498766 7.499961 -7.499903 0.000000 7.509534
190.448084 5.991690 -4.334401 1.881486 -1.149233 8.261309 -7.410429 7.510027 -7.498699 7.499971 -7.499902 0.000000 7.510027
190.503778 6.000054 -4.351296 1.913128 -1.191769 8.249452 -7.412823 7.509604 -7.498771 7.499961 -7.499904 0.000000 7.509604
190.514645 6.005405 -4.355578 1.965497 -0.976482 8.277765 -7.409053 7.510114 -7.498701 7.499971 -7.499903 0.000000 7.510114
190.580352 6.007029 -4.352331 2.003691 -0.742443 8.311283 -7.404236 7.510809 -7.498601 7.499986 -7.499901 0.000000 7.510809
190.586246 6.013168 -4.358405 2.058441 -0.533695 8.337783 -7.400836 7.511252 -7.498543 7.499994 -7.499900 0.000000 7.511252
190.686246 6.014376 -4.354328 2.095031 -0.297676 8.371851 -7.395909 7.511966 -7.498439 7.500009 -7.499898 0.000000 7.511966
190.786246 6.022544 -4.371468 2.124156 -0.346911 8.358195 -7.398674 7.511473 -7.498523 7.499997 -7.499901 0.000000 7.511473
190.886246 6.030662 -4.388515 2.153136 -0.395794 8.344693 -7.401395 7.510991 -7.498604 7.499985 -7.499903 0.000000 7.510991
190.986246 6.038736 -4.405467 2.181973 -0.444325 8.331344 -7.404074 7.510519 -7.498683 7.499974 -7.499905 0.000000 7.510519
190.992564 6.046765 -4.422324 2.210668 -0.492509 8.318145 -7.406711 7.510056 -7.498760 7.499962 -7.499908 0.000000 7.510056
191.050955 6.047990 -4.418305 2.247313 -0.256721 8.352163 -7.401792 7.510769 -7.498657 7.499978 -7.499906 0.000000 7.510769
191.150955 6.053365 -4.423076 2.298511 -0.046914 8.379081 -7.398289 7.511233 -7.498595 7.499987 -7.499905 0.000000 7.511233
191.250955 6.061284 -4.440006 2.325915 -0.098236 8.365071 -7.401088 7.510741 -7.498677 7.499975 -7.499907 0.000000 7.510741
191.350955 6.069155 -4.456843 2.353188 -0.149189 8.351219 -7.403842 7.510260 -7.498757 7.499963 -7.499909 0.000000 7.510260
191.450955 6.076984 -4.473583 2.380334 -0.199773 8.337526 -7.406552 7.509788 -7.498834 7.499952 -7.499912 0.000000 7.509788
191.550955 6.084771 -4.490229 2.407351 -0.249992 8.323988 -7.409220 7.509326 -7.498910 7.499941 -7.499914 0.000000 7.509326
191.587574 6.092515 -4.506779 2.434240 -0.299848 8.310605 -7.411844 7.508874 -7.498984 7.499931 -7.499916 0.000000 7.508874
191.687574 6.096057 -4.507727 2.478881 -0.079162 8.340603 -7.407707 7.509454 -7.498902 7.499943 -7.499914 0.000000 7.509454
191.737481 6.103727 -4.524262 2.505067 -0.130385 8.326897 -7.410390 7.508992 -7.498978 7.499932 -7.499917 0.000000 7.508992
191.837481 6.107436 -4.533204 2.512994 -0.190605 8.081324 -7.446550 7.503683 -7.499756 7.499819 -7.499933 0.000000 7.503683
191.937481 6.115034 -4.549583 2.539112 -0.240743 8.069711 -7.448638 7.503351 -7.499806 7.499813 -7.499934 0.000000 7.503351
192.037481 6.122601 -4.565862 2.565110 -0.290520 8.058237 -7.450690 7.503027 -7.499854 7.499807 -7.499936 0.000000 7.503027
192.137481 6.130127 -4.582048 2.590987 -0.339939 8.046902 -7.452707 7.502711 -7.499901 7.499802 -7.499937 0.000000 7.502711
192.237481 6.137613 -4.598142 2.616743 -0.389003 8.035703 -7.454689 7.502402 -7.499947 7.499796 -7.499938 0.000000 7.502402
192.337481 6.145058 -4.614144 2.642379 -0.437714 8.024640 -7.456636 7.502100 -7.499991 7.499791 -7.499939 0.000000 7.502100
192.355990 6.152464 -4.630054 2.667895 -0.486075 8.013710 -7.458549 7.501806 -7.500034 7.499786 -7.499940 0.000000 7.501806
192.435067 6.153731 -4.633718 2.667514 -0.529803 7.772900 -7.493739 7.496669 -7.500783 7.499677 -7.499956 0.000000 7.496669
192.535067 6.160264 -4.641123 2.722509 -0.328490 7.800692 -7.489718 7.497276 -7.500690 7.499693 -7.499954 0.000000 7.497276
192.635067 6.167577 -4.656945 2.747373 -0.377499 7.791338 -7.491154 7.497087 -7.500712 7.499692 -7.499955 0.000000 7.497087
192.714763 6.174847 -4.672679 2.772121 -0.426158 7.782104 -7.492563 7.496904 -7.500733 7.499691 -7.499955 0.000000 7.496904
192.814763 6.181331 -4.680067 2.826595 -0.225847 7.809683 -7.488580 7.497503 -7.500641 7.499706 -7.499953 0.000000 7.497503
192.849967 6.188513 -4.695751 2.850609 -0.275739 7.800133 -7.490053 7.497307 -7.500665 7.499705 -7.499954 0.000000 7.497307
192.868946 6.191748 -4.696163 2.893866 -0.054365 7.831657 -7.485479 7.497982 -7.500565 7.499720 -7.499952 0.000000 7.497982
192.968946 6.193822 -4.694057 2.933136 0.174717 7.864618 -7.480689 7.498684 -7.500462 7.499736 -7.499949 0.000000 7.498684
193.068946 6.200903 -4.709831 2.955925 0.121665 7.854197 -7.482349 7.498452 -7.500492 7.499733 -7.499950 0.000000 7.498452
193.168946 6.207942 -4.725513 2.978618 0.068997 7.843911 -7.483977 7.498226 -7.500521 7.499731 -7.499951 0.000000 7.498226
193.201213 6.214944 -4.741102 3.001218 0.016711 7.833757 -7.485573 7.498007 -7.500549 7.499728 -7.499951 0.000000 7.498007
193.301213 6.212217 -4.780929 2.769670 -0.034881 7.825439 -7.486820 7.497830 -7.500573 7.499726 -7.499952 0.000000 7.497830
193.401213 6.219281 -4.795866 2.794002 -0.086136 7.815573 -7.488353 7.497622 -7.500599 7.499724 -7.499953 0.000000 7.497622
193.501213 6.226308 -4.810717 2.818225 -0.137023 7.805835 -7.489856 7.497421 -7.500624 7.499722 -7.499953 0.000000 7.497421
193.601213 6.233296 -4.825482 2.842339 -0.187544 7.796223 -7.491330 7.497226 -7.500647 7.499721 -7.499954 0.000000 7.497226
193.701213 6.240246 -4.840164 2.866346 -0.237702 7.786735 -7.492774 7.497036 -7.500670 7.499719 -7.499954 0.000000 7.497036
193.801213 6.247159 -4.854761 2.890244 -0.287499 7.777371 -7.494190 7.496852 -7.500692 7.499718 -7.499955 0.000000 7.496852
193.901213 6.254035 -4.869275 2.914035 -0.336939 7.768129 -7.495577 7.496673 -7.500712 7.499717 -7.499955 0.000000 7.496673
194.001213 6.260873 -4.883705 2.937718 -0.386023 7.759007 -7.496937 7.496500 -7.500732 7.499716 -7.499956 0.000000 7.496500
194.064815 6.267674 -4.898054 2.961294 -0.434755 7.750005 -7.498269 7.496332 -7.500751 7.499716 -7.499956 0.000000 7.496332
194.164815 6.272698 -4.902048 3.011062 -0.226716 7.779197 -7.494015 7.496970 -7.500654 7.499731 -7.499954 0.000000 7.496970
194.264815 6.279422 -4.916376 3.033934 -0.276734 7.769857 -7.495418 7.496788 -7.500676 7.499730 -7.499955 0.000000 7.496788
194.364815 6.286105 -4.930622 3.056705 -0.326393 7.760639 -7.496793 7.496612 -7.500696 7.499729 -7.499955 0.000000 7.496612
194.369590 6.292752 -4.944787 3.079377 -0.375694 7.751541 -7.498140 7.496441 -7.500716 7.499728 -7.499956 0.000000 7.496441
194.469590 6.293789 -4.940380 3.115296 -0.139219 7.785955 -7.493120 7.497174 -7.500609 7.499743 -7.499953 0.000000 7.497174
194.569590 6.300382 -4.954572 3.137333 -0.190005 7.776452 -7.494553 7.496987 -7.500631 7.499742 -7.499954 0.000000 7.496987
194.669590 6.306935 -4.968683 3.159276 -0.240425 7.767074 -7.495958 7.496804 -7.500653 7.499741 -7.499954 0.000000 7.496804
194.769590 6.313453 -4.982711 3.181127 -0.290479 7.757819 -7.497334 7.496628 -7.500674 7.499739 -7.499955 0.000000 7.496628
194.869590 6.319936 -4.996657 3.202884 -0.340173 7.748686 -7.498682 7.496456 -7.500694 7.499738 -7.499955 0.000000 7.496456
194.911898 6.326384 -5.010522 3.224550 -0.389507 7.739674 -7.500003 7.496290 -7.500712 7.499738 -7.499956 0.000000 7.496290
195.011898 6.329002 -5.017089 3.228596 -0.445069 7.497099 -7.535392 7.491139 -7.501462 7.499629 -7.499971 0.000000 7.491139
195.111898 6.335395 -5.030822 3.250243 -0.493368 7.490113 -7.536144 7.491095 -7.501457 7.499632 -7.499971 0.000000 7.491095
195.158711 6.341763 -5.044470 3.271798 -0.541319 7.483229 -7.536875 7.491055 -7.501452 7.499636 -7.499971 0.000000 7.491055
195.258711 6.345450 -5.045743 3.316686 -0.324794 7.514895 -7.532124 7.491780 -7.501341 7.499653 -7.499968 0.000000 7.491780
195.326607 6.351752 -5.059388 3.337575 -0.374100 7.507629 -7.532941 7.491722 -7.501339 7.499656 -7.499968 0.000000 7.491722
195.426607 6.355909 -5.069334 3.346616 -0.442177 7.263955 -7.568323 7.486602 -7.502079 7.499550 -7.499984 0.000000 7.486602
195.526607 6.362144 -5.082831 3.367471 -0.490358 7.258722 -7.568574 7.486665 -7.502055 7.499557 -7.499983 0.000000 7.486665
195.626607 6.368355 -5.096242 3.388239 -0.538195 7.253578 -7.568809 7.486730 -7.502030 7.499563 -7.499982 0.000000 7.486730
195.660321 6.374534 -5.109575 3.408919 -0.585691 7.248521 -7.569031 7.486797 -7.502005 7.499570 -7.499981 0.000000 7.486797
195.760321 6.376510 -5.114779 3.410781 -0.636430 7.008034 -7.603943 7.481737 -7.502738 7.499464 -7.499996 0.000000 7.481737
195.860321 6.382638 -5.127991 3.431456 -0.682943 7.004950 -7.603615 7.481921 -7.502690 7.499475 -7.499995 0.000000 7.481921
195.960321 6.388744 -5.141121 3.452044 -0.729126 7.001936 -7.603279 7.482105 -7.502643 7.499486 -7.499993 0.000000 7.482105
196.060321 6.394816 -5.154174 3.472542 -0.774982 6.998992 -7.602935 7.482288 -7.502597 7.499496 -7.499992 0.000000 7.482288
196.160321 6.400857 -5.167151 3.492951 -0.820513 6.996117 -7.602585 7.482471 -7.502551 7.499507 -7.499990 0.000000 7.482471
196.260321 6.406865 -5.180053 3.513271 -0.865722 6.993308 -7.602227 7.482654 -7.502505 7.499517 -7.499989 0.000000 7.482654
196.360321 6.412840 -5.192881 3.533503 -0.910611 6.990567 -7.601862 7.482837 -7.502459 7.499527 -7.499988 0.000000 7.482837
196.460321 6.418784 -5.205633 3.553646 -0.955182 6.987891 -7.601491 7.483019 -7.502414 7.499537 -7.499986 0.000000 7.483019
196.560321 6.424695 -5.218312 3.573700 -0.999439 6.985281 -7.601113 7.483200 -7.502370 7.499547 -7.499985 0.000000 7.483200
196.660321 6.430575 -5.230918 3.593667 -1.043383 6.982735 -7.600729 7.483382 -7.502326 7.499557 -7.499984 0.000000 7.483382
196.760321 6.436424 -5.243450 3.613546 -1.087017 6.980252 -7.600338 7.483562 -7.502282 7.499566 -7.499982 0.000000 7.483562
196.860321 6.442241 -5.255910 3.633337 -1.130342 6.977832 -7.599941 7.483743 -7.502238 7.499576 -7.499981 0.000000 7.483743
196.960321 6.448027 -5.268298 3.653040 -1.173362 6.975473 -7.599539 7.483922 -7.502195 7.499585 -7.499980 0.000000 7.483922
197.060321 6.453781 -5.280614 3.672657 -1.216078 6.973176 -7.599130 7.484102 -7.502153 7.499594 -7.499979 0.000000 7.484102
197.160321 6.459505 -5.292859 3.692186 -1.258493 6.970939 -7.598716 7.484280 -7.502111 7.499604 -7.499978 0.000000 7.484280
197.260321 6.465198 -5.305034 3.711629 -1.300608 6.968761 -7.598297 7.484459 -7.502069 7.499613 -7.499977 0.000000 7.484459
197.360321 6.470860 -5.317138 3.730986 -1.342427 6.966643 -7.597872 7.484636 -7.502027 7.499621 -7.499975 0.000000 7.484636
197.460321 6.476492 -5.329173 3.750256 -1.383951 6.964582 -7.597442 7.484813 -7.501986 7.499630 -7.499974 0.000000 7.484813
197.560321 6.482093 -5.341138 3.769440 -1.425183 6.962578 -7.597007 7.484990 -7.501946 7.499639 -7.499973 0.000000 7.484990
197.660321 6.487665 -5.353034 3.788539 -1.466124 6.960631 -7.596567 7.485166 -7.501905 7.499647 -7.499972 0.000000 7.485166
197.760321 6.493206 -5.364861 3.807552 -1.506778 6.958739 -7.596123 7.485341 -7.501866 7.499655 -7.499971 0.000000 7.485341
197.860321 6.498717 -5.376621 3.826480 -1.547145 6.956903 -7.595673 7.485515 -7.501826 7.499664 -7.499970 0.000000 7.485515
197.960321 6.504199 -5.388313 3.845323 -1.587228 6.955121 -7.595220 7.485689 -7.501787 7.499672 -7.499969 0.000000 7.485689
198.060321 6.509651 -5.399938 3.864081 -1.627029 6.953392 -7.594762 7.485862 -7.501748 7.499680 -7.499968 0.000000 7.485862
198.070275 6.515074 -5.411496 3.882755 -1.666550 6.951717 -7.594300 7.486035 -7.501710 7.499688 -7.499968 0.000000 7.486035
198.170275 6.515515 -5.413375 3.879525 -1.705298 6.712743 -7.629096 7.480968 -7.502448 7.499580 -7.499983 0.000000 7.480968
198.270275 6.520899 -5.424844 3.898219 -1.743985 6.712982 -7.628098 7.481255 -7.502388 7.499592 -7.499981 0.000000 7.481255
198.370275 6.526265 -5.436242 3.916829 -1.782401 6.713258 -7.627103 7.481540 -7.502329 7.499604 -7.499980 0.000000 7.481540
198.470275 6.531601 -5.447574 3.935355 -1.820550 6.713569 -7.626111 7.481822 -7.502270 7.499615 -7.499978 0.000000 7.481822
198.570275 6.536908 -5.458842 3.953795 -1.858434 6.713916 -7.625120 7.482101 -7.502212 7.499626 -7.499977 0.000000 7.482101
198.646007 6.542187 -5.470045 3.972150 -1.896054 6.714298 -7.624132 7.482379 -7.502155 7.499637 -7.499975 0.000000 7.482379
198.746007 6.546068 -5.479217 3.980906 -1.959188 6.475801 -7.658228 7.477503 -7.502854 7.499537 -7.499990 0.000000 7.477503
198.846007 6.551290 -5.490292 3.999225 -1.995820 6.478100 -7.656714 7.477891 -7.502776 7.499552 -7.499988 0.000000 7.477891
198.946007 6.556494 -5.501298 4.017461 -2.032199 6.480417 -7.655209 7.478275 -7.502700 7.499567 -7.499986 0.000000 7.478275
199.046007 6.561670 -5.512242 4.035612 -2.068328 6.482752 -7.653713 7.478655 -7.502624 7.499581 -7.499984 0.000000 7.478655
199.146007 6.566818 -5.523125 4.053677 -2.104209 6.485105 -7.652225 7.479031 -7.502550 7.499595 -7.499982 0.000000 7.479031
199.246007 6.571937 -5.533945 4.071657 -2.139843 6.487475 -7.650746 7.479402 -7.502477 7.499608 -7.499980 0.000000 7.479402
199.346007 6.577029 -5.544704 4.089553 -2.175233 6.489862 -7.649276 7.479770 -7.502404 7.499622 -7.499979 0.000000 7.479770
199.446007 6.582094 -5.555403 4.107364 -2.210379 6.492265 -7.647814 7.480133 -7.502334 7.499635 -7.499977 0.000000 7.480133
199.546007 6.587130 -5.566041 4.125091 -2.245284 6.494684 -7.646362 7.480492 -7.502264 7.499648 -7.499975 0.000000 7.480492
199.646007 6.592140 -5.576619 4.142734 -2.279949 6.497119 -7.644917 7.480848 -7.502195 7.499660 -7.499974 0.000000 7.480848
199.746007 6.597122 -5.587137 4.160294 -2.314377 6.499569 -7.643482 7.481199 -7.502127 7.499672 -7.499972 0.000000 7.481199
199.846007 6.602077 -5.597596 4.177770 -2.348568 6.502035 -7.642055 7.481547 -7.502061 7.499684 -7.499970 0.000000 7.481547
199.855374 6.607005 -5.607996 4.195164 -2.382525 6.504515 -7.640637 7.481891 -7.501995 7.499696 -7.499969 0.000000 7.481891
199.955374 6.607368 -5.609700 4.191704 -2.420526 6.265936 -7.675347 7.476839 -7.502731 7.499589 -7.499984 0.000000 7.476839
200.036544 6.612261 -5.620019 4.209120 -2.453698 6.270289 -7.673408 7.477294 -7.502644 7.499605 -7.499982 0.000000 7.477294
200.136544 6.616123 -5.629079 4.218110 -2.515283 6.035010 -7.706688 7.472575 -7.503317 7.499509 -7.499996 0.000000 7.472575
200.147236 6.620970 -5.639271 4.235489 -2.547518 6.041218 -7.704245 7.473135 -7.503210 7.499528 -7.499993 0.000000 7.473135
200.247236 6.621392 -5.641090 4.232258 -2.585783 5.803068 -7.738828 7.468111 -7.503941 7.499422 -7.500008 0.000000 7.468111
200.347236 6.626214 -5.651197 4.249658 -2.617250 5.811115 -7.735877 7.468779 -7.503814 7.499445 -7.500005 0.000000 7.468779
200.447236 6.631020 -5.661243 4.266974 -2.648508 5.819131 -7.732953 7.469437 -7.503689 7.499467 -7.500002 0.000000 7.469437
200.547236 6.635800 -5.671232 4.284204 -2.679559 5.827115 -7.730056 7.470087 -7.503567 7.499489 -7.499999 0.000000 7.470087
200.647236 6.640554 -5.681167 4.301348 -2.710406 5.835068 -7.727185 7.470728 -7.503447 7.499510 -7.499996 0.000000 7.470728
200.747236 6.645281 -5.691046 4.318407 -2.741049 5.842989 -7.724340 7.471360 -7.503329 7.499531 -7.499993 0.000000 7.471360
200.847236 6.649983 -5.700871 4.335381 -2.771489 5.850879 -7.721522 7.471984 -7.503213 7.499551 -7.499990 0.000000 7.471984
200.947236 6.654659 -5.710641 4.352269 -2.801729 5.858737 -7.718729 7.472599 -7.503100 7.499571 -7.499987 0.000000 7.472599
201.047236 6.659309 -5.720357 4.369074 -2.831769 5.866564 -7.715962 7.473206 -7.502988 7.499590 -7.499984 0.000000 7.473206
201.147236 6.663933 -5.730020 4.385794 -2.861611 5.874360 -7.713220 7.473805 -7.502878 7.499609 -7.499982 0.000000 7.473805
201.190007 6.668533 -5.739629 4.402430 -2.891257 5.882125 -7.710503 7.474395 -7.502771 7.499628 -7.499979 0.000000 7.474395
201.290007 6.670394 -5.744451 4.404429 -2.938694 5.646621 -7.744194 7.469561 -7.503467 7.499527 -7.499994 0.000000 7.469561
201.390007 6.674950 -5.753968 4.421060 -2.967532 5.656198 -7.740982 7.470256 -7.503340 7.499549 -7.499991 0.000000 7.470256
201.478443 6.679492 -5.763427 4.437608 -2.996181 5.665730 -7.737802 7.470940 -7.503215 7.499571 -7.499988 0.000000 7.470940
201.488107 6.683391 -5.772481 4.447088 -3.056194 5.435307 -7.769858 7.466454 -7.503849 7.499481 -7.500001 0.000000 7.466454
201.588107 6.683720 -5.774125 4.443600 -3.093719 5.197587 -7.804347 7.461446 -7.504577 7.499375 -7.500016 0.000000 7.461446
201.688107 6.688210 -5.783443 4.460210 -3.120941 5.210742 -7.800166 7.462342 -7.504412 7.499404 -7.500011 0.000000 7.462342
201.788107 6.692685 -5.792704 4.476735 -3.147991 5.223820 -7.796027 7.463226 -7.504250 7.499432 -7.500007 0.000000 7.463226
201.888107 6.697136 -5.801915 4.493174 -3.174871 5.236824 -7.791931 7.464096 -7.504092 7.499459 -7.500003 0.000000 7.464096
201.935728 6.701562 -5.811075 4.509527 -3.201581 5.249753 -7.787876 7.464954 -7.503936 7.499486 -7.500000 0.000000 7.464954
202.023170 6.703563 -5.816149 4.512193 -3.249063 5.017063 -7.820807 7.460273 -7.504605 7.499390 -7.500013 0.000000 7.460273
202.123170 6.707299 -5.824818 4.521399 -3.306581 4.791084 -7.851693 7.456025 -7.505195 7.499308 -7.500025 0.000000 7.456025
202.185620 6.711664 -5.833824 4.537777 -3.331843 4.807541 -7.846679 7.457083 -7.505002 7.499341 -7.500020 0.000000 7.457083
202.285620 6.714287 -5.840150 4.542872 -3.382365 4.578942 -7.878422 7.452650 -7.505625 7.499253 -7.500033 0.000000 7.452650
202.385620 6.718617 -5.849056 4.559222 -3.406849 4.597089 -7.872963 7.453798 -7.505416 7.499289 -7.500027 0.000000 7.453798
202.441913 6.722934 -5.857908 4.575487 -3.431187 4.615119 -7.867562 7.454929 -7.505211 7.499324 -7.500022 0.000000 7.454929
202.444530 6.725255 -5.863600 4.579511 -3.479647 4.386391 -7.899396 7.450473 -7.505839 7.499235 -7.500035 0.000000 7.450473
202.459327 6.725262 -5.864570 4.574853 -3.515106 4.148095 -7.934085 7.445422 -7.506575 7.499128 -7.500050 0.000000 7.445422
202.559327 6.725790 -5.866604 4.572190 -3.553359 3.912473 -7.967984 7.440536 -7.507281 7.499026 -7.500064 0.000000 7.440536
202.659327 6.730065 -5.875314 4.588643 -3.575857 3.935869 -7.961093 7.441983 -7.507015 7.499072 -7.500057 0.000000 7.441983
202.678603 6.734328 -5.883973 4.605005 -3.598230 3.959104 -7.954276 7.443408 -7.506755 7.499117 -7.500051 0.000000 7.443408
202.778603 6.735050 -5.886368 4.603060 -3.637360 3.724741 -7.987819 7.438595 -7.507448 7.499017 -7.500065 0.000000 7.438595
202.832295 6.739277 -5.894957 4.619425 -3.659055 3.749644 -7.980560 7.440111 -7.507171 7.499065 -7.500057 0.000000 7.440111
202.892160 6.741444 -5.900276 4.623081 -3.705482 3.524111 -8.011548 7.435828 -7.507767 7.498982 -7.500069 0.000000 7.435828
202.911069 6.743856 -5.906101 4.627779 -3.752887 3.301162 -8.041800 7.431700 -7.508335 7.498903 -7.500080 0.000000 7.431700
203.011069 6.744639 -5.907608 4.631613 -3.751661 3.341343 -7.801448 7.466863 -7.503193 7.499655 -7.499973 0.000000 7.466863
203.111069 6.748843 -5.916035 4.647975 -3.772143 3.369019 -7.795175 7.468023 -7.503000 7.499685 -7.499968 0.000000 7.468023
203.211069 6.753009 -5.924430 4.664236 -3.792521 3.396500 -7.788978 7.469164 -7.502812 7.499715 -7.499964 0.000000 7.469164
203.311069 6.757152 -5.932783 4.680402 -3.812796 3.423789 -7.782855 7.470285 -7.502627 7.499744 -7.499960 0.000000 7.470285
203.411069 6.761271 -5.941093 4.696474 -3.832966 3.450887 -7.776806 7.471387 -7.502447 7.499772 -7.499957 0.000000 7.471387
203.511069 6.765366 -5.949361 4.712451 -3.853032 3.477797 -7.770830 7.472470 -7.502271 7.499799 -7.499953 0.000000 7.472470
203.611069 6.769439 -5.957586 4.728335 -3.872995 3.504518 -7.764926 7.473535 -7.502099 7.499826 -7.499950 0.000000 7.473535
203.711069 6.773488 -5.965769 4.744127 -3.892856 3.531053 -7.759094 7.474581 -7.501931 7.499852 -7.499946 0.000000 7.474581
203.744471 6.777514 -5.973910 4.759826 -3.912614 3.557403 -7.753332 7.475609 -7.501766 7.499877 -7.499943 0.000000 7.475609
203.844471 6.778757 -5.977350 4.759958 -3.954021 3.327332 -7.786273 7.470863 -7.502454 7.499777 -7.499958 0.000000 7.470863
203.944471 6.782746 -5.985419 4.775648 -3.973114 3.355294 -7.780073 7.471983 -7.502273 7.499805 -7.499954 0.000000 7.471983
204.044471 6.786723 -5.993441 4.791248 -3.992111 3.383060 -7.773949 7.473083 -7.502096 7.499832 -7.499950 0.000000 7.473083
204.144471 6.790678 -6.001422 4.806756 -4.011013 3.410631 -7.767899 7.474165 -7.501922 7.499858 -7.499947 0.000000 7.474165
204.244471 6.794610 -6.009362 4.822172 -4.029821 3.438008 -7.761923 7.475227 -7.501753 7.499884 -7.499944 0.000000 7.475227
204.344471 6.798520 -6.017261 4.837498 -4.048535 3.465192 -7.756019 7.476271 -7.501588 7.499909 -7.499941 0.000000 7.476271
204.405729 6.802408 -6.025120 4.852733 -4.067156 3.492185 -7.750188 7.477297 -7.501427 7.499933 -7.499937 0.000000 7.477297
204.490295 6.804681 -6.030645 4.856929 -4.113347 3.269792 -7.781502 7.472830 -7.502072 7.499839 -7.499951 0.000000 7.472830
204.545616 6.807836 -6.037959 4.864705 -4.163361 3.055120 -7.811061 7.468687 -7.502663 7.499754 -7.499964 0.000000 7.468687
204.645616 6.809855 -6.042969 4.868055 -4.207794 2.833032 -7.842189 7.464274 -7.503297 7.499662 -7.499977 0.000000 7.464274
204.745616 6.813678 -6.050648 4.883362 -4.224556 2.865001 -7.834990 7.465588 -7.503080 7.499696 -7.499972 0.000000 7.465588
204.845616 6.817489 -6.058283 4.898577 -4.241244 2.896740 -7.827878 7.466880 -7.502869 7.499729 -7.499968 0.000000 7.466880
204.945616 6.821279 -6.065879 4.913700 -4.257859 2.928251 -7.820854 7.468150 -7.502663 7.499761 -7.499963 0.000000 7.468150
205.045616 6.825048 -6.073437 4.928731 -4.274401 2.959534 -7.813914 7.469397 -7.502461 7.499793 -7.499959 0.000000 7.469397
205.126847 6.828794 -6.080957 4.943670 -4.290870 2.990593 -7.807060 7.470623 -7.502264 7.499823 -7.499955 0.000000 7.470623
205.226847 6.831725 -6.087771 4.950650 -4.339030 2.776828 -7.836403 7.466518 -7.502849 7.499738 -7.499967 0.000000 7.466518
205.236787 6.835427 -6.095207 4.965538 -4.354838 2.809340 -7.829169 7.467821 -7.502638 7.499771 -7.499963 0.000000 7.467821
205.263629 6.835699 -6.096676 4.961928 -4.391243 2.573737 -7.863301 7.462865 -7.503359 7.499666 -7.499978 0.000000 7.462865
205.313584 6.836584 -6.099395 4.960846 -4.430167 2.344081 -7.896085 7.458155 -7.504040 7.499567 -7.499992 0.000000 7.458155
205.413584 6.838322 -6.103801 4.963253 -4.472330 2.123204 -7.926845 7.453822 -7.504657 7.499479 -7.500005 0.000000 7.453822
205.513584 6.841995 -6.111102 4.978314 -4.486430 2.160831 -7.918191 7.455427 -7.504388 7.499522 -7.499999 0.000000 7.455427
205.540110 6.845658 -6.118361 4.993282 -4.500482 2.198182 -7.909643 7.457004 -7.504126 7.499564 -7.499993 0.000000 7.457004
205.567894 6.846529 -6.121012 4.992146 -4.539038 1.969205 -7.942246 7.452332 -7.504799 7.499466 -7.500007 0.000000 7.452332
205.578242 6.847435 -6.123752 4.991220 -4.577620 1.741190 -7.974602 7.447709 -7.505464 7.499371 -7.500020 0.000000 7.447709
205.678242 6.847801 -6.124403 4.993511 -4.573876 1.780236 -7.734812 7.482734 -7.500350 7.500117 -7.499914 0.000000 7.482734
205.778242 6.851451 -6.131552 5.008536 -4.586904 1.820314 -7.727234 7.483966 -7.500167 7.500142 -7.499911 0.000000 7.483966
205.839655 6.855065 -6.138678 5.023458 -4.599897 1.860095 -7.719755 7.485174 -7.499990 7.500167 -7.499908 0.000000 7.485174
205.939655 6.857177 -6.143769 5.027481 -4.642695 1.645534 -7.750065 7.480818 -7.500626 7.500074 -7.499921 0.000000 7.480818
206.039655 6.860751 -6.150825 5.042361 -4.655098 1.686702 -7.742214 7.482104 -7.500434 7.500101 -7.499918 0.000000 7.482104
206.139655 6.864314 -6.157840 5.057146 -4.667469 1.727565 -7.734466 7.483366 -7.500247 7.500128 -7.499915 0.000000 7.483366
206.171627 6.867858 -6.164823 5.071835 -4.679809 1.768126 -7.726820 7.484603 -7.500064 7.500153 -7.499912 0.000000 7.484603
206.226273 6.868890 -6.167779 5.071420 -4.718585 1.542187 -7.759250 7.479907 -7.500749 7.500053 -7.499926 0.000000 7.479907
206.299579 6.870707 -6.172300 5.074357 -4.759857 1.326339 -7.789696 7.475546 -7.501383 7.499960 -7.499940 0.000000 7.475546
206.315462 6.873175 -6.178082 5.080079 -4.802926 1.119570 -7.818295 7.471505 -7.501965 7.499875 -7.499952 0.000000 7.471505
206.415462 6.873627 -6.179908 5.077344 -4.839464 0.887957 -7.851713 7.466663 -7.502669 7.499773 -7.499967 0.000000 7.466663
206.479609 6.877117 -6.186717 5.092225 -4.849609 0.935091 -7.842235 7.468292 -7.502412 7.499812 -7.499962 0.000000 7.468292
206.571891 6.879351 -6.190965 5.102444 -4.851031 0.999941 -7.597422 7.504160 -7.497167 7.500578 -7.499852 0.000000 7.504160
206.671891 6.882566 -6.197091 5.116748 -4.855403 1.077256 -7.351762 7.539970 -7.491962 7.501333 -7.499746 0.000000 7.539970
206.677943 6.886031 -6.203809 5.131337 -4.865753 1.122435 -7.346295 7.540467 -7.491950 7.501325 -7.499749 0.000000 7.540467
206.777943 6.886145 -6.204949 5.127133 -4.901220 0.886338 -7.380812 7.535413 -7.492691 7.501216 -7.499764 0.000000 7.535413
206.877943 6.889563 -6.211631 5.141724 -4.911030 0.933020 -7.374909 7.536008 -7.492659 7.501212 -7.499767 0.000000 7.536008
206.929999 6.892974 -6.218276 5.156219 -4.920833 0.979356 -7.369101 7.536585 -7.492630 7.501207 -7.499769 0.000000 7.536585
206.942302 6.894645 -6.222453 5.158633 -4.960773 0.764487 -7.400968 7.531792 -7.493357 7.501096 -7.499786 0.000000 7.531792
206.981976 6.894956 -6.224003 5.155329 -4.996755 0.531540 -7.435048 7.526791 -7.494093 7.500988 -7.499801 0.000000 7.526791
207.081976 6.896289 -6.226513 5.161840 -4.995138 0.586014 -7.193571 7.561941 -7.488982 7.501730 -7.499696 0.000000 7.561941
207.089292 6.899681 -6.233043 5.176349 -5.003983 0.634825 -7.188752 7.562181 -7.489030 7.501710 -7.499701 0.000000 7.562181
207.189292 6.899833 -6.234254 5.172322 -5.039472 0.399558 -7.223249 7.557114 -7.489775 7.501600 -7.499717 0.000000 7.557114
207.289292 6.903180 -6.240749 5.186830 -5.047792 0.449837 -7.217994 7.557452 -7.489802 7.501585 -7.499721 0.000000 7.557452
207.389292 6.906521 -6.247207 5.201241 -5.056120 0.499743 -7.212833 7.557775 -7.489831 7.501569 -7.499725 0.000000 7.557775
207.489292 6.909841 -6.253637 5.215551 -5.064455 0.549278 -7.207764 7.558082 -7.489862 7.501552 -7.499729 0.000000 7.558082
207.589292 6.913142 -6.260038 5.229762 -5.072798 0.598446 -7.202786 7.558374 -7.489895 7.501536 -7.499734 0.000000 7.558374
207.657250 6.916424 -6.266410 5.243875 -5.081147 0.647248 -7.197897 7.558650 -7.489930 7.501519 -7.499738 0.000000 7.558650
207.757250 6.918546 -6.271456 5.248319 -5.121666 0.441356 -7.229478 7.553744 -7.490697 7.501400 -7.499756 0.000000 7.553744
207.857250 6.921788 -6.277763 5.262382 -5.129496 0.491409 -7.224207 7.554111 -7.490713 7.501387 -7.499760 0.000000 7.554111
207.905816 6.925022 -6.284036 5.276348 -5.137335 0.541090 -7.219030 7.554462 -7.490731 7.501374 -7.499763 0.000000 7.554462
207.928816 6.926584 -6.286973 5.283820 -5.136067 0.599880 -6.977748 7.589466 -7.485657 7.502109 -7.499659 0.000000 7.589466
207.937473 6.927337 -6.288299 5.287736 -5.132816 0.645901 -6.738204 7.624262 -7.480606 7.502842 -7.499555 0.000000 7.624262
208.037473 6.927630 -6.288730 5.289668 -5.128433 0.684898 -6.499279 7.659040 -7.475544 7.503578 -7.499450 0.000000 7.659040
208.104630 6.930842 -6.294952 5.303400 -5.136634 0.732327 -6.499832 7.657773 -7.475911 7.503498 -7.499466 0.000000 7.657773
208.129280 6.932882 -6.299855 5.307473 -5.176988 0.525134 -6.535076 7.651840 -7.476897 7.503337 -7.499491 0.000000 7.651840
208.229280 6.933558 -6.302116 5.305763 -5.213723 0.298329 -6.569943 7.646474 -7.477723 7.503210 -7.499510 0.000000 7.646474
208.289243 6.936716 -6.308258 5.319535 -5.220875 0.348807 -6.569522 7.645443 -7.478039 7.503140 -7.499524 0.000000 7.645443
208.372834 6.938606 -6.311825 5.328472 -5.220092 0.413695 -6.330491 7.679666 -7.473144 7.503840 -7.499426 0.000000 7.679666
208.472834 6.941245 -6.316813 5.340581 -5.221104 0.489795 -6.092955 7.713202 -7.468419 7.504505 -7.499334 0.000000 7.713202
208.572834 6.944383 -6.322877 5.354084 -5.228519 0.538321 -6.096371 7.711114 -7.468958 7.504393 -7.499355 0.000000 7.711114
208.604399 6.947488 -6.328927 5.367487 -5.235947 0.586495 -6.099812 7.709038 -7.469493 7.504282 -7.499375 0.000000 7.709038
208.664981 6.948367 -6.331563 5.366607 -5.273136 0.362779 -6.135747 7.703304 -7.470401 7.504140 -7.499397 0.000000 7.703304
208.764981 6.950225 -6.335104 5.375455 -5.272243 0.427652 -5.898717 7.736968 -7.465623 7.504818 -7.499303 0.000000 7.736968
208.864981 6.953313 -6.341070 5.388777 -5.279276 0.476477 -5.903532 7.734499 -7.466239 7.504692 -7.499326 0.000000 7.734499
208.917202 6.956367 -6.347023 5.402000 -5.286325 0.524948 -5.908361 7.732048 -7.466848 7.504568 -7.499348 0.000000 7.732048
209.017202 6.957858 -6.350853 5.403776 -5.324854 0.311266 -5.945732 7.725692 -7.467904 7.504397 -7.499375 0.000000 7.725692
209.072705 6.960878 -6.356749 5.416971 -5.331392 0.361063 -5.950050 7.723381 -7.468480 7.504280 -7.499396 0.000000 7.723381
209.172705 6.962551 -6.359908 5.424980 -5.329950 0.423343 -5.713646 7.756949 -7.463713 7.504958 -7.499302 0.000000 7.756949
209.265087 6.965569 -6.365748 5.438017 -5.336628 0.472050 -5.719850 7.754130 -7.464395 7.504821 -7.499326 0.000000 7.754130
209.290742 6.968231 -6.371866 5.444890 -5.377655 0.277911 -5.760426 7.746461 -7.465758 7.504589 -7.499364 0.000000 7.746461
209.347062 6.968984 -6.373260 5.448951 -5.374160 0.325552 -5.523071 7.780620 -7.460840 7.505298 -7.499264 0.000000 7.780620
209.447062 6.970670 -6.376406 5.456972 -5.372625 0.388143 -5.288504 7.813666 -7.456183 7.505955 -7.499173 0.000000 7.813666
209.534024 6.973642 -6.382160 5.469829 -5.379048 0.436683 -5.297896 7.809960 -7.457049 7.505784 -7.499203 0.000000 7.809960
209.605266 6.976199 -6.387058 5.481662 -5.379569 0.513434 -5.067232 7.841607 -7.452710 7.506380 -7.499123 0.000000 7.841607
209.705266 6.978297 -6.391027 5.491423 -5.379167 0.582020 -4.836404 7.873472 -7.448312 7.506987 -7.499041 0.000000 7.873472
209.805266 6.981224 -6.396723 5.504004 -5.385860 0.628616 -4.849442 7.868789 -7.449380 7.506779 -7.499077 0.000000 7.868789
209.857599 6.984117 -6.402406 5.516491 -5.392568 0.674884 -4.862428 7.864150 -7.450433 7.506575 -7.499113 0.000000 7.864150
209.957599 6.985623 -6.405272 5.523716 -5.391003 0.733769 -4.630385 7.896586 -7.445894 7.507212 -7.499026 0.000000 7.896586
210.043799 6.988506 -6.410907 5.536055 -5.397839 0.779014 -4.645148 7.891480 -7.447041 7.506991 -7.499064 0.000000 7.891480
210.143799 6.990963 -6.415658 5.547347 -5.398661 0.852584 -4.419003 7.921963 -7.442934 7.507545 -7.498991 0.000000 7.921963
210.243799 6.993814 -6.421250 5.559504 -5.405628 0.896714 -4.435498 7.916416 -7.444167 7.507309 -7.499032 0.000000 7.916416
210.343799 6.996632 -6.426829 5.571572 -5.412603 0.940540 -4.451912 7.910923 -7.445384 7.507077 -7.499072 0.000000 7.910923
210.367301 6.999434 -6.432382 5.583556 -5.419583 0.984063 -4.468243 7.905484 -7.446584 7.506850 -7.499111 0.000000 7.905484
210.397867 7.000089 -6.433586 5.587088 -5.416144 1.029062 -4.233251 7.939060 -7.441778 7.507539 -7.499014 0.000000 7.939060
210.418105 7.000955 -6.435167 5.591454 -5.413231 1.076932 -3.999967 7.972097 -7.437091 7.508205 -7.498921 0.000000 7.972097
210.442700 7.001532 -6.436176 5.594587 -5.409609 1.120275 -3.765186 8.005640 -7.432291 7.508893 -7.498824 0.000000 8.005640
210.542700 7.002230 -6.437426 5.598224 -5.406329 1.165303 -3.531724 8.038777 -7.427581 7.509564 -7.498730 0.000000 8.038777
210.606592 7.005012 -6.442931 5.609963 -5.413774 1.206120 -3.555302 8.031328 -7.429206 7.509255 -7.498783 0.000000 8.031328
210.706592 7.006674 -6.447176 5.612326 -5.453372 0.993213 -3.605119 8.021534 -7.430971 7.508954 -7.498832 0.000000 8.021534
210.724282 7.009408 -6.452636 5.624041 -5.460285 1.035442 -3.627936 8.014326 -7.432536 7.508659 -7.498883 0.000000 8.014326
210.822798 7.009891 -6.453502 5.626834 -5.456428 1.077704 -3.393137 8.047906 -7.427726 7.509350 -7.498785 0.000000 8.047906
210.881192 7.012591 -6.458741 5.639004 -5.458270 1.153299 -3.178480 8.075209 -7.424272 7.509785 -7.498732 0.000000 8.075209
210.932104 7.014189 -6.461791 5.646460 -5.457359 1.211829 -2.954985 8.105318 -7.420208 7.510335 -7.498658 0.000000 8.105318
211.006047 7.015578 -6.464430 5.653022 -5.455972 1.266975 -2.730425 8.135789 -7.416064 7.510900 -7.498583 0.000000 8.135789
211.106047 7.017583 -6.468306 5.662171 -5.456341 1.330814 -2.513620 8.163923 -7.412421 7.511372 -7.498523 0.000000 8.163923
211.206047 7.020277 -6.473667 5.673468 -5.463823 1.369315 -2.545098 8.154393 -7.414463 7.510989 -7.498588 0.000000 8.154393
211.223909 7.022940 -6.479015 5.684682 -5.471300 1.407569 -2.576373 8.144963 -7.416474 7.510615 -7.498651 0.000000 8.144963
211.323909 7.023412 -6.479872 5.687407 -5.467554 1.449201 -2.343111 8.178139 -7.411745 7.511290 -7.498557 0.000000 8.178139
211.420709 7.026072 -6.485180 5.698517 -5.475134 1.486639 -2.376003 8.168297 -7.413837 7.510901 -7.498623 0.000000 8.168297
211.472846 7.028616 -6.490213 5.709928 -5.477384 1.557493 -2.168822 8.193715 -7.410748 7.511273 -7.498579 0.000000 8.193715
211.477395 7.029899 -6.493688 5.710555 -5.516226 1.337684 -2.221560 8.183332 -7.412609 7.510958 -7.498629 0.000000 8.183332
211.497903 7.030006 -6.493838 5.711788 -5.511471 1.374262 -1.984280 8.217720 -7.407621 7.511682 -7.498526 0.000000 8.217720
211.531407 7.030557 -6.494805 5.714783 -5.507876 1.416824 -1.752753 8.250405 -7.402994 7.512339 -7.498435 0.000000 8.250405
211.631407 7.031445 -6.496453 5.719194 -5.505262 1.464085 -1.526449 8.281553 -7.398691 7.512936 -7.498353 0.000000 8.281553
211.710301 7.034059 -6.501679 5.730103 -5.512741 1.500544 -1.565554 8.270036 -7.401124 7.512485 -7.498429 0.000000 8.270036
211.785581 7.036002 -6.506528 5.733566 -5.553477 1.290321 -1.631038 8.255966 -7.403757 7.512028 -7.498503 0.000000 8.255966
211.885581 7.037930 -6.510333 5.742496 -5.553614 1.353710 -1.420908 8.282393 -7.400439 7.512445 -7.498452 0.000000 8.282393
211.927976 7.040509 -6.515478 5.753313 -5.560654 1.390926 -1.460673 8.270776 -7.402874 7.511997 -7.498527 0.000000 8.270776
211.956231 7.041589 -6.517561 5.758600 -5.558555 1.441449 -1.238605 8.300747 -7.398807 7.512552 -7.498452 0.000000 8.300747
212.056231 7.042322 -6.518902 5.762361 -5.555491 1.486566 -1.011446 8.332208 -7.394430 7.513165 -7.498368 0.000000 8.332208
212.061733 7.044876 -6.524013 5.773011 -5.562747 1.522337 -1.054462 8.319746 -7.397032 7.512687 -7.498447 0.000000 8.319746
212.161733 7.045013 -6.524295 5.773496 -5.563882 1.519212 -1.091654 8.080257 -7.432015 7.507581 -7.499178 0.000000 8.080257
212.171560 7.047534 -6.529408 5.784056 -5.571112 1.554873 -1.133828 8.069797 -7.434045 7.507228 -7.499234 0.000000 8.069797
212.271560 7.047779 -6.529813 5.785822 -5.566740 1.593199 -0.899133 8.103623 -7.429158 7.507936 -7.499133 0.000000 8.103623
212.289372 7.050301 -6.534874 5.796302 -5.574065 1.628099 -0.942847 8.092765 -7.431267 7.507569 -7.499192 0.000000 8.092765
212.389372 7.050743 -6.535680 5.798889 -5.570287 1.669120 -0.711768 8.125696 -7.426554 7.508247 -7.499096 0.000000 8.125696
212.489372 7.053247 -6.540717 5.809264 -5.577711 1.703250 -0.756985 8.114455 -7.428738 7.507867 -7.499157 0.000000 8.114455
212.589372 7.055720 -6.545745 5.819564 -5.585123 1.737181 -0.801889 8.103344 -7.430888 7.507495 -7.499216 0.000000 8.103344
212.689372 7.058179 -6.550748 5.829796 -5.592519 1.770917 -0.846482 8.092362 -7.433002 7.507132 -7.499273 0.000000 8.092362
212.789372 7.060623 -6.555727 5.839960 -5.599901 1.804458 -0.890767 8.081507 -7.435082 7.506775 -7.499330 0.000000 8.081507
212.889372 7.063054 -6.560682 5.850057 -5.607266 1.837806 -0.934744 8.070779 -7.437128 7.506427 -7.499384 0.000000 8.070779
212.935176 7.065471 -6.565613 5.860088 -5.614616 1.870961 -0.978417 8.060175 -7.439141 7.506086 -7.499437 0.000000 8.060175
213.035176 7.066570 -6.567767 5.865387 -5.612895 1.920901 -0.759471 8.090217 -7.434964 7.506674 -7.499355 0.000000 8.090217
213.116106 7.068983 -6.572653 5.875307 -5.620335 1.953248 -0.804561 8.079263 -7.437044 7.506322 -7.499410 0.000000 8.079263
213.154607 7.070910 -6.576601 5.883181 -5.627079 1.974196 -0.875641 7.831689 -7.473542 7.500962 -7.500179 0.000000 7.831689
213.254607 7.071820 -6.578487 5.886845 -5.630666 1.981483 -0.927421 7.589463 -7.508956 7.495794 -7.500917 0.000000 7.589463
213.354607 7.074185 -6.583349 5.896611 -5.638031 2.013655 -0.970767 7.582497 -7.509903 7.495688 -7.500926 0.000000 7.582497
213.454607 7.076537 -6.588173 5.906326 -5.645373 2.045645 -1.013816 7.575625 -7.510828 7.495585 -7.500934 0.000000 7.575625
213.554607 7.078876 -6.592973 5.915977 -5.652698 2.077450 -1.056571 7.568848 -7.511733 7.495486 -7.500941 0.000000 7.568848
213.598360 7.081202 -6.597750 5.925565 -5.660006 2.109073 -1.099033 7.562164 -7.512618 7.495391 -7.500948 0.000000 7.562164
213.698360 7.082212 -6.599831 5.929637 -5.663931 2.117748 -1.152326 7.320468 -7.547838 7.490270 -7.501676 0.000000 7.320468
213.798360 7.084518 -6.604589 5.939127 -5.671198 2.149222 -1.193841 7.315773 -7.548163 7.490295 -7.501661 0.000000 7.315773
213.832764 7.086811 -6.609308 5.948567 -5.678441 2.180517 -1.235074 7.311154 -7.548475 7.490322 -7.501645 0.000000 7.311154
213.887716 7.087595 -6.610830 5.952528 -5.675847 2.226062 -1.010352 7.344432 -7.543495 7.491074 -7.501534 0.000000 7.344432
213.898288 7.088861 -6.613300 5.958400 -5.674795 2.277676 -0.795013 7.376500 -7.538637 7.491819 -7.501421 0.000000 7.376500
213.998288 7.089115 -6.613783 5.959291 -5.676314 2.275757 -0.834550 7.137103 -7.573533 7.486736 -7.502146 0.000000 7.137103
214.098288 7.091381 -6.618478 5.968556 -5.683737 2.305746 -0.878400 7.133433 -7.573518 7.486837 -7.502117 0.000000 7.133433
214.191194 7.093634 -6.623136 5.977773 -5.691133 2.335570 -0.921951 7.129833 -7.573492 7.486939 -7.502087 0.000000 7.129833
214.202828 7.095715 -6.627347 5.987016 -5.692904 2.397964 -0.723325 7.161396 -7.568376 7.487776 -7.501954 0.000000 7.161396
214.203891 7.095989 -6.627778 5.988813 -5.688691 2.436176 -0.489729 7.195773 -7.563301 7.488527 -7.501845 0.000000 7.195773
214.303891 7.096028 -6.627719 5.989651 -5.683688 2.471321 -0.251413 7.230567 -7.558220 7.489269 -7.501739 0.000000 7.230567
214.403891 7.098270 -6.632327 5.998686 -5.691385 2.499210 -0.299926 7.225518 -7.558520 7.489305 -7.501721 0.000000 7.225518
214.415857 7.100483 -6.636927 6.007656 -5.699059 2.526952 -0.348101 7.220556 -7.558805 7.489343 -7.501703 0.000000 7.220556
214.515857 7.100744 -6.637477 6.008627 -5.700710 2.525173 -0.388666 6.981161 -7.593680 7.484267 -7.502427 0.000000 6.981161
214.615857 7.102942 -6.642065 6.017525 -5.708339 2.552863 -0.435936 6.978151 -7.593418 7.484422 -7.502387 0.000000 6.978151
214.715857 7.105128 -6.646616 6.026378 -5.715937 2.580408 -0.482879 6.975211 -7.593149 7.484577 -7.502348 0.000000 6.975211
214.779550 7.107301 -6.651144 6.035175 -5.723509 2.607807 -0.529497 6.972339 -7.592871 7.484733 -7.502309 0.000000 6.972339
214.809258 7.108677 -6.654015 6.040647 -5.729052 2.620083 -0.593826 6.731741 -7.627532 7.479751 -7.503010 0.000000 6.731741
214.827901 7.109314 -6.655270 6.043957 -5.726208 2.663025 -0.368551 6.766315 -7.622205 7.480572 -7.502887 0.000000 6.766315
214.836056 7.109730 -6.655999 6.046315 -5.722545 2.702845 -0.138562 6.800892 -7.616990 7.481360 -7.502770 0.000000 6.800892
214.936056 7.109921 -6.656352 6.046930 -5.723908 2.699897 -0.177410 6.561922 -7.651783 7.476297 -7.503492 0.000000 6.561922
215.036056 7.112066 -6.660852 6.055556 -5.731617 2.726143 -0.225976 6.561845 -7.650662 7.476637 -7.503418 0.000000 6.561845
215.037364 7.114199 -6.665315 6.064140 -5.739291 2.752255 -0.274207 6.561816 -7.649542 7.476974 -7.503346 0.000000 6.561816
215.137364 7.114225 -6.665279 6.064986 -5.734311 2.787436 -0.036022 6.596658 -7.644444 7.477720 -7.503239 0.000000 6.596658
215.237364 7.116363 -6.669709 6.073499 -5.742070 2.812882 -0.085774 6.596147 -7.643440 7.478032 -7.503171 0.000000 6.596147
215.286974 7.118472 -6.674131 6.081952 -5.749802 2.838199 -0.135181 6.595688 -7.642437 7.478342 -7.503104 0.000000 6.595688
215.386974 7.119511 -6.676314 6.086024 -5.754359 2.845614 -0.194364 6.356674 -7.676781 7.473413 -7.503797 0.000000 6.356674
215.486974 7.121600 -6.680717 6.094389 -5.762032 2.870852 -0.242732 6.358150 -7.675247 7.473835 -7.503710 0.000000 6.358150
215.539452 7.123680 -6.685083 6.102714 -5.769669 2.895965 -0.290766 6.359663 -7.673720 7.474252 -7.503624 0.000000 6.359663
215.639452 7.124764 -6.687363 6.106960 -5.774397 2.903995 -0.350641 6.121663 -7.707764 7.469388 -7.504305 0.000000 6.121663
215.735495 7.126824 -6.691710 6.115197 -5.781975 2.929025 -0.397644 6.125086 -7.705715 7.469914 -7.504199 0.000000 6.125086
215.835495 7.128792 -6.695753 6.123807 -5.784138 2.987784 -0.203666 6.163235 -7.698677 7.471156 -7.503993 0.000000 6.163235
215.935495 7.130846 -6.700033 6.131940 -5.791766 3.012034 -0.251900 6.166165 -7.696769 7.471648 -7.503894 0.000000 6.166165
215.956682 7.132873 -6.704304 6.140015 -5.799368 3.036162 -0.299803 6.169120 -7.694872 7.472136 -7.503797 0.000000 6.169120
216.052852 7.133298 -6.705205 6.141620 -5.801707 3.036168 -0.344724 5.930940 -7.729314 7.467157 -7.504502 0.000000 5.930940
216.152852 7.135233 -6.709301 6.149224 -5.809703 3.054258 -0.424743 5.696784 -7.761833 7.462649 -7.505115 0.000000 5.696784
216.167060 7.137234 -6.713540 6.157186 -5.817201 3.078349 -0.470881 5.703491 -7.758904 7.463354 -7.504978 0.000000 5.703491
216.264654 7.137515 -6.714138 6.158216 -5.818997 3.076674 -0.512233 5.465632 -7.793333 7.458372 -7.505685 0.000000 5.465632
216.364654 7.139456 -6.718249 6.165840 -5.826997 3.095079 -0.591238 5.235171 -7.824824 7.454082 -7.506258 0.000000 5.235171
216.464654 7.141432 -6.722441 6.173704 -5.834391 3.119139 -0.635665 5.245564 -7.820889 7.454997 -7.506083 0.000000 5.245564
216.564654 7.143400 -6.726595 6.181533 -5.841750 3.143075 -0.679798 5.255919 -7.816988 7.455900 -7.505910 0.000000 5.255919
216.570673 7.145357 -6.730729 6.189313 -5.849082 3.166885 -0.723638 5.266238 -7.813122 7.456792 -7.505741 0.000000 5.266238
216.579830 7.145472 -6.730977 6.189683 -5.850257 3.163230 -0.761100 5.028045 -7.847734 7.451764 -7.506456 0.000000 5.028045
216.645729 7.145648 -6.731369 6.190283 -5.851665 3.160325 -0.799880 4.790344 -7.882176 7.446773 -7.507165 0.000000 4.790344
216.739820 7.146928 -6.733997 6.196100 -5.851372 3.210913 -0.589040 4.834405 -7.873873 7.448245 -7.506921 0.000000 4.834405
216.839820 7.148766 -6.737839 6.203235 -5.859023 3.227739 -0.665396 4.608215 -7.904254 7.444176 -7.507456 0.000000 4.608215
216.870992 7.150690 -6.741933 6.210859 -5.866334 3.251021 -0.708716 4.623429 -7.899025 7.445354 -7.507234 0.000000 4.623429
216.970992 7.151286 -6.743198 6.213129 -5.869337 3.253160 -0.756973 4.389336 -7.932253 7.440635 -7.507892 0.000000 4.389336
217.070992 7.153197 -6.747263 6.220695 -5.876588 3.276397 -0.799393 4.406308 -7.926559 7.441906 -7.507654 0.000000 4.406308
217.147752 7.155099 -6.751293 6.228226 -5.883806 3.299514 -0.841541 4.423190 -7.920921 7.443160 -7.507421 0.000000 4.423190
217.247752 7.156550 -6.754274 6.234706 -5.884244 3.352006 -0.634874 4.470922 -7.911553 7.444850 -7.507139 0.000000 4.470922
217.347752 7.158448 -6.758258 6.242139 -5.891526 3.374376 -0.678401 4.487115 -7.906129 7.446051 -7.506916 0.000000 4.487115
217.447752 7.160320 -6.762235 6.249519 -5.898782 3.396630 -0.721646 4.503225 -7.900757 7.447235 -7.506697 0.000000 4.503225
217.547752 7.162181 -6.766191 6.256853 -5.906009 3.418770 -0.764610 4.519253 -7.895438 7.448402 -7.506483 0.000000 4.519253
217.548380 7.164031 -6.770127 6.264142 -5.913206 3.440795 -0.807296 4.535198 -7.890171 7.449553 -7.506272 0.000000 4.535198
217.585660 7.164041 -6.770152 6.264093 -5.913986 3.435852 -0.842403 4.296486 -7.924980 7.444479 -7.506997 0.000000 4.296486
217.685660 7.164726 -6.771627 6.266686 -5.917392 3.438980 -0.892857 4.064280 -7.957680 7.439864 -7.507637 0.000000 4.064280
217.785660 7.166561 -6.775549 6.273908 -5.924513 3.461076 -0.934103 4.083822 -7.951425 7.441223 -7.507389 0.000000 4.083822
217.885660 7.168388 -6.779436 6.281098 -5.931599 3.483059 -0.975086 4.103254 -7.945234 7.442562 -7.507145 0.000000 4.103254
217.985660 7.170204 -6.783302 6.288244 -5.938657 3.504925 -1.015809 4.122574 -7.939105 7.443882 -7.506905 0.000000 4.122574
218.074409 7.172010 -6.787149 6.295346 -5.945688 3.526677 -1.056273 4.141785 -7.933038 7.445183 -7.506670 0.000000 4.141785
218.084800 7.173604 -6.790546 6.301514 -5.952638 3.540798 -1.126797 3.919925 -7.962550 7.441240 -7.507191 0.000000 3.919925
218.184800 7.173786 -6.790957 6.302136 -5.954102 3.537965 -1.165739 3.683281 -7.996719 7.436302 -7.507891 0.000000 3.683281
218.284800 7.175572 -6.794779 6.309145 -5.961040 3.559716 -1.204633 3.705988 -7.989713 7.437797 -7.507621 0.000000 3.705988
218.354570 7.177348 -6.798566 6.316123 -5.967945 3.581353 -1.243285 3.728556 -7.982781 7.439269 -7.507356 0.000000 3.728556
218.454570 7.178580 -6.801194 6.320867 -5.973479 3.591286 -1.304926 3.505395 -8.012836 7.435200 -7.507901 0.000000 3.505395
218.549361 7.180338 -6.804963 6.327763 -5.980323 3.612839 -1.342642 3.529588 -8.005496 7.436752 -7.507623 0.000000 3.529588
218.649361 7.181996 -6.808502 6.334272 -5.986684 3.633895 -1.373092 3.587220 -7.759801 7.473027 -7.502389 0.000000 3.587220
218.749361 7.183738 -6.812215 6.341114 -5.993462 3.655206 -1.410471 3.610591 -7.754467 7.474004 -7.502232 0.000000 3.610591
218.849361 7.185469 -6.815912 6.347897 -6.000227 3.676395 -1.447623 3.633818 -7.749193 7.474965 -7.502079 0.000000 3.633818
218.949361 7.187190 -6.819589 6.354639 -6.006966 3.697469 -1.484546 3.656904 -7.743981 7.475910 -7.501929 0.000000 3.656904
218.959673 7.188902 -6.823248 6.361338 -6.013679 3.718429 -1.521241 3.679849 -7.738827 7.476839 -7.501783 0.000000 3.679849
219.059673 7.189076 -6.823623 6.361930 -6.015104 3.715498 -1.559843 3.443389 -7.773144 7.471852 -7.502494 0.000000 3.443389
219.159673 7.190776 -6.827276 6.368574 -6.021773 3.736444 -1.595760 3.468036 -7.767525 7.472879 -7.502329 0.000000 3.468036
219.221128 7.192468 -6.830894 6.375191 -6.028410 3.757279 -1.631458 3.492530 -7.761971 7.473890 -7.502168 0.000000 3.492530
219.302856 7.193501 -6.833106 6.379137 -6.033209 3.764932 -1.688104 3.268676 -7.793438 7.469419 -7.502798 0.000000 3.268676
219.402856 7.194870 -6.836054 6.384480 -6.038493 3.782636 -1.711479 3.324852 -7.549740 7.505143 -7.497678 0.000000 3.324852
219.502856 7.196539 -6.839625 6.391017 -6.045038 3.803292 -1.746240 3.350290 -7.545671 7.505696 -7.497615 0.000000 3.350290
219.521757 7.198199 -6.843179 6.397497 -6.051571 3.823828 -1.780793 3.375568 -7.541657 7.506238 -7.497555 0.000000 3.375568
219.621757 7.198510 -6.843847 6.398620 -6.053536 3.822607 -1.822126 3.141504 -7.575750 7.501257 -7.498270 0.000000 3.141504
219.721757 7.200158 -6.847395 6.405043 -6.060024 3.843121 -1.855903 3.168451 -7.571267 7.501899 -7.498190 0.000000 3.168451
219.734863 7.201798 -6.850908 6.411439 -6.066481 3.863522 -1.889478 3.195226 -7.566843 7.502529 -7.498113 0.000000 3.195226
219.834863 7.202010 -6.851270 6.413009 -6.062243 3.901023 -1.655041 3.233555 -7.561188 7.503351 -7.497998 0.000000 3.233555
219.884220 7.203656 -6.854755 6.419344 -6.068786 3.920766 -1.690248 3.259606 -7.556944 7.503943 -7.497927 0.000000 3.259606
219.984220 7.204455 -6.856472 6.422354 -6.072739 3.925376 -1.742362 3.033572 -7.589719 7.499148 -7.498620 0.000000 3.033572
219.987221 7.206068 -6.859957 6.428616 -6.079230 3.945072 -1.776723 3.061236 -7.585028 7.499837 -7.498531 0.000000 3.061236
220.062568 7.206115 -6.860060 6.428709 -6.080158 3.940579 -1.812589 2.823250 -7.619731 7.494776 -7.499254 0.000000 2.823250
220.162568 7.207324 -6.862676 6.433301 -6.085750 3.950341 -1.872762 2.606544 -7.650685 7.490290 -7.499899 0.000000 2.606544
220.200353 7.208922 -6.866128 6.439503 -6.092151 3.970074 -1.905702 2.637597 -7.645045 7.491184 -7.499772 0.000000 2.637597
220.222433 7.209522 -6.867419 6.441742 -6.095293 3.972408 -1.952917 2.410442 -7.677783 7.486433 -7.500452 0.000000 2.410442
220.306683 7.209870 -6.868188 6.443091 -6.096603 3.977491 -1.954935 2.452487 -7.437633 7.521477 -7.495445 0.000000 2.452487
220.329168 7.211207 -6.871056 6.448198 -6.102665 3.988973 -2.016920 2.240678 -7.468938 7.516776 -7.496144 0.000000 2.240678
220.429168 7.211559 -6.871834 6.449469 -6.104822 3.988314 -2.058854 2.009450 -7.502729 7.511820 -7.496858 0.000000 2.009450
220.461811 7.213134 -6.875237 6.455580 -6.111096 4.008076 -2.089820 2.044986 -7.497537 7.512488 -7.496785 0.000000 2.044986
220.561811 7.213645 -6.876336 6.457568 -6.113038 4.015226 -2.094791 2.091349 -7.257057 7.547527 -7.491787 0.000000 2.091349
220.602908 7.215211 -6.879698 6.463657 -6.119266 4.034824 -2.125643 2.126038 -7.253820 7.547644 -7.491829 0.000000 2.126038
220.696373 7.215850 -6.881073 6.466043 -6.122556 4.037749 -2.173094 1.901387 -7.287355 7.542607 -7.492572 0.000000 1.901387
220.746622 7.217300 -6.884209 6.471565 -6.129079 4.050937 -2.236053 1.696427 -7.318751 7.537731 -7.493319 0.000000 1.696427
220.750555 7.218073 -6.885894 6.474469 -6.132907 4.055682 -2.285667 1.476633 -7.351504 7.532813 -7.494045 0.000000 1.476633
220.850555 7.218131 -6.886039 6.474597 -6.133888 4.051370 -2.321642 1.239378 -7.386162 7.527748 -7.494770 0.000000 1.239378
220.950555 7.219670 -6.889367 6.480564 -6.139981 4.071095 -2.349895 1.280801 -7.380980 7.528296 -7.494729 0.000000 1.280801
221.050555 7.221202 -6.892661 6.486509 -6.146044 4.090705 -2.378004 1.321937 -7.375877 7.528829 -7.494691 0.000000 1.321937
221.125853 7.222725 -6.895937 6.492417 -6.152086 4.110199 -2.405968 1.362789 -7.370854 7.529346 -7.494655 0.000000 1.362789
221.183698 7.223866 -6.898391 6.496743 -6.157355 4.119710 -2.461759 1.154525 -7.401972 7.524642 -7.495356 0.000000 1.154525
221.283698 7.224736 -6.900285 6.500113 -6.160727 4.131669 -2.472404 1.213785 -7.160029 7.559819 -7.490350 0.000000 1.213785
221.283984 7.226241 -6.903520 6.505955 -6.166688 4.150992 -2.499623 1.255300 -7.156518 7.559885 -7.490409 0.000000 1.255300
221.349548 7.226244 -6.903527 6.505877 -6.167440 4.145966 -2.534541 1.016606 -7.191350 7.554804 -7.491135 0.000000 1.016606
221.449548 7.227223 -6.905655 6.509662 -6.171240 4.159364 -2.546871 1.079695 -6.949934 7.589742 -7.486185 0.000000 1.079695
221.514510 7.228714 -6.908861 6.515447 -6.177149 4.178589 -2.573451 1.122053 -6.947864 7.589375 -7.486337 0.000000 1.122053
221.600472 7.229676 -6.910934 6.519077 -6.181717 4.185917 -2.625476 0.910568 -6.981399 7.584052 -7.487160 0.000000 0.910568
221.700472 7.230943 -6.913684 6.523880 -6.187501 4.197290 -2.682527 0.709351 -7.014086 7.578747 -7.487997 0.000000 0.709351
221.800472 7.232410 -6.916866 6.529555 -6.193333 4.216446 -2.707725 0.754682 -7.011103 7.578595 -7.488105 0.000000 0.754682
221.900472 7.233872 -6.920015 6.535208 -6.199139 4.235488 -2.732805 0.799697 -7.008187 7.578435 -7.488212 0.000000 0.799697
221.914178 7.235325 -6.923147 6.540825 -6.204924 4.254413 -2.757767 0.844397 -7.005339 7.578266 -7.488321 0.000000 0.844397
221.927287 7.235523 -6.923573 6.541592 -6.205619 4.257727 -2.756091 0.885322 -6.766148 7.613068 -7.483360 0.000000 0.885322
222.027287 7.235712 -6.923979 6.542338 -6.206266 4.260929 -2.754278 0.925908 -6.527218 7.647802 -7.478414 0.000000 0.925908
222.127287 7.237157 -6.927090 6.547925 -6.212023 4.279670 -2.779319 0.969153 -6.528165 7.646564 -7.478745 0.000000 0.969153
222.219027 7.238592 -6.930187 6.553462 -6.217771 4.298291 -2.804243 1.012101 -6.529148 7.645329 -7.479073 0.000000 1.012101
222.268887 7.239901 -6.933012 6.558510 -6.222932 4.316005 -2.821917 1.086072 -6.291271 7.679028 -7.474396 0.000000 1.086072
222.297541 7.240609 -6.934538 6.561159 -6.226503 4.320096 -2.869126 0.868130 -6.327561 7.673071 -7.475338 0.000000 0.868130
222.301956 7.241012 -6.935429 6.562710 -6.228042 4.326113 -2.870985 0.915456 -6.089435 7.707429 -7.470481 0.000000 0.915456
222.317408 7.241075 -6.935561 6.562967 -6.228184 4.327666 -2.866975 0.952194 -5.850813 7.742160 -7.465528 0.000000 0.952194
222.417408 7.241294 -6.936030 6.563728 -6.229785 4.325429 -2.905586 0.719936 -5.886598 7.736663 -7.466352 0.000000 0.719936
222.459638 7.242704 -6.939097 6.569158 -6.235450 4.343885 -2.929450 0.764160 -5.892172 7.734089 -7.466960 0.000000 0.764160
222.559638 7.243297 -6.940377 6.571348 -6.238567 4.346551 -2.974321 0.543897 -5.929368 7.727929 -7.467939 0.000000 0.543897
222.659638 7.244697 -6.943419 6.576734 -6.244182 4.364961 -2.997496 0.589552 -5.934412 7.725498 -7.468516 0.000000 0.589552
222.759638 7.246090 -6.946429 6.582101 -6.249771 4.383260 -3.020565 0.634896 -5.939462 7.723085 -7.469085 0.000000 0.634896
222.859638 7.247476 -6.949423 6.587433 -6.255341 4.401446 -3.043529 0.679929 -5.944518 7.720689 -7.469649 0.000000 0.679929
222.951028 7.248854 -6.952402 6.592733 -6.260893 4.419520 -3.066390 0.724655 -5.949579 7.718310 -7.470205 0.000000 0.724655
223.051028 7.250107 -6.955110 6.597547 -6.265853 4.436671 -3.082106 0.800092 -5.715399 7.750978 -7.465733 0.000000 0.800092
223.071014 7.251471 -6.958057 6.602799 -6.271359 4.454516 -3.104881 0.843706 -5.722326 7.748102 -7.466388 0.000000 0.843706
223.171014 7.251741 -6.958642 6.603744 -6.273194 4.452978 -3.144254 0.613552 -5.758551 7.742451 -7.467244 0.000000 0.613552
223.271014 7.253094 -6.961589 6.608932 -6.278674 4.470798 -3.166376 0.658668 -5.764935 7.739718 -7.467868 0.000000 0.658668
223.371014 7.254441 -6.964504 6.614101 -6.284129 4.488510 -3.188399 0.703477 -5.771314 7.737006 -7.468485 0.000000 0.703477
223.471014 7.255781 -6.967404 6.619238 -6.289565 4.506112 -3.210324 0.747981 -5.777689 7.734315 -7.469094 0.000000 0.747981
223.571014 7.257113 -6.970289 6.624343 -6.294983 4.523604 -3.232151 0.792182 -5.784058 7.731646 -7.469697 0.000000 0.792182
223.599247 7.258438 -6.973158 6.629416 -6.300382 4.540989 -3.253881 0.836081 -5.790422 7.728997 -7.470291 0.000000 0.836081
223.699247 7.258810 -6.973963 6.630746 -6.302636 4.540785 -3.294830 0.609579 -5.827058 7.723174 -7.471183 0.000000 0.609579
223.799247 7.260124 -6.976830 6.635769 -6.307996 4.558145 -3.315905 0.654953 -5.832884 7.720667 -7.471747 0.000000 0.654953
223.899247 7.261432 -6.979665 6.640775 -6.313330 4.575398 -3.336889 0.700017 -5.838710 7.718179 -7.472304 0.000000 0.700017
223.999247 7.262733 -6.982485 6.645750 -6.318646 4.592544 -3.357783 0.744771 -5.844536 7.715710 -7.472855 0.000000 0.744771
224.071270 7.264027 -6.985290 6.650694 -6.323944 4.609583 -3.378586 0.789218 -5.850361 7.713259 -7.473399 0.000000 0.789218
224.171270 7.264954 -6.987300 6.654233 -6.327651 4.622514 -3.388424 0.855853 -5.615746 7.746334 -7.468811 0.000000 0.855853
224.271270 7.266236 -6.990078 6.659140 -6.332908 4.639354 -3.409186 0.899248 -5.623427 7.743385 -7.469455 0.000000 0.899248
224.279546 7.267511 -6.992844 6.664001 -6.338160 4.656084 -3.429859 0.942348 -5.631092 7.740461 -7.470091 0.000000 0.942348
224.379546 7.267615 -6.993070 6.664402 -6.338498 4.658195 -3.426481 0.980732 -5.392915 7.775047 -7.465168 0.000000 0.980732
224.424650 7.268883 -6.995820 6.669244 -6.343721 4.674796 -3.447169 1.022985 -5.402419 7.771619 -7.465906 0.000000 1.022985
224.445528 7.269451 -6.997053 6.671409 -6.345979 4.682970 -3.451378 1.076756 -5.167882 7.804913 -7.461260 0.000000 1.076756
224.545528 7.269714 -6.997620 6.672328 -6.347790 4.681325 -3.490532 0.846570 -5.205086 7.799015 -7.462160 0.000000 0.846570
224.576478 7.270967 -7.000363 6.677096 -6.352984 4.697840 -3.510654 0.889680 -5.215861 7.795224 -7.462972 0.000000 0.889680
224.636504 7.271353 -7.001201 6.678567 -6.354488 4.703656 -3.511773 0.937775 -4.980374 7.828888 -7.458245 0.000000 0.937775
224.736504 7.272102 -7.002824 6.681430 -6.357482 4.714219 -3.518768 0.997949 -4.749115 7.861147 -7.453815 0.000000 0.997949
224.836504 7.273345 -7.005522 6.686169 -6.362629 4.730503 -3.538948 1.039452 -4.763518 7.856365 -7.454828 0.000000 1.039452
224.936504 7.274580 -7.008206 6.690864 -6.367772 4.746680 -3.559041 1.080681 -4.777851 7.851630 -7.455827 0.000000 1.080681
225.036504 7.275809 -7.010877 6.695530 -6.372896 4.762757 -3.579043 1.121638 -4.792114 7.846940 -7.456813 0.000000 1.121638
225.040350 7.277031 -7.013534 6.700168 -6.378001 4.778735 -3.598954 1.162325 -4.806307 7.842295 -7.457785 0.000000 1.162325
225.051288 7.277077 -7.013634 6.700346 -6.378102 4.780081 -3.594636 1.198721 -4.568041 7.876945 -7.452847 0.000000 1.198721
225.151288 7.277210 -7.013920 6.700865 -6.378551 4.782557 -3.591733 1.237925 -4.330979 7.911210 -7.447988 0.000000 1.237925
225.179034 7.278425 -7.016561 6.705484 -6.383630 4.798383 -3.611769 1.277245 -4.348805 7.905558 -7.449167 0.000000 1.277245
225.279034 7.278760 -7.017288 6.706754 -6.384943 4.803481 -3.612223 1.322926 -4.114914 7.938832 -7.444515 0.000000 1.322926
225.329489 7.279966 -7.019911 6.711336 -6.390003 4.819161 -3.632256 1.361393 -4.134471 7.932722 -7.445784 0.000000 1.361393
225.429489 7.280571 -7.021226 6.713626 -6.392458 4.827757 -3.637236 1.415518 -3.905471 7.964497 -7.441440 0.000000 1.415518
225.529489 7.281767 -7.023828 6.718165 -6.397494 4.843271 -3.657243 1.453086 -3.926715 7.957951 -7.442793 0.000000 1.453086
225.629489 7.282956 -7.026417 6.722661 -6.402525 4.858684 -3.677156 1.490417 -3.947831 7.951473 -7.444127 0.000000 1.490417
225.684307 7.284138 -7.028992 6.727130 -6.407537 4.874003 -3.696974 1.527513 -3.968820 7.945062 -7.445442 0.000000 1.527513
225.784307 7.284782 -7.030396 6.729564 -6.410180 4.883085 -3.702705 1.582561 -3.741447 7.976411 -7.441178 0.000000 1.582561
225.884307 7.285955 -7.032949 6.734006 -6.415154 4.898245 -3.722489 1.618767 -3.764098 7.969572 -7.442575 0.000000 1.618767
225.984307 7.287121 -7.035490 6.738404 -6.420123 4.913306 -3.742180 1.654747 -3.786610 7.962805 -7.443952 0.000000 1.654747
226.082495 7.288281 -7.038018 6.742776 -6.425073 4.928276 -3.761775 1.690503 -3.808982 7.956110 -7.445308 0.000000 1.690503
226.182495 7.289413 -7.040487 6.747042 -6.429820 4.943621 -3.775841 1.760235 -3.592005 7.984431 -7.441646 0.000000 1.760235
226.183180 7.290560 -7.042986 6.751377 -6.434725 4.958396 -3.795360 1.795023 -3.615962 7.977344 -7.443075 0.000000 1.795023
226.283180 7.290567 -7.043001 6.751311 -6.435495 4.953415 -3.830335 1.556448 -3.650966 7.972215 -7.443811 0.000000 1.556448
226.383180 7.291706 -7.045506 6.755594 -6.440377 4.968207 -3.849229 1.592878 -3.674240 7.965319 -7.445197 0.000000 1.592878
226.389172 7.292840 -7.047981 6.759863 -6.445235 4.982911 -3.868034 1.629081 -3.697370 7.958496 -7.446563 0.000000 1.629081
226.438375 7.292907 -7.048127 6.760117 -6.445430 4.984521 -3.864074 1.666078 -3.459938 7.992918 -7.441669 0.000000 1.666078
226.538375 7.293463 -7.049336 6.762220 -6.447705 4.992440 -3.868253 1.718354 -3.233348 8.024164 -7.437410 0.000000 1.718354
226.593109 7.294588 -7.051789 6.766464 -6.452529 5.006967 -3.887147 1.753151 -3.259962 8.016395 -7.438967 0.000000 1.753151
226.634452 7.295200 -7.053124 6.768764 -6.455072 5.015602 -3.892358 1.806921 -3.035626 8.047015 -7.434831 0.000000 1.806921
226.690366 7.295661 -7.054128 6.770511 -6.457050 5.021451 -3.900892 1.815875 -3.082114 7.804934 -7.469607 0.000000 1.815875
226.698128 7.296283 -7.055487 6.772845 -6.459657 5.030186 -3.906333 1.869709 -2.858737 7.836248 -7.465255 0.000000 1.869709
226.759136 7.296370 -7.055672 6.773088 -6.460752 5.026218 -3.942637 1.633484 -2.895857 7.830642 -7.466075 0.000000 1.633484
226.859136 7.297044 -7.057165 6.775616 -6.463577 5.035717 -3.948741 1.689781 -2.674626 7.861412 -7.461827 0.000000 1.689781
226.866782 7.298150 -7.059576 6.779780 -6.468332 5.050017 -3.967133 1.724290 -2.705182 7.854281 -7.463118 0.000000 1.724290
226.966782 7.298233 -7.059758 6.780095 -6.468601 5.051838 -3.963452 1.761754 -2.468693 7.888569 -7.458240 0.000000 1.761754
227.024909 7.299332 -7.062156 6.784232 -6.473340 5.066022 -3.981862 1.795513 -2.500890 7.880997 -7.459620 0.000000 1.795513
227.124909 7.299967 -7.063543 6.786612 -6.475997 5.074948 -3.987432 1.849861 -2.280671 7.911473 -7.455434 0.000000 1.849861
227.155378 7.301057 -7.065920 6.790708 -6.480712 5.088975 -4.005814 1.882777 -2.314387 7.903509 -7.456890 0.000000 1.882777
227.255378 7.301386 -7.066640 6.791944 -6.482053 5.093956 -4.006307 1.927589 -2.085782 7.935937 -7.452352 0.000000 1.927589
227.312220 7.302468 -7.069002 6.796007 -6.486748 5.107850 -4.024684 1.959727 -2.121059 7.927564 -7.453888 0.000000 1.959727
227.412220 7.303079 -7.070337 6.798198 -6.490151 5.110616 -4.069920 1.739080 -2.175818 7.917779 -7.455473 0.000000 1.739080
227.433122 7.304149 -7.072696 6.802198 -6.494814 5.124486 -4.087624 1.772790 -2.210190 7.909674 -7.456949 0.000000 1.772790
227.533122 7.304371 -7.073182 6.802936 -6.496521 5.122286 -4.126148 1.540983 -2.252168 7.902918 -7.457978 0.000000 1.540983
227.552018 7.305434 -7.075526 6.806911 -6.501140 5.136171 -4.143216 1.576315 -2.285730 7.895042 -7.459404 0.000000 1.576315
227.643220 7.305634 -7.075962 6.807659 -6.501915 5.139513 -4.141345 1.617792 -2.053220 7.928397 -7.454693 0.000000 1.617792
227.743220 7.306600 -7.078070 6.811286 -6.505999 5.152807 -4.151846 1.684147 -1.846473 7.955656 -7.451095 0.000000 1.684147
227.843220 7.307653 -7.080369 6.815237 -6.510571 5.166477 -4.168974 1.717986 -1.883269 7.946917 -7.452692 0.000000 1.717986
227.845272 7.308700 -7.082658 6.819149 -6.515140 5.180058 -4.186020 1.751629 -1.919816 7.938279 -7.454264 0.000000 1.751629
227.945272 7.308721 -7.082703 6.819228 -6.515140 5.181069 -4.181288 1.787157 -1.681752 7.972930 -7.449321 0.000000 1.787157
228.013346 7.309762 -7.084979 6.823131 -6.519680 5.194550 -4.198363 1.820074 -1.719903 7.963865 -7.450978 0.000000 1.820074
228.083030 7.310467 -7.086520 6.825761 -6.522674 5.204401 -4.204851 1.877196 -1.506887 7.992593 -7.447112 0.000000 1.877196
228.183030 7.311186 -7.088090 6.828457 -6.525722 5.214420 -4.211651 1.934388 -1.295652 8.020856 -7.443338 0.000000 1.934388
228.260663 7.312214 -7.090336 6.832303 -6.530229 5.227662 -4.228757 1.965807 -1.336890 8.010985 -7.445153 0.000000 1.965807
228.345043 7.313007 -7.092072 6.835258 -6.533631 5.238611 -4.236891 2.024907 -1.129873 8.038239 -7.441563 0.000000 2.024907
228.445043 7.313866 -7.093949 6.838470 -6.537410 5.249552 -4.252029 2.045637 -1.200635 7.790931 -7.477245 0.000000 2.045637
228.545043 7.314879 -7.096167 6.842236 -6.541904 5.262549 -4.269010 2.076197 -1.242442 7.782689 -7.478585 0.000000 2.076197
228.645043 7.315886 -7.098373 6.845982 -6.546365 5.275481 -4.285899 2.106595 -1.283959 7.774551 -7.479901 0.000000 2.106595
228.683683 7.316888 -7.100567 6.849706 -6.550809 5.288335 -4.302701 2.136829 -1.325188 7.766516 -7.481192 0.000000 2.136829
228.783683 7.317273 -7.101409 6.851135 -6.552520 5.293176 -4.309896 2.143369 -1.375834 7.524746 -7.515783 0.000000 2.143369
228.883683 7.318267 -7.103588 6.854826 -6.556953 5.305916 -4.326563 2.173491 -1.416139 7.518705 -7.516533 0.000000 2.173491
228.978906 7.319256 -7.105754 6.858496 -6.561354 5.318591 -4.343140 2.203451 -1.456166 7.512748 -7.517266 0.000000 2.203451
229.065132 7.320192 -7.107805 6.861970 -6.565433 5.331323 -4.353763 2.266667 -1.255210 7.541983 -7.512972 0.000000 2.266667
229.159122 7.321036 -7.109651 6.865113 -6.569094 5.342848 -4.362931 2.326611 -1.052054 7.571357 -7.508696 0.000000 2.326611
229.165728 7.321951 -7.111654 6.868519 -6.573084 5.355261 -4.373421 2.388192 -0.853624 7.599815 -7.504572 0.000000 2.388192
229.165728 7.322015 -7.111791 6.868771 -6.573264 5.356817 -4.369435 2.424869 -0.617756 7.634164 -7.499663 0.000000 2.424869
229.222727 7.322015 -7.111789 6.868786 -6.573251 5.356728 -4.370168 2.419790 -0.652582 7.395460 -7.533763 0.000000 2.419790
229.292057 7.322567 -7.113000 6.870828 -6.575746 5.363633 -4.380423 2.430301 -0.713538 7.153400 -7.568206 0.000000 2.430301
229.392057 7.323236 -7.114467 6.873302 -6.578770 5.372028 -4.392685 2.444210 -0.779654 6.911935 -7.602363 0.000000 2.444210
229.492057 7.324198 -7.116576 6.876857 -6.583111 5.384236 -4.409225 2.471618 -0.824038 6.909857 -7.601929 0.000000 2.471618
229.541804 7.325154 -7.118673 6.880393 -6.587420 5.396383 -4.425670 2.498889 -0.868116 6.907838 -7.601489 0.000000 2.498889
229.641804 7.325627 -7.119710 6.882141 -6.589556 5.402295 -4.434544 2.507307 -0.924718 6.668159 -7.635368 0.000000 2.507307
229.741804 7.326575 -7.121791 6.885644 -6.593853 5.414327 -4.450842 2.534483 -0.967814 6.668081 -7.634413 0.000000 2.534483
229.841804 7.327518 -7.123860 6.889127 -6.598117 5.426300 -4.467049 2.561521 -1.010615 6.668045 -7.633458 0.000000 2.561521
229.941804 7.328456 -7.125919 6.892590 -6.602364 5.438202 -4.483170 2.588420 -1.053124 6.668051 -7.632504 0.000000 2.588420
230.041804 7.329389 -7.127966 6.896032 -6.606594 5.450034 -4.499206 2.615181 -1.095343 6.668099 -7.631550 0.000000 2.615181
230.108551 7.330317 -7.130002 6.899453 -6.610806 5.461797 -4.515156 2.641804 -1.137275 6.668187 -7.630598 0.000000 2.641804
230.170222 7.330933 -7.131353 6.901723 -6.613607 5.469506 -4.526482 2.654403 -1.199899 6.429568 -7.664064 0.000000 2.654403
230.270222 7.331500 -7.132598 6.903810 -6.616107 5.477413 -4.531144 2.705590 -0.986330 6.465633 -7.658189 0.000000 2.705590
230.370222 7.332416 -7.134607 6.907201 -6.620270 5.489005 -4.546993 2.731485 -1.028943 6.467125 -7.656846 0.000000 2.731485
230.391318 7.333328 -7.136608 6.910555 -6.624429 5.500523 -4.562760 2.757247 -1.071267 6.468648 -7.655508 0.000000 2.757247
230.491318 7.333518 -7.137027 6.911257 -6.625209 5.503673 -4.560988 2.797495 -0.841326 6.503802 -7.650252 0.000000 2.797495
230.591318 7.334424 -7.139013 6.914604 -6.629337 5.515094 -4.576766 2.822569 -0.885159 6.504830 -7.649032 0.000000 2.822569
230.691318 7.335325 -7.140990 6.917914 -6.633462 5.526440 -4.592461 2.847518 -0.928691 6.505893 -7.647815 0.000000 2.847518
230.791318 7.336220 -7.142956 6.921203 -6.637571 5.537720 -4.608071 2.872343 -0.971926 6.506991 -7.646603 0.000000 2.872343
230.891318 7.337110 -7.144912 6.924474 -6.641662 5.548934 -4.623597 2.897046 -1.014865 6.508122 -7.645394 0.000000 2.897046
230.991318 7.337996 -7.146858 6.927725 -6.645736 5.560082 -4.639039 2.921626 -1.057509 6.509287 -7.644189 0.000000 2.921626
231.091318 7.338877 -7.148793 6.930957 -6.649793 5.571165 -4.654397 2.946085 -1.099862 6.510485 -7.642988 0.000000 2.946085
231.191318 7.339753 -7.150717 6.934169 -6.653833 5.582183 -4.669672 2.970421 -1.141925 6.511715 -7.641791 0.000000 2.970421
231.251239 7.340624 -7.152631 6.937362 -6.657856 5.593137 -4.684864 2.994637 -1.183700 6.512976 -7.640598 0.000000 2.994637
231.268139 7.341143 -7.153772 6.939264 -6.660257 5.599566 -4.694654 3.003997 -1.243387 6.275047 -7.673986 0.000000 3.003997
231.368139 7.341288 -7.154093 6.939796 -6.660853 5.602123 -4.692121 3.042915 -1.011471 6.310408 -7.668724 0.000000 3.042915
231.468139 7.342152 -7.155987 6.942973 -6.664835 5.612952 -4.707259 3.066503 -1.054071 6.313046 -7.667142 0.000000 3.066503
231.485568 7.343010 -7.157873 6.946113 -6.668815 5.623711 -4.722317 3.089976 -1.096380 6.315705 -7.665569 0.000000 3.089976
231.585568 7.343158 -7.158199 6.946656 -6.669507 5.625480 -4.725662 3.088968 -1.138530 6.077468 -7.699396 0.000000 3.088968
231.685568 7.344011 -7.160074 6.949774 -6.673481 5.636157 -4.740607 3.112419 -1.179971 6.082005 -7.697324 0.000000 3.112419
231.785568 7.344859 -7.161938 6.952875 -6.677424 5.646784 -4.755465 3.135756 -1.221131 6.086547 -7.695266 0.000000 3.135756
231.846919 7.345703 -7.163792 6.955957 -6.681350 5.657350 -4.770242 3.158978 -1.262013 6.091095 -7.693221 0.000000 3.158978
231.946919 7.346217 -7.164923 6.957836 -6.683653 5.664529 -4.774178 3.207996 -1.048116 6.128715 -7.687000 0.000000 3.207996
232.022681 7.347053 -7.166759 6.960906 -6.687543 5.674980 -4.788938 3.230502 -1.090410 6.132741 -7.685089 0.000000 3.230502
232.038608 7.347683 -7.168144 6.963204 -6.690487 5.682751 -4.800797 3.242393 -1.157061 5.897095 -7.717751 0.000000 3.242393
232.138608 7.347814 -7.168434 6.963682 -6.691026 5.685120 -4.798047 3.280805 -0.924823 5.932861 -7.712394 0.000000 3.280805
232.238608 7.348642 -7.170251 6.966717 -6.694886 5.695437 -4.812745 3.302689 -0.967896 5.938228 -7.710110 0.000000 3.302689
232.306776 7.349465 -7.172060 6.969716 -6.698744 5.705687 -4.827364 3.324470 -1.010675 5.943596 -7.707843 0.000000 3.324470
232.406776 7.350023 -7.173287 6.971748 -6.701363 5.712538 -4.838009 3.334169 -1.074465 5.708552 -7.740408 0.000000 3.334169
232.506776 7.350838 -7.175080 6.974716 -6.705208 5.722680 -4.852475 3.355891 -1.116226 5.715775 -7.737659 0.000000 3.355891
232.606776 7.351649 -7.176864 6.977669 -6.709021 5.732777 -4.866855 3.377512 -1.157706 5.722983 -7.734932 0.000000 3.377512
232.706776 7.352455 -7.178637 6.980604 -6.712818 5.742814 -4.881155 3.399030 -1.198907 5.730177 -7.732226 0.000000 3.399030
232.730374 7.353257 -7.180401 6.983522 -6.716598 5.752794 -4.895377 3.420445 -1.239830 5.737356 -7.729542 0.000000 3.420445
232.824816 7.353445 -7.180815 6.984205 -6.717487 5.755040 -4.899449 3.420395 -1.284248 5.500343 -7.763014 0.000000 3.420395
232.829730 7.354197 -7.182471 6.986940 -6.721053 5.764293 -4.913508 3.435528 -1.356901 5.270152 -7.794124 0.000000 3.435528
232.835472 7.354235 -7.182556 6.987078 -6.721253 5.764670 -4.914938 3.431499 -1.393657 5.031980 -7.828046 0.000000 3.431499
232.935472 7.354281 -7.182656 6.987241 -6.721484 5.765128 -4.916482 3.427655 -1.430707 4.794005 -7.861907 0.000000 3.427655
233.035472 7.355073 -7.184400 6.990119 -6.725240 5.774979 -4.930441 3.449292 -1.468891 4.808545 -7.857245 0.000000 3.449292
233.135472 7.355861 -7.186132 6.992982 -6.728964 5.784786 -4.944318 3.470824 -1.506828 4.823010 -7.852627 0.000000 3.470824
233.235472 7.356644 -7.187856 6.995827 -6.732672 5.794536 -4.958120 3.492248 -1.544520 4.837400 -7.848053 0.000000 3.492248
233.244460 7.357423 -7.189570 6.998656 -6.736364 5.804230 -4.971846 3.513564 -1.581969 4.851716 -7.843521 0.000000 3.513564
233.289827 7.357493 -7.189723 6.998908 -6.736694 5.805001 -4.973808 3.510391 -1.620139 4.614292 -7.877219 0.000000 3.510391
233.292064 7.357844 -7.190496 7.000181 -6.738377 5.809264 -4.980730 3.514980 -1.671595 4.382888 -7.909054 0.000000 3.514980
233.321876 7.357861 -7.190534 7.000241 -6.738475 5.809372 -4.981775 3.510377 -1.707227 4.144584 -7.943032 0.000000 3.510377
233.421876 7.358091 -7.191042 7.001075 -6.739583 5.812130 -4.986553 3.511703 -1.752632 3.911769 -7.975348 0.000000 3.511703
233.521876 7.358863 -7.192739 7.003872 -6.743259 5.821722 -5.000059 3.533276 -1.787522 3.933340 -7.968871 0.000000 3.533276
233.587012 7.359630 -7.194427 7.006654 -6.746902 5.831271 -5.013485 3.554739 -1.822197 3.954779 -7.962459 0.000000 3.554739
233.687012 7.360127 -7.195520 7.008455 -6.749266 5.837360 -5.022919 3.563566 -1.879470 3.729953 -7.992425 0.000000 3.563566
233.787012 7.360887 -7.197193 7.011209 -6.752899 5.846808 -5.036211 3.584955 -1.913265 3.753028 -7.985612 0.000000 3.584955
233.797607 7.361643 -7.198857 7.013948 -6.756500 5.856214 -5.049426 3.606233 -1.946854 3.775957 -7.978868 0.000000 3.606233
233.841358 7.361722 -7.199032 7.014235 -6.756880 5.857110 -5.051554 3.603397 -1.985218 3.539667 -8.012261 0.000000 3.603397
233.883077 7.362051 -7.199756 7.015424 -6.758463 5.861092 -5.058033 3.607621 -2.034410 3.311736 -8.043222 0.000000 3.607621
233.983077 7.362364 -7.200444 7.016554 -6.759971 5.864876 -5.064224 3.611440 -2.082678 3.084049 -8.074130 0.000000 3.611440
234.003963 7.363112 -7.202091 7.019261 -6.763556 5.874173 -5.077241 3.632839 -2.114290 3.112236 -8.066002 0.000000 3.632839
234.103963 7.363267 -7.202432 7.019822 -6.764298 5.876012 -5.080679 3.632205 -2.155680 2.879381 -8.098423 0.000000 3.632205
234.106202 7.364010 -7.204068 7.022510 -6.767864 5.885248 -5.093592 3.653578 -2.186542 2.909195 -8.089889 0.000000 3.653578
234.147222 7.364026 -7.204104 7.022569 -6.767847 5.886190 -5.088797 3.688895 -1.948419 2.944685 -8.084725 0.000000 3.688895
234.247222 7.364330 -7.204769 7.023681 -6.769190 5.890693 -5.089027 3.732238 -1.722957 2.991439 -8.076332 0.000000 3.732238
234.337301 7.365068 -7.206390 7.026363 -6.772713 5.899826 -5.102065 3.752385 -1.757276 3.019910 -8.068148 0.000000 3.752385
234.437301 7.365728 -7.207844 7.028750 -6.775884 5.907905 -5.114482 3.765360 -1.822833 2.806684 -8.094953 0.000000 3.765360
234.530361 7.366458 -7.209450 7.031384 -6.779405 5.916923 -5.127371 3.785422 -1.856237 2.836654 -8.086422 0.000000 3.785422
234.575741 7.367133 -7.210937 7.033822 -6.782653 5.925183 -5.140031 3.798916 -1.921966 2.625656 -8.112667 0.000000 3.798916
234.675741 7.367461 -7.211658 7.035002 -6.784246 5.929130 -5.146547 3.802900 -1.971540 2.401220 -8.142743 0.000000 3.802900
234.775741 7.368181 -7.213244 7.037600 -6.787730 5.938031 -5.159227 3.822940 -2.003424 2.434419 -8.133410 0.000000 3.822940
234.844071 7.368897 -7.214821 7.040184 -6.791182 5.946894 -5.171833 3.842875 -2.035127 2.467392 -8.124175 0.000000 3.842875
234.896154 7.369384 -7.215892 7.041940 -6.793530 5.952820 -5.181136 3.851344 -2.091493 2.251065 -8.152032 0.000000 3.851344
234.917073 7.369754 -7.216706 7.043270 -6.795331 5.957285 -5.188372 3.856612 -2.142399 2.030304 -8.181144 0.000000 3.856612
235.017073 7.369902 -7.217032 7.043801 -6.796061 5.959009 -5.191710 3.855700 -2.183554 1.799169 -8.213145 0.000000 3.855700
235.086246 7.370609 -7.218589 7.046348 -6.799492 5.967746 -5.204094 3.875719 -2.213243 1.837151 -8.202625 0.000000 3.875719
235.186246 7.371095 -7.219659 7.048100 -6.801842 5.973670 -5.213346 3.884413 -2.268495 1.624537 -8.229527 0.000000 3.884413
235.286246 7.371796 -7.221202 7.050622 -6.805247 5.982325 -5.225597 3.904360 -2.297387 1.663926 -8.218689 0.000000 3.904360
235.305379 7.372492 -7.222735 7.053131 -6.808619 5.990944 -5.237777 3.924197 -2.326127 1.703038 -8.207968 0.000000 3.924197
235.405379 7.372625 -7.223026 7.053607 -6.809165 5.993320 -5.235014 3.962813 -2.092788 1.745295 -8.200964 0.000000 3.962813
235.417645 7.373317 -7.224548 7.056115 -6.812513 6.001861 -5.247232 3.981987 -2.123206 1.783550 -8.190492 0.000000 3.981987
235.463284 7.373401 -7.224733 7.056418 -6.812922 6.002808 -5.249457 3.979248 -2.161743 1.549506 -8.223322 0.000000 3.979248
235.563284 7.373715 -7.225425 7.057545 -6.814368 6.007403 -5.249916 4.022837 -1.936491 1.602502 -8.213393 0.000000 4.022837
235.663284 7.374402 -7.226934 7.060029 -6.817695 6.015848 -5.262124 4.041432 -1.967980 1.641656 -8.202704 0.000000 4.041432
235.763284 7.375085 -7.228436 7.062482 -6.821019 6.024240 -5.274268 4.059927 -1.999298 1.680538 -8.192130 0.000000 4.059927
235.863284 7.375764 -7.229931 7.064921 -6.824329 6.032582 -5.286346 4.078324 -2.030445 1.719150 -8.181671 0.000000 4.078324
235.869336 7.376439 -7.231417 7.067346 -6.827624 6.040877 -5.298359 4.096623 -2.061421 1.757495 -8.171324 0.000000 4.096623
235.969336 7.376479 -7.231506 7.067491 -6.827821 6.041283 -5.299816 4.092646 -2.098111 1.521095 -8.204805 0.000000 4.092646
236.004568 7.377150 -7.232984 7.069899 -6.831117 6.049516 -5.311745 4.110955 -2.128378 1.561011 -8.194068 0.000000 4.110955
236.104568 7.377385 -7.233502 7.070743 -6.832266 6.052311 -5.316657 4.112293 -2.173810 1.336273 -8.224427 0.000000 4.112293
236.204568 7.378052 -7.234969 7.073132 -6.835541 6.060485 -5.328476 4.130584 -2.203329 1.377667 -8.213339 0.000000 4.130584
236.304568 7.378714 -7.236428 7.075510 -6.838785 6.068625 -5.340225 4.148779 -2.232691 1.418770 -8.202372 0.000000 4.148779
236.404568 7.379374 -7.237879 7.077873 -6.842014 6.076719 -5.351910 4.166874 -2.261899 1.459584 -8.191524 0.000000 4.166874
236.504568 7.380029 -7.239322 7.080223 -6.845228 6.084765 -5.363533 4.184871 -2.290953 1.500112 -8.180795 0.000000 4.184871
236.604568 7.380681 -7.240757 7.082559 -6.848429 6.092765 -5.375094 4.202770 -2.319854 1.540356 -8.170183 0.000000 4.202770
236.704568 7.381329 -7.242184 7.084882 -6.851615 6.100719 -5.386592 4.220572 -2.348604 1.580317 -8.159688 0.000000 4.220572
236.716839 7.381974 -7.243604 7.087191 -6.854786 6.108627 -5.398029 4.238277 -2.377201 1.619998 -8.149307 0.000000 4.238277
236.816839 7.382052 -7.243777 7.087472 -6.855173 6.109498 -5.400159 4.235360 -2.415518 1.386130 -8.182147 0.000000 4.235360
236.916839 7.382694 -7.245188 7.089765 -6.858345 6.117344 -5.411512 4.253070 -2.443417 1.427352 -8.171386 0.000000 4.253070
237.016839 7.383331 -7.246591 7.092046 -6.861486 6.125160 -5.422797 4.270685 -2.471172 1.468283 -8.160743 0.000000 4.270685
237.116839 7.383965 -7.247987 7.094314 -6.864613 6.132930 -5.434021 4.288204 -2.498783 1.508926 -8.150217 0.000000 4.288204
237.137055 7.384596 -7.249375 7.096568 -6.867725 6.140655 -5.445186 4.305626 -2.526252 1.549283 -8.139808 0.000000 4.305626
237.153240 7.384722 -7.249653 7.097021 -6.868351 6.142114 -5.448165 4.304050 -2.566602 1.318680 -8.171827 0.000000 4.304050
237.242493 7.384823 -7.249877 7.097381 -6.868867 6.143248 -5.450698 4.301789 -2.605761 1.086752 -8.204183 0.000000 4.301789
237.250806 7.385382 -7.251107 7.099376 -6.871645 6.149986 -5.461293 4.312346 -2.663987 0.887028 -8.228226 0.000000 4.312346
237.350806 7.385434 -7.251221 7.099558 -6.871915 6.150515 -5.462944 4.308724 -2.700939 0.652086 -8.261356 0.000000 4.308724
237.439164 7.386057 -7.252592 7.101782 -6.875010 6.158137 -5.473889 4.326378 -2.725971 0.699161 -8.249193 0.000000 4.326378
237.535946 7.386604 -7.253796 7.103736 -6.877717 6.164751 -5.484237 4.336811 -2.782812 0.501753 -8.272666 0.000000 4.336811
237.635946 7.387200 -7.255109 7.105864 -6.880685 6.172052 -5.494607 4.354546 -2.801341 0.582591 -8.026919 0.000000 4.354546
237.687315 7.387813 -7.256458 7.108053 -6.883721 6.179582 -5.505353 4.372011 -2.825629 0.630038 -8.016377 0.000000 4.372011
237.787315 7.388126 -7.257147 7.109170 -6.885273 6.183326 -5.511584 4.375850 -2.872875 0.415532 -8.045126 0.000000 4.375850
237.887315 7.388734 -7.258485 7.111338 -6.888306 6.190764 -5.522240 4.393271 -2.896468 0.464316 -8.034263 0.000000 4.393271
237.944422 7.389339 -7.259816 7.113495 -6.891309 6.198174 -5.532834 4.410593 -2.919957 0.512749 -8.023528 0.000000 4.410593
238.044422 7.389682 -7.260571 7.114719 -6.893015 6.202286 -5.539587 4.415349 -2.968138 0.301505 -8.051570 0.000000 4.415349
238.144422 7.390282 -7.261891 7.116855 -6.896012 6.209618 -5.550079 4.432625 -2.990935 0.351244 -8.040525 0.000000 4.432625
238.177386 7.390878 -7.263203 7.118981 -6.898980 6.216921 -5.560509 4.449802 -3.013634 0.400623 -8.029610 0.000000 4.449802
238.277386 7.391073 -7.263633 7.119677 -6.899952 6.219316 -5.563834 4.456153 -3.016111 0.450882 -7.792326 0.000000 4.456153
238.377386 7.391666 -7.264936 7.121787 -6.902901 6.226576 -5.574187 4.473178 -3.038792 0.499279 -7.783324 0.000000 4.473178
238.400475 7.392254 -7.266231 7.123884 -6.905837 6.233779 -5.584496 4.490099 -3.061377 0.547327 -7.774436 0.000000 4.490099
238.500475 7.392389 -7.266528 7.124364 -6.906510 6.235339 -5.587599 4.488904 -3.101394 0.319638 -7.806511 0.000000 4.488904
238.600475 7.392974 -7.267815 7.126445 -6.909447 6.242481 -5.597827 4.505816 -3.123329 0.369115 -7.797253 0.000000 4.505816
238.700475 7.393556 -7.269095 7.128515 -6.912353 6.249595 -5.607996 4.522630 -3.145172 0.418235 -7.788113 0.000000 4.522630
238.800475 7.394135 -7.270368 7.130574 -6.915246 6.256668 -5.618112 4.539344 -3.166924 0.467001 -7.779088 0.000000 4.539344
238.900475 7.394710 -7.271633 7.132620 -6.918126 6.263700 -5.628176 4.555960 -3.188584 0.515415 -7.770178 0.000000 4.555960
239.000475 7.395282 -7.272892 7.134655 -6.920993 6.270691 -5.638188 4.572477 -3.210154 0.563481 -7.761382 0.000000 4.572477
239.100475 7.395851 -7.274144 7.136678 -6.923847 6.277641 -5.648148 4.588897 -3.231633 0.611199 -7.752698 0.000000 4.588897
239.200475 7.396417 -7.275389 7.138689 -6.926688 6.284551 -5.658056 4.605219 -3.253022 0.658574 -7.744125 0.000000 4.605219
239.300475 7.396980 -7.276627 7.140689 -6.929516 6.291421 -5.667914 4.621445 -3.274320 0.705608 -7.735663 0.000000 4.621445
239.400475 7.397540 -7.277859 7.142678 -6.932331 6.298250 -5.677720 4.637576 -3.295529 0.752303 -7.727309 0.000000 4.637576
239.500475 7.398097 -7.279083 7.144655 -6.935133 6.305040 -5.687476 4.653611 -3.316647 0.798662 -7.719062 0.000000 4.653611
239.600475 7.398651 -7.280301 7.146620 -6.937923 6.311791 -5.697180 4.669552 -3.337676 0.844687 -7.710922 0.000000 4.669552
239.700475 7.399202 -7.281513 7.148575 -6.940700 6.318502 -5.706835 4.685399 -3.358615 0.890382 -7.702888 0.000000 4.685399
239.800475 7.399750 -7.282718 7.150518 -6.943464 6.325174 -5.716440 4.701152 -3.379465 0.935747 -7.694958 0.000000 4.701152
239.900475 7.400295 -7.283916 7.152450 -6.946216 6.331808 -5.725995 4.716813 -3.400226 0.980787 -7.687131 0.000000 4.716813
240.000475 7.400837 -7.285107 7.154371 -6.948955 6.338403 -5.735500 4.732382 -3.420898 1.025503 -7.679406 0.000000 4.732382
240.020999 7.401376 -7.286292 7.156281 -6.951681 6.344960 -5.744956 4.747860 -3.441481 1.069898 -7.671783 0.000000 4.747860
240.043434 7.401485 -7.286534 7.156670 -6.952236 6.346204 -5.747621 4.745939 -3.480513 0.840241 -7.704339 0.000000 4.745939
240.143434 7.401605 -7.286798 7.157093 -6.952861 6.347557 -5.750465 4.744331 -3.519815 0.611827 -7.736642 0.000000 4.744331
240.243434 7.402141 -7.287975 7.158986 -6.955585 6.354053 -5.759813 4.759907 -3.539214 0.659470 -7.728146 0.000000 4.759907
240.343434 7.402672 -7.289144 7.160870 -6.958280 6.360526 -5.769106 4.775391 -3.558536 0.706769 -7.719759 0.000000 4.775391
240.343434 7.403202 -7.290307 7.162743 -6.960963 6.366961 -5.778352 4.790782 -3.577782 0.753725 -7.711482 0.000000 4.790782
240.443434 7.403201 -7.290307 7.162742 -6.960961 6.366963 -5.778256 4.791504 -3.572808 0.787826 -7.477753 0.000000 4.791504
240.524964 7.403728 -7.291464 7.164606 -6.963631 6.373374 -5.787448 4.806785 -3.592089 0.833934 -7.471325 0.000000 4.806785
240.624964 7.404154 -7.292401 7.166115 -6.965798 6.378559 -5.794816 4.819888 -3.602773 0.905355 -7.232432 0.000000 4.819888
240.724964 7.404675 -7.293547 7.167958 -6.968444 6.384904 -5.803925 4.834983 -3.622025 0.950355 -7.227914 0.000000 4.834983
240.743294 7.405194 -7.294686 7.169791 -6.971080 6.391196 -5.812998 4.849983 -3.641199 0.995033 -7.223475 0.000000 4.849983
240.812354 7.405288 -7.294893 7.170124 -6.971560 6.392249 -5.815388 4.847638 -3.679525 0.764461 -7.256776 0.000000 4.847638
240.867444 7.405644 -7.295675 7.171379 -6.973387 6.396553 -5.821511 4.858723 -3.687363 0.830435 -7.019694 0.000000 4.858723
240.967444 7.405926 -7.296296 7.172378 -6.974824 6.400000 -5.826345 4.867672 -3.692642 0.889556 -6.784281 0.000000 4.867672
241.067444 7.406438 -7.297420 7.174186 -6.977429 6.406221 -5.835280 4.882531 -3.711324 0.934288 -6.783003 0.000000 4.882531
241.167444 7.406946 -7.298537 7.175983 -6.980023 6.412392 -5.844180 4.897298 -3.729931 0.978702 -6.781780 0.000000 4.897298
241.198342 7.407452 -7.299649 7.177770 -6.982605 6.418527 -5.853034 4.911976 -3.748463 1.022802 -6.780610 0.000000 4.911976
241.298342 7.407607 -7.299990 7.178318 -6.983398 6.420317 -5.856490 4.911406 -3.788992 0.797628 -6.814365 0.000000 4.911406
241.398342 7.408110 -7.301094 7.180090 -6.985982 6.426396 -5.865269 4.926083 -3.806896 0.843174 -6.812756 0.000000 4.926083
241.428188 7.408609 -7.302192 7.181853 -6.988536 6.432453 -5.873996 4.940673 -3.824731 0.888397 -6.811204 0.000000 4.940673
241.528188 7.408757 -7.302517 7.182376 -6.989294 6.434156 -5.877322 4.939923 -3.864859 0.663095 -6.844859 0.000000 4.939923
241.628188 7.409254 -7.303607 7.184125 -6.991850 6.440157 -5.885976 4.954512 -3.882075 0.709754 -6.842873 0.000000 4.954512
241.704803 7.409747 -7.304691 7.185865 -6.994376 6.446137 -5.894578 4.969015 -3.899227 0.756080 -6.840949 0.000000 4.969015
241.804803 7.410123 -7.305517 7.187191 -6.996303 6.450598 -5.901870 4.974980 -3.947146 0.552616 -6.873622 0.000000 4.974980
241.904803 7.410612 -7.306590 7.188912 -6.998824 6.456507 -5.910380 4.989440 -3.963658 0.600213 -6.871296 0.000000 4.989440
242.004803 7.411098 -7.307658 7.190625 -7.001318 6.462396 -5.918840 5.003813 -3.980114 0.647470 -6.869036 0.000000 5.003813
242.104803 7.411581 -7.308719 7.192329 -7.003801 6.468251 -5.927256 5.018098 -3.996513 0.694387 -6.866840 0.000000 5.018098
242.204803 7.412062 -7.309775 7.194023 -7.006271 6.474071 -5.935631 5.032295 -4.012855 0.740969 -6.864708 0.000000 5.032295
242.239380 7.412540 -7.310824 7.195707 -7.008731 6.479857 -5.943962 5.046405 -4.029141 0.787217 -6.862639 0.000000 5.046405
242.246930 7.412704 -7.311185 7.196286 -7.009576 6.481848 -5.946733 5.051975 -4.029778 0.837194 -6.628217 0.000000 5.051975
242.346930 7.412740 -7.311264 7.196412 -7.009757 6.482297 -5.947252 5.053756 -4.026035 0.874714 -6.394470 0.000000 5.053756
242.446930 7.413215 -7.312306 7.198083 -7.012201 6.488049 -5.955521 5.067704 -4.042462 0.919476 -6.395972 0.000000 5.067704
242.546930 7.413687 -7.313342 7.199744 -7.014633 6.493753 -5.963759 5.081562 -4.058829 0.963923 -6.397508 0.000000 5.081562
242.646930 7.414156 -7.314372 7.201396 -7.017053 6.499424 -5.971954 5.095336 -4.075136 1.008055 -6.399078 0.000000 5.095336
242.746930 7.414623 -7.315397 7.203038 -7.019463 6.505062 -5.980107 5.109027 -4.091384 1.051876 -6.400682 0.000000 5.109027
242.846930 7.415087 -7.316416 7.204671 -7.021861 6.510667 -5.988219 5.122634 -4.107571 1.095388 -6.402318 0.000000 5.122634
242.946930 7.415549 -7.317429 7.206295 -7.024249 6.516240 -5.996289 5.136158 -4.123699 1.138592 -6.403987 0.000000 5.136158
243.046930 7.416008 -7.318437 7.207909 -7.026625 6.521780 -6.004318 5.149600 -4.139766 1.181493 -6.405687 0.000000 5.149600
243.146930 7.416465 -7.319439 7.209515 -7.028990 6.527288 -6.012306 5.162961 -4.155774 1.224091 -6.407418 0.000000 5.162961
243.154691 7.416919 -7.320436 7.211111 -7.031344 6.532765 -6.020253 5.176241 -4.171721 1.266389 -6.409180 0.000000 5.176241
243.162284 7.416954 -7.320512 7.211234 -7.031524 6.533189 -6.020771 5.177987 -4.167980 1.303749 -6.175590 0.000000 5.177987
243.262284 7.416988 -7.320588 7.211355 -7.031699 6.533617 -6.021265 5.179713 -4.164220 1.340998 -5.942130 0.000000 5.179713
243.362284 7.417440 -7.321578 7.212941 -7.034040 6.539070 -6.029163 5.192861 -4.180319 1.381937 -5.947409 0.000000 5.192861
243.381978 7.417889 -7.322563 7.214518 -7.036371 6.544477 -6.037030 5.205925 -4.196357 1.422592 -5.952691 0.000000 5.205925
243.481978 7.417977 -7.322756 7.214826 -7.036826 6.545537 -6.038476 5.209204 -4.194529 1.464643 -5.720003 0.000000 5.209204
243.581978 7.418423 -7.323735 7.216393 -7.039143 6.550920 -6.046288 5.222158 -4.210602 1.504453 -5.727030 0.000000 5.222158
243.680969 7.418867 -7.324708 7.217950 -7.041450 6.556258 -6.054070 5.235029 -4.226611 1.543989 -5.734046 0.000000 5.235029
243.780387 7.419303 -7.325666 7.219483 -7.043723 6.561512 -6.061639 5.248416 -4.237420 1.616958 -5.507252 0.000000 5.248416
243.876739 7.419740 -7.326623 7.221014 -7.045993 6.566773 -6.069195 5.261766 -4.248344 1.689323 -5.282208 0.000000 5.261766
243.976739 7.420160 -7.327545 7.222489 -7.048182 6.571842 -6.076480 5.274632 -4.258821 1.759769 -5.058551 0.000000 5.274632
244.010268 7.420595 -7.328498 7.224012 -7.050445 6.577073 -6.084105 5.287144 -4.274903 1.796736 -5.070709 0.000000 5.287144
244.110268 7.420739 -7.328815 7.224520 -7.051199 6.578812 -6.086557 5.292034 -4.275298 1.843148 -4.841039 0.000000 5.292034
244.210268 7.421171 -7.329760 7.226032 -7.053449 6.584001 -6.094133 5.304425 -4.291400 1.879278 -4.854870 0.000000 5.304425
244.262723 7.421599 -7.330701 7.227534 -7.055689 6.589146 -6.101681 5.316739 -4.307432 1.915169 -4.868637 0.000000 5.316739
244.362723 7.421823 -7.331191 7.228318 -7.056857 6.591829 -6.105524 5.323882 -4.310831 1.967972 -4.642095 0.000000 5.323882
244.411489 7.422248 -7.332123 7.229808 -7.059080 6.596944 -6.113006 5.336069 -4.326866 2.002994 -4.657506 0.000000 5.336069
244.511489 7.422454 -7.332575 7.230530 -7.060159 6.599416 -6.116545 5.342697 -4.329677 2.054062 -4.431254 0.000000 5.342697
244.579116 7.422876 -7.333500 7.232008 -7.062366 6.604486 -6.123971 5.354756 -4.345717 2.088236 -4.448292 0.000000 5.354756
244.679116 7.423160 -7.334121 7.233001 -7.063852 6.607885 -6.128880 5.363583 -4.351542 2.145298 -4.226025 0.000000 5.363583
244.776178 7.423578 -7.335038 7.234465 -7.066041 6.612906 -6.136245 5.375504 -4.367570 2.178595 -4.244653 0.000000 5.375504
244.876178 7.423981 -7.335922 7.235877 -7.068158 6.617736 -6.143272 5.387725 -4.378083 2.244807 -4.028907 0.000000 5.387725
244.976178 7.424395 -7.336828 7.237324 -7.070327 6.622700 -6.150566 5.399488 -4.394077 2.277178 -4.049076 0.000000 5.399488
245.076178 7.424806 -7.337729 7.238763 -7.072487 6.627620 -6.157831 5.411180 -4.409997 2.309345 -4.069130 0.000000 5.411180
245.176178 7.425215 -7.338626 7.240194 -7.074638 6.632511 -6.165059 5.422804 -4.425842 2.341309 -4.089070 0.000000 5.422804
245.276178 7.425622 -7.339517 7.241617 -7.076778 6.637375 -6.172248 5.434361 -4.441611 2.373072 -4.108896 0.000000 5.434361
245.376178 7.426027 -7.340403 7.243031 -7.078908 6.642211 -6.179400 5.445852 -4.457306 2.404634 -4.128609 0.000000 5.445852
245.463670 7.426429 -7.341285 7.244438 -7.081028 6.647019 -6.186514 5.457276 -4.472927 2.435998 -4.148210 0.000000 5.457276
245.471703 7.426779 -7.342052 7.245662 -7.082874 6.651201 -6.192610 5.467936 -4.481556 2.497366 -3.931533 0.000000 5.467936
245.571703 7.426811 -7.342121 7.245773 -7.083039 6.651598 -6.193070 5.469568 -4.477833 2.533916 -3.699502 0.000000 5.469568
245.671703 7.427210 -7.342994 7.247165 -7.085139 6.656367 -6.200108 5.480826 -4.493531 2.563879 -3.722368 0.000000 5.480826
245.771703 7.427606 -7.343861 7.248549 -7.087230 6.661093 -6.207119 5.492015 -4.509153 2.593658 -3.745097 0.000000 5.492015
245.871703 7.428000 -7.344724 7.249925 -7.089310 6.665791 -6.214094 5.503141 -4.524698 2.623255 -3.767689 0.000000 5.503141
245.940989 7.428391 -7.345581 7.251292 -7.091381 6.670463 -6.221031 5.514203 -4.540168 2.652671 -3.790146 0.000000 5.514203
246.040989 7.428661 -7.346172 7.252235 -7.092808 6.673682 -6.225717 5.522546 -4.545860 2.707028 -3.571884 0.000000 5.522546
246.079049 7.429050 -7.347022 7.253590 -7.094860 6.678323 -6.232585 5.533485 -4.561311 2.735631 -3.595856 0.000000 5.533485
246.179049 7.429196 -7.347343 7.254103 -7.095638 6.680074 -6.235094 5.538344 -4.562189 2.780552 -3.371195 0.000000 5.538344
246.242571 7.429582 -7.348187 7.255448 -7.097677 6.684679 -6.241916 5.549176 -4.577646 2.808410 -3.396707 0.000000 5.549176
246.323113 7.429825 -7.348720 7.256297 -7.098967 6.687577 -6.246138 5.556737 -4.582442 2.860101 -3.179083 0.000000 5.556737
246.423113 7.430133 -7.349393 7.257370 -7.100595 6.691253 -6.251491 5.566086 -4.589904 2.916012 -2.967097 0.000000 5.566086
246.519800 7.430513 -7.350225 7.258696 -7.102610 6.695793 -6.258232 5.576726 -4.605391 2.942457 -2.995697 0.000000 5.576726
246.619800 7.430878 -7.351025 7.259971 -7.104551 6.700142 -6.264631 5.587675 -4.615316 3.001979 -2.789445 0.000000 5.587675
246.719800 7.431255 -7.351848 7.261283 -7.106547 6.704630 -6.271305 5.598177 -4.630757 3.027619 -2.819429 0.000000 5.598177
246.819800 7.431629 -7.352666 7.262587 -7.108536 6.709078 -6.277955 5.608617 -4.646118 3.053114 -2.849219 0.000000 5.608617
246.919800 7.432001 -7.353480 7.263884 -7.110515 6.713499 -6.284569 5.618999 -4.661398 3.078466 -2.878817 0.000000 5.618999
247.019800 7.432371 -7.354290 7.265174 -7.112485 6.717896 -6.291148 5.629324 -4.676597 3.103676 -2.908224 0.000000 5.629324
247.119800 7.432739 -7.355095 7.266456 -7.114445 6.722268 -6.297691 5.639591 -4.691716 3.128745 -2.937441 0.000000 5.639591
247.219800 7.433105 -7.355895 7.267731 -7.116396 6.726615 -6.304199 5.649802 -4.706756 3.153673 -2.966470 0.000000 5.649802
247.319800 7.433469 -7.356691 7.268999 -7.118338 6.730937 -6.310673 5.659955 -4.721716 3.178461 -2.995311 0.000000 5.659955
247.321964 7.433831 -7.357483 7.270260 -7.120270 6.735234 -6.317112 5.670053 -4.736597 3.203109 -3.023966 0.000000 5.670053
247.375418 7.433839 -7.357500 7.270286 -7.120310 6.735326 -6.317156 5.670992 -4.731943 3.237740 -2.790854 0.000000 5.670992
247.441311 7.434031 -7.357921 7.270957 -7.121336 6.737625 -6.320474 5.677073 -4.734939 3.284669 -2.573273 0.000000 5.677073
247.541311 7.434268 -7.358438 7.271781 -7.122598 6.740447 -6.324581 5.684367 -4.739835 3.334202 -2.360528 0.000000 5.684367
247.566875 7.434626 -7.359220 7.273027 -7.124508 6.744704 -6.330944 5.694281 -4.754873 3.357031 -2.393977 0.000000 5.694281
247.666875 7.434717 -7.359419 7.273343 -7.124994 6.745781 -6.332470 5.697522 -4.753722 3.396936 -2.168742 0.000000 5.697522
247.754103 7.435072 -7.360196 7.274580 -7.126892 6.750009 -6.338794 5.707347 -4.768767 3.419107 -2.203656 0.000000 5.707347
247.830592 7.435380 -7.360870 7.275653 -7.128542 6.753661 -6.344195 5.716588 -4.776844 3.472448 -2.000178 0.000000 5.716588
247.900182 7.435649 -7.361458 7.276589 -7.129980 6.756862 -6.348889 5.724733 -4.783343 3.522956 -1.794153 0.000000 5.724733
248.000182 7.435893 -7.361990 7.277437 -7.131284 6.759763 -6.353134 5.732165 -4.788840 3.571574 -1.586713 0.000000 5.732165
248.100182 7.436242 -7.362753 7.278651 -7.133152 6.763909 -6.359356 5.741750 -4.803938 3.591857 -1.626053 0.000000 5.741750
248.102012 7.436589 -7.363511 7.279858 -7.135013 6.768015 -6.365556 5.751278 -4.818950 3.612046 -1.665126 0.000000 5.751278
248.202012 7.436595 -7.363525 7.279879 -7.135047 6.768088 -6.365575 5.752173 -4.814249 3.646514 -1.432107 0.000000 5.752173
248.268929 7.436941 -7.364279 7.281080 -7.136897 6.772188 -6.371732 5.761633 -4.829283 3.666099 -1.472652 0.000000 5.761633
248.368929 7.437170 -7.364781 7.281879 -7.138131 6.774903 -6.375743 5.768648 -4.834312 3.713247 -1.265868 0.000000 5.768648
248.462749 7.437513 -7.365528 7.283068 -7.139966 6.778962 -6.381849 5.778002 -4.849311 3.732177 -1.307694 0.000000 5.778002
248.562749 7.437832 -7.366225 7.284177 -7.141681 6.782733 -6.387462 5.787450 -4.858328 3.783961 -1.112936 0.000000 5.787450
248.639014 7.438170 -7.366964 7.285353 -7.143499 6.786747 -6.393508 5.796687 -4.873268 3.802226 -1.155949 0.000000 5.796687
248.683814 7.438427 -7.367525 7.286245 -7.144881 6.789779 -6.398007 5.804413 -4.879620 3.850197 -0.954798 0.000000 5.804413
248.718456 7.438577 -7.367853 7.286767 -7.145687 6.791566 -6.400590 5.809227 -4.881319 3.892193 -0.740886 0.000000 5.809227
248.818456 7.438693 -7.368105 7.287169 -7.146308 6.792949 -6.402560 5.813099 -4.881528 3.932212 -0.523037 0.000000 5.813099
248.895383 7.439027 -7.368834 7.288329 -7.148105 6.796905 -6.408532 5.822149 -4.896573 3.948765 -0.570507 0.000000 5.822149
248.961308 7.439282 -7.369392 7.289216 -7.149481 6.799917 -6.413015 5.829792 -4.903103 3.995555 -0.373042 0.000000 5.829792
249.051964 7.439500 -7.369868 7.289973 -7.150654 6.802502 -6.416819 5.836412 -4.908013 4.040165 -0.171372 0.000000 5.836412
249.151964 7.439799 -7.370519 7.291010 -7.152263 6.806039 -6.422072 5.845197 -4.916676 4.088227 0.016895 0.000000 5.845197
249.251964 7.440127 -7.371235 7.292148 -7.154030 6.809918 -6.427948 5.854027 -4.931745 4.103077 -0.034676 0.000000 5.854027
249.351964 7.440453 -7.371946 7.293280 -7.155791 6.813760 -6.433803 5.862809 -4.946720 4.117886 -0.085884 0.000000 5.862809
249.451964 7.440777 -7.372654 7.294405 -7.157543 6.817579 -6.439625 5.871545 -4.961599 4.132654 -0.136732 0.000000 5.871545
249.551964 7.441099 -7.373358 7.295524 -7.159287 6.821377 -6.445414 5.880238 -4.976385 4.147382 -0.187223 0.000000 5.880238
249.651964 7.441420 -7.374058 7.296637 -7.161022 6.825154 -6.451172 5.888886 -4.991078 4.162068 -0.237359 0.000000 5.888886
249.751964 7.441739 -7.374754 7.297743 -7.162749 6.828910 -6.456898 5.897491 -5.005677 4.176712 -0.287143 0.000000 5.897491
249.851964 7.442056 -7.375446 7.298843 -7.164467 6.832644 -6.462592 5.906051 -5.020185 4.191316 -0.336577 0.000000 5.906051
249.876946 7.442372 -7.376134 7.299938 -7.166177 6.836358 -6.468255 5.914568 -5.034601 4.205877 -0.385664 0.000000 5.914568
249.976946 7.442450 -7.376305 7.300209 -7.166601 6.837279 -6.469568 5.917406 -5.033206 4.243605 -0.164113 0.000000 5.917406
250.045304 7.442764 -7.376988 7.301297 -7.168299 6.840983 -6.475184 5.925852 -5.047618 4.257606 -0.214512 0.000000 5.925852
250.145304 7.442977 -7.377453 7.302035 -7.169455 6.843488 -6.478915 5.932314 -5.052435 4.301252 -0.014992 0.000000 5.932314
250.217511 7.443287 -7.378130 7.303112 -7.171138 6.847156 -6.484483 5.940666 -5.066805 4.314684 -0.066538 0.000000 5.940666
250.256545 7.443510 -7.378616 7.303885 -7.172349 6.849777 -6.488394 5.947385 -5.072141 4.358461 0.130234 0.000000 5.947385
250.356545 7.443630 -7.378878 7.304301 -7.172999 6.851203 -6.490448 5.951333 -5.072757 4.397585 0.343406 0.000000 5.951333
250.456545 7.443938 -7.379548 7.305366 -7.174666 6.854828 -6.495958 5.959553 -5.087155 4.409937 0.289146 0.000000 5.959553
250.556545 7.444243 -7.380213 7.306424 -7.176326 6.858414 -6.501449 5.967728 -5.101460 4.422269 0.235271 0.000000 5.967728
250.656545 7.444547 -7.380875 7.307476 -7.177978 6.861981 -6.506910 5.975863 -5.115672 4.434580 0.181778 0.000000 5.975863
250.756545 7.444849 -7.381533 7.308522 -7.179622 6.865527 -6.512341 5.983957 -5.129791 4.446872 0.128664 0.000000 5.983957
250.833761 7.445149 -7.382188 7.309563 -7.181258 6.869054 -6.517741 5.992010 -5.143817 4.459142 0.075926 0.000000 5.992010
250.911760 7.445380 -7.382691 7.310361 -7.182515 6.871761 -6.521793 5.998919 -5.149604 4.502700 0.269222 0.000000 5.998919
251.011760 7.445612 -7.383196 7.311165 -7.183778 6.874500 -6.525861 6.005855 -5.155530 4.545946 0.460972 0.000000 6.005855
251.111760 7.445908 -7.383842 7.312192 -7.185391 6.877992 -6.531182 6.013768 -5.169544 4.557149 0.405708 0.000000 6.013768
251.211760 7.446203 -7.384483 7.313212 -7.186999 6.881447 -6.536484 6.021637 -5.183467 4.568342 0.350838 0.000000 6.021637
251.311760 7.446496 -7.385122 7.314226 -7.188599 6.884884 -6.541757 6.029468 -5.197298 4.579524 0.296358 0.000000 6.029468
251.411760 7.446787 -7.385757 7.315235 -7.190191 6.888301 -6.547000 6.037260 -5.211037 4.590694 0.242265 0.000000 6.037260
251.511760 7.447077 -7.386388 7.316238 -7.191775 6.891699 -6.552214 6.045013 -5.224685 4.601853 0.188558 0.000000 6.045013
251.611760 7.447366 -7.387016 7.317236 -7.193352 6.895078 -6.557399 6.052729 -5.238243 4.612999 0.135232 0.000000 6.052729
251.711760 7.447652 -7.387640 7.318228 -7.194920 6.898438 -6.562555 6.060406 -5.251711 4.624132 0.082285 0.000000 6.060406
251.811760 7.447938 -7.388261 7.319215 -7.196481 6.901780 -6.567683 6.068045 -5.265090 4.635253 0.029714 0.000000 6.068045
251.911760 7.448221 -7.388878 7.320196 -7.198034 6.905102 -6.572782 6.075646 -5.278381 4.646360 -0.022483 0.000000 6.075646
252.011760 7.448503 -7.389492 7.321172 -7.199580 6.908407 -6.577852 6.083209 -5.291585 4.657453 -0.074309 0.000000 6.083209
252.069395 7.448784 -7.390103 7.322142 -7.201117 6.911692 -6.582894 6.090735 -5.304701 4.668532 -0.125767 0.000000 6.090735
252.169395 7.448945 -7.390453 7.322698 -7.201999 6.913574 -6.585690 6.095772 -5.307237 4.709009 0.078514 0.000000 6.095772
252.269395 7.449223 -7.391058 7.323661 -7.203523 6.916847 -6.590680 6.103222 -5.320328 4.719557 0.025889 0.000000 6.103222
252.369395 7.449500 -7.391660 7.324617 -7.205042 6.920085 -6.595655 6.110631 -5.333334 4.730095 -0.026362 0.000000 6.110631
252.469395 7.449775 -7.392259 7.325569 -7.206553 6.923305 -6.600601 6.118003 -5.346253 4.740623 -0.078241 0.000000 6.118003
252.569395 7.450049 -7.392854 7.326515 -7.208056 6.926506 -6.605520 6.125338 -5.359086 4.751141 -0.129751 0.000000 6.125338
252.669395 7.450321 -7.393446 7.327456 -7.209552 6.929690 -6.610412 6.132637 -5.371835 4.761648 -0.180895 0.000000 6.132637
252.769395 7.450592 -7.394035 7.328391 -7.211041 6.932856 -6.615276 6.139900 -5.384499 4.772145 -0.231674 0.000000 6.139900
252.869395 7.450861 -7.394620 7.329322 -7.212522 6.936005 -6.620113 6.147126 -5.397079 4.782629 -0.282093 0.000000 6.147126
252.960857 7.451129 -7.395203 7.330247 -7.213996 6.939135 -6.624924 6.154317 -5.409577 4.793102 -0.332154 0.000000 6.154317
253.060857 7.451372 -7.395732 7.331089 -7.215337 6.941983 -6.629204 6.161583 -5.415958 4.836770 -0.143886 0.000000 6.161583
253.160857 7.451637 -7.396308 7.332005 -7.216795 6.945095 -6.633956 6.168688 -5.428408 4.846711 -0.195009 0.000000 6.168688
253.260857 7.451901 -7.396881 7.332916 -7.218248 6.948174 -6.638693 6.175754 -5.440777 4.856645 -0.245769 0.000000 6.175754
253.360857 7.452163 -7.397451 7.333821 -7.219694 6.951237 -6.643403 6.182785 -5.453063 4.866571 -0.296167 0.000000 6.182785
253.460857 7.452424 -7.398018 7.334722 -7.221132 6.954282 -6.648087 6.189781 -5.465268 4.876490 -0.346206 0.000000 6.189781
253.560857 7.452683 -7.398581 7.335617 -7.222564 6.957310 -6.652746 6.196742 -5.477391 4.886400 -0.395888 0.000000 6.196742
253.660857 7.452941 -7.399141 7.336508 -7.223988 6.960321 -6.657378 6.203669 -5.489435 4.896301 -0.445218 0.000000 6.203669
253.760857 7.453198 -7.399699 7.337394 -7.225405 6.963315 -6.661984 6.210561 -5.501398 4.906193 -0.494196 0.000000 6.210561
253.860857 7.453453 -7.400253 7.338274 -7.226816 6.966293 -6.666565 6.217419 -5.513282 4.916075 -0.542826 0.000000 6.217419
253.960857 7.453707 -7.400804 7.339150 -7.228219 6.969254 -6.671120 6.224243 -5.525088 4.925947 -0.591109 0.000000 6.224243
254.060857 7.453959 -7.401352 7.340022 -7.229615 6.972198 -6.675650 6.231033 -5.536815 4.935809 -0.639050 0.000000 6.231033
254.160857 7.454210 -7.401897 7.340888 -7.231004 6.975126 -6.680155 6.237790 -5.548466 4.945661 -0.686649 0.000000 6.237790
254.260857 7.454460 -7.402439 7.341750 -7.232387 6.978038 -6.684634 6.244512 -5.560039 4.955501 -0.733910 0.000000 6.244512
254.360857 7.454708 -7.402978 7.342606 -7.233762 6.980933 -6.689089 6.251201 -5.571536 4.965330 -0.780835 0.000000 6.251201
254.460857 7.454955 -7.403514 7.343459 -7.235131 6.983812 -6.693519 6.257856 -5.582958 4.975147 -0.827427 0.000000 6.257856
254.560857 7.455200 -7.404047 7.344306 -7.236493 6.986676 -6.697925 6.264479 -5.594304 4.984952 -0.873687 0.000000 6.264479
254.660857 7.455445 -7.404577 7.345149 -7.237848 6.989523 -6.702306 6.271068 -5.605576 4.994745 -0.919619 0.000000 6.271068
254.760857 7.455688 -7.405104 7.345987 -7.239196 6.992354 -6.706663 6.277624 -5.616774 5.004525 -0.965225 0.000000 6.277624
254.860857 7.455929 -7.405628 7.346821 -7.240538 6.995169 -6.710996 6.284147 -5.627898 5.014292 -1.010506 0.000000 6.284147
254.960857 7.456170 -7.406150 7.347649 -7.241872 6.997969 -6.715304 6.290637 -5.638950 5.024045 -1.055467 0.000000 6.290637
255.060857 7.456409 -7.406668 7.348474 -7.243201 7.000753 -6.719589 6.297095 -5.649929 5.033785 -1.100108 0.000000 6.297095
255.160857 7.456646 -7.407184 7.349294 -7.244522 7.003522 -6.723850 6.303520 -5.660837 5.043510 -1.144432 0.000000 6.303520
255.260857 7.456883 -7.407696 7.350109 -7.245837 7.006275 -6.728087 6.309913 -5.671673 5.053222 -1.188441 0.000000 6.309913
255.360857 7.457118 -7.408206 7.350920 -7.247146 7.009012 -6.732301 6.316274 -5.682439 5.062918 -1.232139 0.000000 6.316274
255.460857 7.457352 -7.408713 7.351726 -7.248448 7.011735 -6.736492 6.322602 -5.693134 5.072600 -1.275526 0.000000 6.322602
255.560857 7.457584 -7.409218 7.352528 -7.249743 7.014442 -6.740659 6.328899 -5.703760 5.082266 -1.318606 0.000000 6.328899
255.660857 7.457816 -7.409719 7.353326 -7.251032 7.017134 -6.744803 6.335164 -5.714317 5.091917 -1.361380 0.000000 6.335164
255.760857 7.458046 -7.410218 7.354119 -7.252315 7.019811 -6.748925 6.341397 -5.724805 5.101552 -1.403851 0.000000 6.341397
255.860857 7.458275 -7.410714 7.354908 -7.253591 7.022473 -6.753023 6.347599 -5.735224 5.111171 -1.446020 0.000000 6.347599
255.960857 7.458502 -7.411207 7.355693 -7.254861 7.025120 -6.757099 6.353769 -5.745577 5.120774 -1.487891 0.000000 6.353769
256.060857 7.458729 -7.411697 7.356473 -7.256125 7.027753 -6.761153 6.359908 -5.755862 5.130360 -1.529466 0.000000 6.359908
256.160857 7.458954 -7.412185 7.357249 -7.257382 7.030370 -6.765184 6.366016 -5.766080 5.139929 -1.570745 0.000000 6.366016
256.260857 7.459178 -7.412670 7.358020 -7.258633 7.032974 -6.769192 6.372093 -5.776233 5.149481 -1.611732 0.000000 6.372093
256.360857 7.459400 -7.413152 7.358788 -7.259877 7.035562 -6.773179 6.378139 -5.786320 5.159015 -1.652429 0.000000 6.378139
256.460857 7.459622 -7.413632 7.359551 -7.261116 7.038136 -6.777143 6.384154 -5.796341 5.168532 -1.692838 0.000000 6.384154
256.560857 7.459842 -7.414109 7.360310 -7.262348 7.040696 -6.781086 6.390139 -5.806298 5.178031 -1.732961 0.000000 6.390139
256.660857 7.460061 -7.414583 7.361065 -7.263574 7.043241 -6.785007 6.396093 -5.816191 5.187512 -1.772800 0.000000 6.396093
256.760857 7.460279 -7.415055 7.361816 -7.264794 7.045773 -6.788906 6.402017 -5.826020 5.196975 -1.812356 0.000000 6.402017
256.860857 7.460496 -7.415524 7.362562 -7.266008 7.048290 -6.792784 6.407910 -5.835786 5.206419 -1.851633 0.000000 6.407910
256.960857 7.460711 -7.415991 7.363305 -7.267215 7.050793 -6.796640 6.413774 -5.845489 5.215844 -1.890632 0.000000 6.413774
257.060857 7.460926 -7.416455 7.364043 -7.268417 7.053282 -6.800475 6.419607 -5.855130 5.225251 -1.929355 0.000000 6.419607
257.160857 7.461139 -7.416916 7.364778 -7.269613 7.055757 -6.804289 6.425411 -5.864709 5.234638 -1.967805 0.000000 6.425411
257.260857 7.461351 -7.417375 7.365508 -7.270802 7.058218 -6.808082 6.431185 -5.874227 5.244005 -2.005982 0.000000 6.431185
257.360857 7.461562 -7.417831 7.366234 -7.271986 7.060666 -6.811854 6.436930 -5.883683 5.253353 -2.043890 0.000000 6.436930
257.460857 7.461771 -7.418285 7.366957 -7.273164 7.063100 -6.815605 6.442645 -5.893079 5.262681 -2.081529 0.000000 6.442645
257.560857 7.461980 -7.418736 7.367675 -7.274336 7.065520 -6.819336 6.448331 -5.902415 5.271989 -2.118903 0.000000 6.448331
257.660857 7.462187 -7.419185 7.368390 -7.275502 7.067927 -6.823046 6.453988 -5.911692 5.281277 -2.156013 0.000000 6.453988
257.760857 7.462394 -7.419631 7.369100 -7.276662 7.070321 -6.826735 6.459615 -5.920909 5.290544 -2.192860 0.000000 6.459615
257.860857 7.462599 -7.420075 7.369807 -7.277816 7.072701 -6.830404 6.465214 -5.930067 5.299791 -2.229447 0.000000 6.465214
257.960857 7.462803 -7.420516 7.370510 -7.278964 7.075067 -6.834053 6.470784 -5.939168 5.309017 -2.265776 0.000000 6.470784
258.060857 7.463006 -7.420955 7.371209 -7.280107 7.077421 -6.837682 6.476326 -5.948210 5.318222 -2.301848 0.000000 6.476326
258.160857 7.463208 -7.421392 7.371904 -7.281244 7.079761 -6.841291 6.481839 -5.957194 5.327406 -2.337666 0.000000 6.481839
258.260857 7.463409 -7.421826 7.372595 -7.282376 7.082089 -6.844880 6.487323 -5.966122 5.336568 -2.373231 0.000000 6.487323
258.360857 7.463608 -7.422257 7.373283 -7.283501 7.084403 -6.848450 6.492779 -5.974993 5.345709 -2.408545 0.000000 6.492779
258.460857 7.463807 -7.422687 7.373967 -7.284621 7.086705 -6.851999 6.498207 -5.983808 5.354829 -2.443610 0.000000 6.498207
258.560857 7.464005 -7.423113 7.374647 -7.285735 7.088993 -6.855530 6.503607 -5.992567 5.363926 -2.478427 0.000000 6.503607
258.660857 7.464201 -7.423538 7.375323 -7.286844 7.091269 -6.859040 6.508980 -6.001270 5.373002 -2.512999 0.000000 6.508980
258.760857 7.464396 -7.423960 7.375996 -7.287947 7.093532 -6.862532 6.514324 -6.009918 5.382055 -2.547327 0.000000 6.514324
258.860857 7.464591 -7.424380 7.376665 -7.289045 7.095783 -6.866004 6.519641 -6.018512 5.391086 -2.581413 0.000000 6.519641
258.960857 7.464784 -7.424797 7.377330 -7.290137 7.098021 -6.869457 6.524930 -6.027052 5.400095 -2.615259 0.000000 6.524930
259.060857 7.464976 -7.425213 7.377992 -7.291224 7.100246 -6.872892 6.530192 -6.035537 5.409081 -2.648866 0.000000 6.530192
259.160857 7.465168 -7.425625 7.378650 -7.292305 7.102459 -6.876307 6.535427 -6.043969 5.418044 -2.682237 0.000000 6.535427
259.260857 7.465358 -7.426036 7.379304 -7.293380 7.104660 -6.879704 6.540634 -6.052348 5.426984 -2.715372 0.000000 6.540634
259.360857 7.465547 -7.426444 7.379955 -7.294451 7.106848 -6.883082 6.545815 -6.060675 5.435902 -2.748274 0.000000 6.545815
259.460857 7.465735 -7.426850 7.380602 -7.295515 7.109024 -6.886441 6.550969 -6.068949 5.444796 -2.780944 0.000000 6.550969
259.560857 7.465922 -7.427254 7.381246 -7.296575 7.111188 -6.889782 6.556096 -6.077171 5.453667 -2.813385 0.000000 6.556096
259.660857 7.466108 -7.427656 7.381886 -7.297629 7.113340 -6.893105 6.561196 -6.085341 5.462515 -2.845596 0.000000 6.561196
259.760857 7.466293 -7.428055 7.382523 -7.298678 7.115480 -6.896409 6.566270 -6.093461 5.471339 -2.877582 0.000000 6.566270
259.860857 7.466477 -7.428452 7.383157 -7.299721 7.117608 -6.899696 6.571317 -6.101529 5.480140 -2.909342 0.000000 6.571317
259.960857 7.466660 -7.428847 7.383786 -7.300760 7.119724 -6.902964 6.576338 -6.109547 5.488917 -2.940878 0.000000 6.576338
260.060857 7.466842 -7.429240 7.384413 -7.301793 7.121829 -6.906214 6.581333 -6.117515 5.497670 -2.972193 0.000000 6.581333
260.160857 7.467023 -7.429630 7.385036 -7.302821 7.123921 -6.909447 6.586302 -6.125433 5.506399 -3.003287 0.000000 6.586302
260.260857 7.467203 -7.430019 7.385655 -7.303843 7.126002 -6.912662 6.591245 -6.133301 5.515104 -3.034163 0.000000 6.591245
260.360857 7.467382 -7.430405 7.386272 -7.304861 7.128071 -6.915859 6.596162 -6.141121 5.523785 -3.064822 0.000000 6.596162
260.460857 7.467560 -7.430789 7.386884 -7.305873 7.130129 -6.919038 6.601054 -6.148892 5.532442 -3.095265 0.000000 6.601054
260.560857 7.467738 -7.431171 7.387494 -7.306880 7.132175 -6.922201 6.605920 -6.156614 5.541074 -3.125494 0.000000 6.605920
260.660857 7.467914 -7.431551 7.388100 -7.307882 7.134210 -6.925346 6.610761 -6.164289 5.549682 -3.155511 0.000000 6.610761
260.760857 7.468089 -7.431929 7.388703 -7.308879 7.136234 -6.928473 6.615576 -6.171915 5.558265 -3.185317 0.000000 6.615576
260.860857 7.468263 -7.432305 7.389303 -7.309871 7.138246 -6.931584 6.620366 -6.179495 5.566824 -3.214913 0.000000 6.620366
260.960857 7.468437 -7.432678 7.389899 -7.310858 7.140247 -6.934677 6.625131 -6.187027 5.575358 -3.244302 0.000000 6.625131
261.060857 7.468609 -7.433050 7.390492 -7.311840 7.142237 -6.937754 6.629872 -6.194513 5.583867 -3.273484 0.000000 6.629872
261.160857 7.468780 -7.433419 7.391082 -7.312817 7.144216 -6.940814 6.634587 -6.201952 5.592352 -3.302462 0.000000 6.634587
261.260857 7.468951 -7.433786 7.391668 -7.313790 7.146183 -6.943857 6.639278 -6.209345 5.600811 -3.331236 0.000000 6.639278
261.360857 7.469120 -7.434152 7.392252 -7.314757 7.148140 -6.946883 6.643944 -6.216693 5.609245 -3.359808 0.000000 6.643944
261.460857 7.469289 -7.434515 7.392832 -7.315719 7.150086 -6.949893 6.648585 -6.223995 5.617654 -3.388179 0.000000 6.648585
261.560857 7.469457 -7.434877 7.393409 -7.316677 7.152021 -6.952886 6.653202 -6.231252 5.626038 -3.416351 0.000000 6.653202
261.660857 7.469624 -7.435236 7.393983 -7.317629 7.153945 -6.955863 6.657795 -6.238464 5.634397 -3.444326 0.000000 6.657795
261.760857 7.469790 -7.435593 7.394554 -7.318577 7.155859 -6.958824 6.662364 -6.245632 5.642730 -3.472105 0.000000 6.662364
261.860857 7.469955 -7.435949 7.395122 -7.319520 7.157761 -6.961768 6.666909 -6.252755 5.651038 -3.499689 0.000000 6.666909
261.960857 7.470119 -7.436302 7.395686 -7.320458 7.159654 -6.964697 6.671430 -6.259835 5.659321 -3.527079 0.000000 6.671430
262.060857 7.470282 -7.436653 7.396248 -7.321391 7.161535 -6.967609 6.675927 -6.266871 5.667578 -3.554278 0.000000 6.675927
262.160857 7.470444 -7.437003 7.396806 -7.322320 7.163406 -6.970505 6.680401 -6.273865 5.675810 -3.581285 0.000000 6.680401
262.260857 7.470606 -7.437351 7.397362 -7.323244 7.165267 -6.973386 6.684850 -6.280815 5.684015 -3.608104 0.000000 6.684850
262.360857 7.470766 -7.437696 7.397914 -7.324163 7.167117 -6.976251 6.689277 -6.287722 5.692195 -3.634735 0.000000 6.689277
262.460857 7.470926 -7.438040 7.398464 -7.325078 7.168958 -6.979100 6.693680 -6.294587 5.700350 -3.661179 0.000000 6.693680
262.560857 7.471085 -7.438382 7.399010 -7.325988 7.170787 -6.981934 6.698060 -6.301411 5.708479 -3.687438 0.000000 6.698060
262.660857 7.471243 -7.438722 7.399554 -7.326893 7.172607 -6.984752 6.702417 -6.308192 5.716581 -3.713513 0.000000 6.702417
262.760857 7.471400 -7.439060 7.400094 -7.327794 7.174416 -6.987555 6.706750 -6.314932 5.724658 -3.739405 0.000000 6.706750
262.860857 7.471556 -7.439396 7.400632 -7.328690 7.176216 -6.990342 6.711061 -6.321631 5.732709 -3.765116 0.000000 6.711061
262.960857 7.471712 -7.439730 7.401166 -7.329582 7.178005 -6.993114 6.715349 -6.328289 5.740734 -3.790648 0.000000 6.715349
263.060857 7.471866 -7.440063 7.401698 -7.330469 7.179784 -6.995871 6.719615 -6.334906 5.748733 -3.816000 0.000000 6.719615
263.160857 7.472020 -7.440393 7.402227 -7.331352 7.181554 -6.998613 6.723858 -6.341483 5.756706 -3.841176 0.000000 6.723858
263.260857 7.472173 -7.440722 7.402753 -7.332230 7.183313 -7.001340 6.728078 -6.348020 5.764653 -3.866175 0.000000 6.728078
263.360857 7.472325 -7.441049 7.403276 -7.333103 7.185063 -7.004053 6.732276 -6.354517 5.772574 -3.890999 0.000000 6.732276
263.460857 7.472476 -7.441374 7.403796 -7.333973 7.186803 -7.006750 6.736452 -6.360975 5.780469 -3.915650 0.000000 6.736452
263.560857 7.472627 -7.441697 7.404314 -7.334837 7.188534 -7.009433 6.740606 -6.367393 5.788337 -3.940128 0.000000 6.740606
263.660857 7.472776 -7.442019 7.404828 -7.335698 7.190254 -7.012101 6.744738 -6.373773 5.796180 -3.964436 0.000000 6.744738
263.760857 7.472925 -7.442339 7.405340 -7.336554 7.191965 -7.014754 6.748848 -6.380113 5.803996 -3.988573 0.000000 6.748848
263.860857 7.473073 -7.442657 7.405849 -7.337406 7.193667 -7.017393 6.752936 -6.386416 5.811786 -4.012542 0.000000 6.752936
263.960857 7.473220 -7.442973 7.406355 -7.338253 7.195359 -7.020017 6.757002 -6.392680 5.819549 -4.036343 0.000000 6.757002
264.060857 7.473366 -7.443288 7.406859 -7.339096 7.197042 -7.022628 6.761047 -6.398906 5.827287 -4.059978 0.000000 6.761047
264.160857 7.473512 -7.443600 7.407360 -7.339935 7.198715 -7.025224 6.765070 -6.405095 5.834998 -4.083448 0.000000 6.765070
264.260857 7.473657 -7.443911 7.407858 -7.340769 7.200379 -7.027806 6.769072 -6.411246 5.842682 -4.106754 0.000000 6.769072
264.360857 7.473801 -7.444221 7.408353 -7.341599 7.202034 -7.030373 6.773053 -6.417360 5.850341 -4.129898 0.000000 6.773053
264.460857 7.473944 -7.444528 7.408846 -7.342425 7.203679 -7.032927 6.777012 -6.423437 5.857973 -4.152880 0.000000 6.777012
264.560857 7.474086 -7.444834 7.409336 -7.343247 7.205316 -7.035467 6.780950 -6.429478 5.865578 -4.175701 0.000000 6.780950
264.660857 7.474228 -7.445138 7.409823 -7.344065 7.206943 -7.037993 6.784868 -6.435482 5.873157 -4.198364 0.000000 6.784868
264.760857 7.474369 -7.445441 7.410308 -7.344878 7.208561 -7.040505 6.788765 -6.441450 5.880710 -4.220868 0.000000 6.788765
264.860857 7.474509 -7.445742 7.410790 -7.345687 7.210170 -7.043004 6.792640 -6.447382 5.888237 -4.243215 0.000000 6.792640
264.960857 7.474648 -7.446041 7.411269 -7.346492 7.211770 -7.045489 6.796496 -6.453279 5.895737 -4.265406 0.000000 6.796496
265.060857 7.474787 -7.446338 7.411746 -7.347293 7.213362 -7.047960 6.800330 -6.459140 5.903210 -4.287443 0.000000 6.800330
265.160857 7.474925 -7.446634 7.412220 -7.348090 7.214944 -7.050418 6.804145 -6.464966 5.910658 -4.309326 0.000000 6.804145
265.260857 7.475062 -7.446928 7.412692 -7.348883 7.216518 -7.052862 6.807938 -6.470757 5.918078 -4.331056 0.000000 6.807938
265.360857 7.475198 -7.447221 7.413161 -7.349672 7.218082 -7.055294 6.811712 -6.476513 5.925473 -4.352635 0.000000 6.811712
265.460857 7.475334 -7.447512 7.413628 -7.350457 7.219639 -7.057712 6.815466 -6.482235 5.932841 -4.374064 0.000000 6.815466
265.560857 7.475469 -7.447801 7.414092 -7.351238 7.221186 -7.060116 6.819199 -6.487923 5.940182 -4.395343 0.000000 6.819199
265.660857 7.475603 -7.448089 7.414554 -7.352014 7.222725 -7.062508 6.822913 -6.493576 5.947498 -4.416474 0.000000 6.822913
265.760857 7.475736 -7.448375 7.415013 -7.352787 7.224255 -7.064887 6.826606 -6.499196 5.954786 -4.437458 0.000000 6.826606
265.860857 7.475869 -7.448660 7.415469 -7.353556 7.225777 -7.067252 6.830280 -6.504782 5.962049 -4.458296 0.000000 6.830280
265.960857 7.476001 -7.448943 7.415923 -7.354321 7.227290 -7.069605 6.833935 -6.510335 5.969285 -4.478989 0.000000 6.833935
266.060857 7.476132 -7.449224 7.416375 -7.355082 7.228795 -7.071945 6.837569 -6.515855 5.976494 -4.499537 0.000000 6.837569
266.160857 7.476262 -7.449504 7.416824 -7.355839 7.230292 -7.074273 6.841185 -6.521342 5.983678 -4.519943 0.000000 6.841185
266.260857 7.476392 -7.449782 7.417271 -7.356593 7.231780 -7.076587 6.844781 -6.526796 5.990834 -4.540207 0.000000 6.844781
266.360857 7.476521 -7.450059 7.417715 -7.357342 7.233260 -7.078889 6.848357 -6.532218 5.997965 -4.560329 0.000000 6.848357
266.460857 7.476650 -7.450334 7.418157 -7.358088 7.234732 -7.081179 6.851915 -6.537608 6.005069 -4.580312 0.000000 6.851915
266.560857 7.476777 -7.450608 7.418596 -7.358830 7.236195 -7.083456 6.855453 -6.542965 6.012147 -4.600156 0.000000 6.855453
266.660857 7.476904 -7.450880 7.419034 -7.359568 7.237651 -7.085720 6.858973 -6.548291 6.019199 -4.619862 0.000000 6.858973
266.760857 7.477031 -7.451151 7.419468 -7.360302 7.239098 -7.087973 6.862474 -6.553585 6.026224 -4.639431 0.000000 6.862474
266.860857 7.477156 -7.451420 7.419901 -7.361032 7.240537 -7.090213 6.865956 -6.558848 6.033223 -4.658863 0.000000 6.865956
266.960857 7.477281 -7.451688 7.420331 -7.361759 7.241968 -7.092440 6.869419 -6.564080 6.040196 -4.678161 0.000000 6.869419
267.060857 7.477405 -7.451954 7.420759 -7.362482 7.243392 -7.094656 6.872864 -6.569281 6.047142 -4.697325 0.000000 6.872864
267.160857 7.477529 -7.452219 7.421184 -7.363201 7.244807 -7.096860 6.876290 -6.574450 6.054063 -4.716355 0.000000 6.876290
267.260857 7.477652 -7.452482 7.421607 -7.363917 7.246214 -7.099052 6.879697 -6.579590 6.060957 -4.735253 0.000000 6.879697
267.360857 7.477774 -7.452744 7.422028 -7.364629 7.247614 -7.101231 6.883087 -6.584699 6.067825 -4.754021 0.000000 6.883087
267.460857 7.477896 -7.453004 7.422447 -7.365337 7.249006 -7.103399 6.886458 -6.589778 6.074667 -4.772657 0.000000 6.886458
267.560857 7.478017 -7.453263 7.422863 -7.366042 7.250390 -7.105555 6.889811 -6.594827 6.081482 -4.791165 0.000000 6.889811
267.660857 7.478137 -7.453521 7.423277 -7.366743 7.251766 -7.107700 6.893147 -6.599846 6.088272 -4.809543 0.000000 6.893147
267.760857 7.478256 -7.453777 7.423689 -7.367440 7.253135 -7.109832 6.896464 -6.604835 6.095036 -4.827795 0.000000 6.896464
267.860857 7.478375 -7.454032 7.424098 -7.368134 7.254496 -7.111954 6.899763 -6.609795 6.101773 -4.845919 0.000000 6.899763
267.960857 7.478494 -7.454285 7.424506 -7.368825 7.255850 -7.114063 6.903045 -6.614726 6.108485 -4.863918 0.000000 6.903045
268.060857 7.478611 -7.454537 7.424911 -7.369511 7.257196 -7.116161 6.906309 -6.619628 6.115171 -4.881792 0.000000 6.906309
268.160857 7.478728 -7.454787 7.425314 -7.370195 7.258535 -7.118248 6.909555 -6.624502 6.121830 -4.899543 0.000000 6.909555
268.260857 7.478845 -7.455036 7.425715 -7.370874 7.259866 -7.120323 6.912784 -6.629346 6.128464 -4.917170 0.000000 6.912784
268.360857 7.478960 -7.455284 7.426113 -7.371551 7.261190 -7.122387 6.915995 -6.634162 6.135072 -4.934674 0.000000 6.915995
268.460857 7.479075 -7.455530 7.426510 -7.372223 7.262506 -7.124440 6.919190 -6.638950 6.141654 -4.952058 0.000000 6.919190
268.560857 7.479190 -7.455775 7.426904 -7.372893 7.263815 -7.126482 6.922367 -6.643710 6.148211 -4.969321 0.000000 6.922367
268.660857 7.479304 -7.456019 7.427296 -7.373559 7.265117 -7.128513 6.925526 -6.648442 6.154741 -4.986464 0.000000 6.925526
268.760857 7.479417 -7.456261 7.427686 -7.374221 7.266411 -7.130532 6.928669 -6.653147 6.161246 -5.003489 0.000000 6.928669
268.860857 7.479529 -7.456502 7.428074 -7.374880 7.267699 -7.132541 6.931795 -6.657823 6.167725 -5.020395 0.000000 6.931795
268.960857 7.479641 -7.456742 7.428460 -7.375536 7.268979 -7.134538 6.934904 -6.662473 6.174179 -5.037185 0.000000 6.934904
269.060857 7.479753 -7.456980 7.428844 -7.376188 7.270252 -7.136525 6.937996 -6.667095 6.180607 -5.053858 0.000000 6.937996
269.160857 7.479864 -7.457217 7.429225 -7.376837 7.271518 -7.138501 6.941072 -6.671690 6.187009 -5.070416 0.000000 6.941072
269.260857 7.479974 -7.457452 7.429605 -7.377483 7.272777 -7.140467 6.944131 -6.676259 6.193386 -5.086859 0.000000 6.944131
269.360857 7.480083 -7.457687 7.429983 -7.378125 7.274029 -7.142421 6.947173 -6.680801 6.199737 -5.103188 0.000000 6.947173
269.460857 7.480192 -7.457920 7.430358 -7.378764 7.275274 -7.144365 6.950199 -6.685316 6.206063 -5.119405 0.000000 6.950199
269.560857 7.480301 -7.458151 7.430732 -7.379400 7.276513 -7.146299 6.953209 -6.689805 6.212364 -5.135509 0.000000 6.953209
269.660857 7.480409 -7.458382 7.431103 -7.380032 7.277744 -7.148221 6.956202 -6.694268 6.218639 -5.151502 0.000000 6.956202
269.760857 7.480516 -7.458611 7.431473 -7.380662 7.278968 -7.150134 6.959180 -6.698706 6.224889 -5.167384 0.000000 6.959180
269.860857 7.480622 -7.458839 7.431840 -7.381288 7.280186 -7.152036 6.962141 -6.703117 6.231113 -5.183156 0.000000 6.962141
269.960857 7.480728 -7.459066 7.432206 -7.381910 7.281397 -7.153928 6.965086 -6.707503 6.237313 -5.198820 0.000000 6.965086
270.060857 7.480834 -7.459291 7.432569 -7.382530 7.282601 -7.155809 6.968015 -6.711863 6.243487 -5.214374 0.000000 6.968015
270.160857 7.480939 -7.459515 7.432931 -7.383146 7.283798 -7.157681 6.970928 -6.716198 6.249636 -5.229822 0.000000 6.970928
270.260857 7.481043 -7.459738 7.433290 -7.383759 7.284989 -7.159542 6.973826 -6.720508 6.255760 -5.245163 0.000000 6.973826
270.360857 7.481147 -7.459960 7.433648 -7.384369 7.286173 -7.161393 6.976707 -6.724792 6.261859 -5.260397 0.000000 6.976707
270.460857 7.481250 -7.460180 7.434004 -7.384976 7.287351 -7.163234 6.979574 -6.729052 6.267933 -5.275527 0.000000 6.979574
270.560857 7.481353 -7.460399 7.434358 -7.385580 7.288522 -7.165064 6.982424 -6.733288 6.273982 -5.290552 0.000000 6.982424
270.660857 7.481455 -7.460617 7.434710 -7.386181 7.289687 -7.166885 6.985260 -6.737499 6.280006 -5.305473 0.000000 6.985260
270.760857 7.481556 -7.460834 7.435060 -7.386778 7.290845 -7.168697 6.988080 -6.741685 6.286005 -5.320291 0.000000 6.988080
270.860857 7.481657 -7.461050 7.435408 -7.387373 7.291997 -7.170498 6.990884 -6.745848 6.291980 -5.335007 0.000000 6.990884
270.960857 7.481757 -7.461264 7.435754 -7.387964 7.293142 -7.172289 6.993674 -6.749986 6.297929 -5.349621 0.000000 6.993674
271.060857 7.481857 -7.461477 7.436098 -7.388552 7.294281 -7.174071 6.996448 -6.754100 6.303855 -5.364135 0.000000 6.996448
271.160857 7.481957 -7.461689 7.436441 -7.389138 7.295414 -7.175843 6.999207 -6.758191 6.309755 -5.378548 0.000000 6.999207
271.260857 7.482055 -7.461900 7.436782 -7.389720 7.296540 -7.177606 7.001951 -6.762258 6.315631 -5.392862 0.000000 7.001951
271.360857 7.482154 -7.462110 7.437121 -7.390299 7.297660 -7.179358 7.004681 -6.766302 6.321482 -5.407077 0.000000 7.004681
271.460857 7.482251 -7.462319 7.437458 -7.390876 7.298774 -7.181102 7.007395 -6.770323 6.327309 -5.421194 0.000000 7.007395
271.560857 7.482348 -7.462526 7.437793 -7.391449 7.299882 -7.182836 7.010095 -6.774320 6.333112 -5.435214 0.000000 7.010095
271.660857 7.482445 -7.462732 7.438126 -7.392019 7.300983 -7.184560 7.012781 -6.778294 6.338890 -5.449137 0.000000 7.012781
271.760857 7.482541 -7.462937 7.438458 -7.392587 7.302079 -7.186275 7.015451 -6.782246 6.344644 -5.462964 0.000000 7.015451
271.860857 7.482637 -7.463141 7.438788 -7.393151 7.303168 -7.187981 7.018107 -6.786175 6.350373 -5.476695 0.000000 7.018107
271.960857 7.482732 -7.463344 7.439116 -7.393713 7.304251 -7.189678 7.020749 -6.790081 6.356079 -5.490332 0.000000 7.020749
272.060857 7.482826 -7.463546 7.439442 -7.394272 7.305329 -7.191365 7.023376 -6.793965 6.361760 -5.503876 0.000000 7.023376
272.160857 7.482920 -7.463746 7.439766 -7.394827 7.306400 -7.193043 7.025989 -6.797827 6.367417 -5.517325 0.000000 7.025989
272.260857 7.483014 -7.463946 7.440089 -7.395380 7.307466 -7.194712 7.028588 -6.801666 6.373050 -5.530683 0.000000 7.028588
272.360857 7.483107 -7.464144 7.440410 -7.395930 7.308525 -7.196372 7.031173 -6.805484 6.378660 -5.543948 0.000000 7.031173
272.460857 7.483199 -7.464342 7.440729 -7.396478 7.309579 -7.198023 7.033744 -6.809279 6.384245 -5.557122 0.000000 7.033744
272.560857 7.483291 -7.464538 7.441047 -7.397022 7.310627 -7.199666 7.036300 -6.813053 6.389806 -5.570205 0.000000 7.036300
272.660857 7.483383 -7.464733 7.441363 -7.397563 7.311669 -7.201299 7.038843 -6.816806 6.395344 -5.583198 0.000000 7.038843
272.760857 7.483474 -7.464927 7.441677 -7.398102 7.312705 -7.202923 7.041372 -6.820537 6.400858 -5.596102 0.000000 7.041372
272.860857 7.483564 -7.465120 7.441989 -7.398638 7.313735 -7.204538 7.043887 -6.824246 6.406349 -5.608917 0.000000 7.043887
272.960857 7.483654 -7.465312 7.442300 -7.399171 7.314760 -7.206145 7.046389 -6.827935 6.411815 -5.621644 0.000000 7.046389
273.060857 7.483744 -7.465503 7.442609 -7.399702 7.315779 -7.207743 7.048876 -6.831602 6.417259 -5.634283 0.000000 7.048876
273.160857 7.483833 -7.465692 7.442917 -7.400230 7.316792 -7.209332 7.051351 -6.835249 6.422678 -5.646835 0.000000 7.051351
273.260857 7.483921 -7.465881 7.443222 -7.400755 7.317800 -7.210913 7.053812 -6.838875 6.428075 -5.659301 0.000000 7.053812
273.360857 7.484009 -7.466069 7.443527 -7.401277 7.318802 -7.212485 7.056259 -6.842480 6.433448 -5.671681 0.000000 7.056259
273.460857 7.484097 -7.466255 7.443829 -7.401796 7.319799 -7.214049 7.058693 -6.846064 6.438797 -5.683977 0.000000 7.058693
273.560857 7.484184 -7.466441 7.444130 -7.402313 7.320790 -7.215604 7.061114 -6.849629 6.444124 -5.696187 0.000000 7.061114
273.660857 7.484270 -7.466626 7.444429 -7.402828 7.321776 -7.217150 7.063522 -6.853172 6.449427 -5.708314 0.000000 7.063522
273.760857 7.484357 -7.466809 7.444727 -7.403339 7.322756 -7.218689 7.065916 -6.856696 6.454707 -5.720357 0.000000 7.065916
273.860857 7.484442 -7.466992 7.445023 -7.403848 7.323731 -7.220219 7.068298 -6.860200 6.459964 -5.732318 0.000000 7.068298
273.960857 7.484527 -7.467173 7.445317 -7.404354 7.324700 -7.221740 7.070666 -6.863684 6.465199 -5.744197 0.000000 7.070666
274.060857 7.484612 -7.467354 7.445610 -7.404858 7.325664 -7.223254 7.073022 -6.867148 6.470410 -5.755994 0.000000 7.073022
274.160857 7.484696 -7.467533 7.445901 -7.405359 7.326623 -7.224759 7.075365 -6.870593 6.475598 -5.767710 0.000000 7.075365
274.260857 7.484780 -7.467712 7.446191 -7.405857 7.327576 -7.226256 7.077695 -6.874018 6.480764 -5.779345 0.000000 7.077695
274.360857 7.484864 -7.467889 7.446479 -7.406353 7.328524 -7.227744 7.080012 -6.877423 6.485907 -5.790901 0.000000 7.080012
274.460857 7.484946 -7.468066 7.446766 -7.406846 7.329467 -7.229225 7.082317 -6.880809 6.491027 -5.802377 0.000000 7.082317
274.560857 7.485029 -7.468242 7.447051 -7.407337 7.330405 -7.230698 7.084609 -6.884176 6.496125 -5.813775 0.000000 7.084609
274.660857 7.485111 -7.468416 7.447334 -7.407825 7.331337 -7.232163 7.086888 -6.887525 6.501200 -5.825094 0.000000 7.086888
274.760857 7.485192 -7.468590 7.447616 -7.408311 7.332264 -7.233619 7.089155 -6.890854 6.506253 -5.836336 0.000000 7.089155
274.860857 7.485273 -7.468763 7.447897 -7.408794 7.333187 -7.235068 7.091410 -6.894164 6.511283 -5.847501 0.000000 7.091410
274.960857 7.485354 -7.468934 7.448176 -7.409275 7.334104 -7.236509 7.093652 -6.897456 6.516291 -5.858589 0.000000 7.093652
275.060857 7.485434 -7.469105 7.448453 -7.409753 7.335015 -7.237943 7.095883 -6.900729 6.521277 -5.869601 0.000000 7.095883
275.160857 7.485514 -7.469275 7.448729 -7.410229 7.335922 -7.239368 7.098101 -6.903983 6.526240 -5.880538 0.000000 7.098101
275.260857 7.485593 -7.469444 7.449004 -7.410702 7.336824 -7.240786 7.100306 -6.907219 6.531182 -5.891399 0.000000 7.100306
275.360857 7.485672 -7.469612 7.449277 -7.411172 7.337721 -7.242196 7.102500 -6.910437 6.536101 -5.902187 0.000000 7.102500
275.460857 7.485751 -7.469779 7.449548 -7.411641 7.338613 -7.243598 7.104682 -6.913637 6.540999 -5.912900 0.000000 7.104682
275.560857 7.485829 -7.469945 7.449818 -7.412107 7.339500 -7.244993 7.106852 -6.916819 6.545874 -5.923540 0.000000 7.106852
275.660857 7.485907 -7.470110 7.450087 -7.412570 7.340382 -7.246380 7.109010 -6.919983 6.550728 -5.934107 0.000000 7.109010
275.760857 7.485984 -7.470275 7.450354 -7.413031 7.341259 -7.247760 7.111156 -6.923129 6.555560 -5.944602 0.000000 7.111156
275.860857 7.486060 -7.470438 7.450620 -7.413490 7.342131 -7.249132 7.113291 -6.926258 6.560370 -5.955024 0.000000 7.113291
275.960857 7.486137 -7.470600 7.450884 -7.413946 7.342999 -7.250497 7.115414 -6.929368 6.565158 -5.965376 0.000000 7.115414
276.060857 7.486213 -7.470762 7.451147 -7.414400 7.343862 -7.251854 7.117525 -6.932462 6.569925 -5.975657 0.000000 7.117525
276.160857 7.486288 -7.470923 7.451409 -7.414851 7.344720 -7.253204 7.119624 -6.935538 6.574670 -5.985867 0.000000 7.119624
276.260857 7.486363 -7.471083 7.451669 -7.415300 7.345573 -7.254547 7.121713 -6.938596 6.579394 -5.996007 0.000000 7.121713
276.360857 7.486438 -7.471242 7.451928 -7.415747 7.346421 -7.255882 7.123789 -6.941638 6.584097 -6.006078 0.000000 7.123789
276.460857 7.486512 -7.471400 7.452185 -7.416192 7.347265 -7.257210 7.125855 -6.944662 6.588778 -6.016080 0.000000 7.125855
276.560857 7.486586 -7.471557 7.452441 -7.416634 7.348104 -7.258531 7.127909 -6.947670 6.593438 -6.026014 0.000000 7.127909
276.660857 7.486660 -7.471713 7.452695 -7.417074 7.348938 -7.259845 7.129952 -6.950661 6.598077 -6.035880 0.000000 7.129952
276.760857 7.486733 -7.471868 7.452948 -7.417511 7.349768 -7.261151 7.131984 -6.953635 6.602695 -6.045678 0.000000 7.131984
276.860857 7.486806 -7.472023 7.453200 -7.417947 7.350594 -7.262451 7.134004 -6.956592 6.607291 -6.055410 0.000000 7.134004
276.960857 7.486878 -7.472177 7.453451 -7.418380 7.351414 -7.263743 7.136014 -6.959533 6.611867 -6.065074 0.000000 7.136014
277.060857 7.486950 -7.472330 7.453700 -7.418811 7.352230 -7.265029 7.138012 -6.962457 6.616422 -6.074673 0.000000 7.138012
277.160857 7.487021 -7.472482 7.453948 -7.419239 7.353042 -7.266307 7.140000 -6.965365 6.620956 -6.084206 0.000000 7.140000
277.260857 7.487092 -7.472633 7.454194 -7.419666 7.353849 -7.267579 7.141976 -6.968257 6.625469 -6.093674 0.000000 7.141976
277.360857 7.487163 -7.472783 7.454439 -7.420090 7.354652 -7.268843 7.143942 -6.971132 6.629961 -6.103078 0.000000 7.143942
277.460857 7.487233 -7.472933 7.454683 -7.420512 7.355450 -7.270101 7.145897 -6.973992 6.634433 -6.112417 0.000000 7.145897
277.560857 7.487303 -7.473081 7.454925 -7.420931 7.356244 -7.271352 7.147842 -6.976835 6.638885 -6.121692 0.000000 7.147842
277.660857 7.487373 -7.473229 7.455167 -7.421349 7.357033 -7.272596 7.149775 -6.979663 6.643315 -6.130904 0.000000 7.149775
277.760857 7.487442 -7.473376 7.455407 -7.421764 7.357818 -7.273834 7.151699 -6.982475 6.647726 -6.140054 0.000000 7.151699
277.860857 7.487511 -7.473523 7.455645 -7.422178 7.358599 -7.275064 7.153611 -6.985271 6.652116 -6.149140 0.000000 7.153611
277.960857 7.487579 -7.473668 7.455882 -7.422589 7.359376 -7.276288 7.155513 -6.988052 6.656486 -6.158165 0.000000 7.155513
278.060857 7.487647 -7.473813 7.456118 -7.422997 7.360148 -7.277506 7.157405 -6.990817 6.660836 -6.167128 0.000000 7.157405
278.160857 7.487715 -7.473957 7.456353 -7.423404 7.360916 -7.278717 7.159286 -6.993567 6.665165 -6.176030 0.000000 7.159286
278.260857 7.487782 -7.474100 7.456587 -7.423809 7.361679 -7.279921 7.161157 -6.996301 6.669474 -6.184872 0.000000 7.161157
278.360857 7.487849 -7.474242 7.456819 -7.424211 7.362439 -7.281119 7.163018 -6.999020 6.673764 -6.193653 0.000000 7.163018
278.460857 7.487916 -7.474383 7.457050 -7.424612 7.363194 -7.282310 7.164869 -7.001724 6.678033 -6.202374 0.000000 7.164869
278.560857 7.487982 -7.474524 7.457280 -7.425010 7.363945 -7.283494 7.166709 -7.004413 6.682283 -6.211035 0.000000 7.166709
278.660857 7.488048 -7.474664 7.457508 -7.425407 7.364692 -7.284673 7.168539 -7.007088 6.686513 -6.219638 0.000000 7.168539
278.760857 7.488113 -7.474803 7.457736 -7.425801 7.365434 -7.285845 7.170359 -7.009747 6.690723 -6.228182 0.000000 7.170359
278.860857 7.488179 -7.474942 7.457962 -7.426193 7.366173 -7.287010 7.172170 -7.012392 6.694914 -6.236668 0.000000 7.172170
278.960857 7.488243 -7.475079 7.458187 -7.426583 7.366908 -7.288169 7.173970 -7.015021 6.699084 -6.245096 0.000000 7.173970
279.060857 7.488308 -7.475216 7.458410 -7.426971 7.367638 -7.289322 7.175761 -7.017637 6.703236 -6.253466 0.000000 7.175761
279.160857 7.488372 -7.475352 7.458633 -7.427357 7.368365 -7.290469 7.177541 -7.020237 6.707368 -6.261780 0.000000 7.177541
279.260857 7.488436 -7.475487 7.458854 -7.427741 7.369087 -7.291610 7.179312 -7.022824 6.711480 -6.270037 0.000000 7.179312
279.360857 7.488499 -7.475622 7.459074 -7.428123 7.369806 -7.292744 7.181073 -7.025396 6.715574 -6.278237 0.000000 7.181073
279.460857 7.488562 -7.475756 7.459293 -7.428503 7.370520 -7.293872 7.182825 -7.027954 6.719648 -6.286382 0.000000 7.182825
279.560857 7.488625 -7.475889 7.459511 -7.428882 7.371231 -7.294994 7.184567 -7.030497 6.723703 -6.294472 0.000000 7.184567
279.660857 7.488687 -7.476021 7.459727 -7.429258 7.371937 -7.296110 7.186299 -7.033027 6.727739 -6.302506 0.000000 7.186299
279.760857 7.488749 -7.476153 7.459943 -7.429632 7.372640 -7.297220 7.188022 -7.035542 6.731756 -6.310486 0.000000 7.188022
279.860857 7.488811 -7.476284 7.460157 -7.430004 7.373339 -7.298324 7.189735 -7.038044 6.735753 -6.318411 0.000000 7.189735
279.960857 7.488872 -7.476414 7.460370 -7.430374 7.374034 -7.299421 7.191439 -7.040532 6.739732 -6.326283 0.000000 7.191439
280.060857 7.488933 -7.476544 7.460582 -7.430743 7.374725 -7.300513 7.193134 -7.043006 6.743693 -6.334101 0.000000 7.193134
280.160857 7.488994 -7.476672 7.460793 -7.431109 7.375412 -7.301599 7.194819 -7.045467 6.747634 -6.341865 0.000000 7.194819
280.260857 7.489054 -7.476800 7.461003 -7.431473 7.376096 -7.302679 7.196495 -7.047913 6.751557 -6.349577 0.000000 7.196495
280.360857 7.489114 -7.476928 7.461211 -7.431836 7.376776 -7.303753 7.198162 -7.050347 6.755461 -6.357237 0.000000 7.198162
280.460857 7.489174 -7.477054 7.461419 -7.432197 7.377452 -7.304822 7.199819 -7.052767 6.759347 -6.364844 0.000000 7.199819
280.560857 7.489233 -7.477180 7.461625 -7.432555 7.378124 -7.305884 7.201468 -7.055173 6.763214 -6.372400 0.000000 7.201468
280.660857 7.489292 -7.477306 7.461830 -7.432912 7.378793 -7.306941 7.203107 -7.057566 6.767063 -6.379905 0.000000 7.203107
280.760857 7.489351 -7.477430 7.462034 -7.433267 7.379457 -7.307992 7.204738 -7.059947 6.770893 -6.387358 0.000000 7.204738
280.860857 7.489409 -7.477554 7.462237 -7.433621 7.380119 -7.309038 7.206359 -7.062314 6.774705 -6.394761 0.000000 7.206359
280.960857 7.489467 -7.477677 7.462439 -7.433972 7.380776 -7.310077 7.207972 -7.064667 6.778499 -6.402114 0.000000 7.207972
281.060857 7.489525 -7.477800 7.462640 -7.434321 7.381430 -7.311111 7.209576 -7.067008 6.782275 -6.409416 0.000000 7.209576
281.160857 7.489582 -7.477922 7.462840 -7.434669 7.382080 -7.312140 7.211171 -7.069337 6.786033 -6.416669 0.000000 7.211171
281.260857 7.489639 -7.478043 7.463039 -7.435015 7.382727 -7.313163 7.212757 -7.071652 6.789773 -6.423873 0.000000 7.212757
281.360857 7.489696 -7.478163 7.463236 -7.435359 7.383370 -7.314180 7.214334 -7.073954 6.793495 -6.431028 0.000000 7.214334
281.460857 7.489753 -7.478283 7.463433 -7.435701 7.384010 -7.315192 7.215903 -7.076244 6.797199 -6.438134 0.000000 7.215903
281.560857 7.489809 -7.478402 7.463628 -7.436042 7.384646 -7.316198 7.217463 -7.078522 6.800886 -6.445192 0.000000 7.217463
281.660857 7.489865 -7.478521 7.463823 -7.436380 7.385279 -7.317199 7.219015 -7.080786 6.804554 -6.452203 0.000000 7.219015
281.760857 7.489920 -7.478639 7.464016 -7.436717 7.385908 -7.318194 7.220558 -7.083039 6.808205 -6.459165 0.000000 7.220558
281.860857 7.489975 -7.478756 7.464209 -7.437053 7.386533 -7.319184 7.222093 -7.085279 6.811839 -6.466081 0.000000 7.222093
281.960857 7.490030 -7.478872 7.464400 -7.437386 7.387156 -7.320169 7.223619 -7.087507 6.815455 -6.472949 0.000000 7.223619
282.060857 7.490085 -7.478988 7.464590 -7.437718 7.387774 -7.321148 7.225137 -7.089722 6.819053 -6.479771 0.000000 7.225137
282.160857 7.490139 -7.479103 7.464780 -7.438048 7.388390 -7.322122 7.226646 -7.091925 6.822634 -6.486547 0.000000 7.226646
282.260857 7.490193 -7.479218 7.464968 -7.438376 7.389002 -7.323091 7.228147 -7.094117 6.826198 -6.493277 0.000000 7.228147
282.360857 7.490247 -7.479332 7.465155 -7.438702 7.389610 -7.324055 7.229640 -7.096296 6.829745 -6.499961 0.000000 7.229640
282.460857 7.490301 -7.479445 7.465342 -7.439027 7.390215 -7.325013 7.231125 -7.098463 6.833274 -6.506600 0.000000 7.231125
282.560857 7.490354 -7.479558 7.465527 -7.439350 7.390817 -7.325966 7.232601 -7.100619 6.836787 -6.513194 0.000000 7.232601
282.660857 7.490407 -7.479670 7.465711 -7.439671 7.391416 -7.326914 7.234069 -7.102762 6.840282 -6.519743 0.000000 7.234069
282.760857 7.490459 -7.479782 7.465895 -7.439991 7.392011 -7.327856 7.235530 -7.104894 6.843761 -6.526248 0.000000 7.235530
282.860857 7.490512 -7.479893 7.466077 -7.440309 7.392603 -7.328794 7.236982 -7.107014 6.847222 -6.532709 0.000000 7.236982
282.960857 7.490564 -7.480003 7.466258 -7.440625 7.393192 -7.329726 7.238426 -7.109123 6.850667 -6.539126 0.000000 7.238426
283.060857 7.490615 -7.480113 7.466439 -7.440940 7.393777 -7.330654 7.239862 -7.111220 6.854095 -6.545500 0.000000 7.239862
283.160857 7.490667 -7.480222 7.466618 -7.441253 7.394360 -7.331576 7.241291 -7.113306 6.857506 -6.551830 0.000000 7.241291
283.260857 7.490718 -7.480330 7.466797 -7.441565 7.394939 -7.332493 7.242711 -7.115380 6.860901 -6.558118 0.000000 7.242711
283.360857 7.490769 -7.480438 7.466974 -7.441874 7.395514 -7.333406 7.244124 -7.117443 6.864279 -6.564363 0.000000 7.244124
283.460857 7.490820 -7.480545 7.467151 -7.442183 7.396087 -7.334313 7.245529 -7.119494 6.867641 -6.570566 0.000000 7.245529
283.560857 7.490870 -7.480652 7.467326 -7.442489 7.396657 -7.335216 7.246926 -7.121535 6.870986 -6.576727 0.000000 7.246926
283.660857 7.490920 -7.480758 7.467501 -7.442794 7.397223 -7.336113 7.248316 -7.123564 6.874315 -6.582846 0.000000 7.248316
283.760857 7.490970 -7.480864 7.467675 -7.443097 7.397786 -7.337006 7.249698 -7.125582 6.877627 -6.588924 0.000000 7.249698
283.860857 7.491019 -7.480969 7.467847 -7.443399 7.398346 -7.337894 7.251072 -7.127589 6.880924 -6.594961 0.000000 7.251072
283.960857 7.491068 -7.481073 7.468019 -7.443699 7.398903 -7.338777 7.252439 -7.129586 6.884204 -6.600957 0.000000 7.252439
284.060857 7.491117 -7.481177 7.468190 -7.443998 7.399457 -7.339655 7.253798 -7.131571 6.887468 -6.606912 0.000000 7.253798
284.160857 7.491166 -7.481280 7.468360 -7.444295 7.400008 -7.340529 7.255150 -7.133545 6.890716 -6.612828 0.000000 7.255150
284.260857 7.491215 -7.481383 7.468529 -7.444590 7.400556 -7.341398 7.256494 -7.135509 6.893949 -6.618703 0.000000 7.256494
284.360857 7.491263 -7.481485 7.468698 -7.444884 7.401101 -7.342262 7.257831 -7.137462 6.897165 -6.624538 0.000000 7.257831
284.460857 7.491311 -7.481586 7.468865 -7.445177 7.401643 -7.343121 7.259160 -7.139405 6.900365 -6.630334 0.000000 7.259160
284.560857 7.491358 -7.481687 7.469031 -7.445467 7.402182 -7.343976 7.260483 -7.141336 6.903550 -6.636091 0.000000 7.260483
284.660857 7.491406 -7.481787 7.469197 -7.445757 7.402718 -7.344826 7.261798 -7.143258 6.906719 -6.641809 0.000000 7.261798
284.760857 7.491453 -7.481887 7.469362 -7.446044 7.403251 -7.345671 7.263105 -7.145169 6.909872 -6.647489 0.000000 7.263105
284.860857 7.491500 -7.481987 7.469525 -7.446331 7.403781 -7.346512 7.264406 -7.147069 6.913010 -6.653130 0.000000 7.264406
284.960857 7.491546 -7.482085 7.469688 -7.446616 7.404308 -7.347348 7.265699 -7.148959 6.916133 -6.658733 0.000000 7.265699
285.060857 7.491593 -7.482184 7.469850 -7.446899 7.404832 -7.348180 7.266985 -7.150839 6.919239 -6.664298 0.000000 7.266985
285.160857 7.491639 -7.482281 7.470011 -7.447181 7.405354 -7.349007 7.268264 -7.152709 6.922331 -6.669826 0.000000 7.268264
285.260857 7.491685 -7.482378 7.470172 -7.447461 7.405872 -7.349830 7.269537 -7.154568 6.925407 -6.675316 0.000000 7.269537
285.360857 7.491730 -7.482475 7.470331 -7.447740 7.406388 -7.350648 7.270802 -7.156418 6.928468 -6.680769 0.000000 7.270802
285.460857 7.491776 -7.482571 7.470490 -7.448017 7.406900 -7.351462 7.272060 -7.158257 6.931514 -6.686186 0.000000 7.272060
285.560857 7.491821 -7.482666 7.470647 -7.448293 7.407410 -7.352272 7.273311 -7.160086 6.934545 -6.691566 0.000000 7.273311
285.660857 7.491865 -7.482761 7.470804 -7.448568 7.407918 -7.353077 7.274555 -7.161906 6.937560 -6.696910 0.000000 7.274555
285.760857 7.491910 -7.482856 7.470960 -7.448841 7.408422 -7.353877 7.275793 -7.163715 6.940561 -6.702217 0.000000 7.275793
285.860857 7.491954 -7.482950 7.471116 -7.449112 7.408923 -7.354673 7.277023 -7.165515 6.943547 -6.707489 0.000000 7.277023
285.960857 7.491999 -7.483043 7.471270 -7.449382 7.409422 -7.355465 7.278247 -7.167305 6.946518 -6.712726 0.000000 7.278247
286.060857 7.492042 -7.483136 7.471423 -7.449651 7.409918 -7.356253 7.279464 -7.169085 6.949474 -6.717927 0.000000 7.279464
286.160857 7.492086 -7.483229 7.471576 -7.449918 7.410412 -7.357036 7.280675 -7.170855 6.952415 -6.723093 0.000000 7.280675
286.260857 7.492130 -7.483321 7.471728 -7.450184 7.410902 -7.357816 7.281878 -7.172616 6.955342 -6.728224 0.000000 7.281878
286.360857 7.492173 -7.483412 7.471879 -7.450449 7.411390 -7.358590 7.283075 -7.174368 6.958254 -6.733321 0.000000 7.283075
286.460857 7.492216 -7.483503 7.472029 -7.450712 7.411875 -7.359361 7.284266 -7.176110 6.961152 -6.738383 0.000000 7.284266
286.560857 7.492258 -7.483593 7.472179 -7.450974 7.412358 -7.360128 7.285450 -7.177842 6.964035 -6.743411 0.000000 7.285450
286.660857 7.492301 -7.483683 7.472328 -7.451234 7.412838 -7.360890 7.286627 -7.179565 6.966903 -6.748406 0.000000 7.286627
286.760857 7.492343 -7.483772 7.472476 -7.451493 7.413315 -7.361648 7.287798 -7.181279 6.969758 -6.753366 0.000000 7.287798
286.860857 7.492385 -7.483861 7.472623 -7.451751 7.413790 -7.362402 7.288963 -7.182984 6.972598 -6.758294 0.000000 7.288963
286.960857 7.492427 -7.483950 7.472769 -7.452007 7.414262 -7.363152 7.290121 -7.184679 6.975424 -6.763188 0.000000 7.290121
287.060857 7.492468 -7.484038 7.472914 -7.452262 7.414731 -7.363898 7.291273 -7.186365 6.978235 -6.768049 0.000000 7.291273
287.160857 7.492510 -7.484125 7.473059 -7.452516 7.415198 -7.364640 7.292418 -7.188042 6.981033 -6.772878 0.000000 7.292418
287.260857 7.492551 -7.484212 7.473203 -7.452768 7.415662 -7.365378 7.293557 -7.189710 6.983816 -6.777674 0.000000 7.293557
287.360857 7.492591 -7.484299 7.473346 -7.453019 7.416124 -7.366111 7.294690 -7.191369 6.986586 -6.782438 0.000000 7.294690
287.460857 7.492632 -7.484385 7.473489 -7.453269 7.416583 -7.366841 7.295816 -7.193019 6.989341 -6.787170 0.000000 7.295816
287.560857 7.492673 -7.484470 7.473630 -7.453517 7.417040 -7.367567 7.296937 -7.194660 6.992083 -6.791870 0.000000 7.296937
287.660857 7.492713 -7.484555 7.473771 -7.453764 7.417494 -7.368289 7.298051 -7.196292 6.994811 -6.796538 0.000000 7.298051
287.760857 7.492753 -7.484640 7.473912 -7.454010 7.417946 -7.369007 7.299159 -7.197915 6.997525 -6.801175 0.000000 7.299159
287.860857 7.492792 -7.484724 7.474051 -7.454254 7.418395 -7.369721 7.300261 -7.199530 7.000226 -6.805781 0.000000 7.300261
287.960857 7.492832 -7.484807 7.474190 -7.454497 7.418842 -7.370431 7.301357 -7.201136 7.002912 -6.810356 0.000000 7.301357
288.060857 7.492871 -7.484891 7.474328 -7.454739 7.419286 -7.371138 7.302446 -7.202733 7.005586 -6.814900 0.000000 7.302446
288.160857 7.492910 -7.484973 7.474465 -7.454980 7.419728 -7.371840 7.303530 -7.204321 7.008246 -6.819413 0.000000 7.303530
288.260857 7.492949 -7.485056 7.474601 -7.455219 7.420167 -7.372539 7.304608 -7.205901 7.010892 -6.823897 0.000000 7.304608
288.360857 7.492988 -7.485138 7.474737 -7.455457 7.420604 -7.373234 7.305680 -7.207473 7.013525 -6.828350 0.000000 7.305680
288.460857 7.493026 -7.485219 7.474872 -7.455694 7.421039 -7.373925 7.306746 -7.209036 7.016144 -6.832773 0.000000 7.306746
288.560857 7.493065 -7.485300 7.475006 -7.455929 7.421471 -7.374612 7.307806 -7.210590 7.018751 -6.837167 0.000000 7.307806
288.660857 7.493103 -7.485380 7.475140 -7.456164 7.421901 -7.375296 7.308860 -7.212136 7.021344 -6.841531 0.000000 7.308860
288.760857 7.493141 -7.485460 7.475273 -7.456397 7.422328 -7.375976 7.309909 -7.213674 7.023924 -6.845865 0.000000 7.309909
288.860857 7.493178 -7.485540 7.475405 -7.456629 7.422753 -7.376652 7.310952 -7.215204 7.026491 -6.850171 0.000000 7.310952
288.960857 7.493216 -7.485619 7.475536 -7.456859 7.423176 -7.377324 7.311988 -7.216725 7.029045 -6.854448 0.000000 7.311988
289.060857 7.493253 -7.485698 7.475667 -7.457089 7.423596 -7.377993 7.313020 -7.218238 7.031586 -6.858696 0.000000 7.313020
289.160857 7.493290 -7.485776 7.475797 -7.457317 7.424014 -7.378659 7.314045 -7.219743 7.034114 -6.862916 0.000000 7.314045
289.260857 7.493327 -7.485854 7.475926 -7.457544 7.424430 -7.379320 7.315065 -7.221240 7.036629 -6.867107 0.000000 7.315065
289.360857 7.493363 -7.485931 7.476055 -7.457770 7.424844 -7.379978 7.316079 -7.222729 7.039131 -6.871270 0.000000 7.316079
289.460857 7.493400 -7.486008 7.476183 -7.457994 7.425255 -7.380633 7.317088 -7.224209 7.041621 -6.875405 0.000000 7.317088
289.560857 7.493436 -7.486085 7.476310 -7.458218 7.425664 -7.381284 7.318091 -7.225682 7.044098 -6.879513 0.000000 7.318091
289.660857 7.493472 -7.486161 7.476437 -7.458440 7.426071 -7.381931 7.319089 -7.227147 7.046562 -6.883593 0.000000 7.319089
289.760857 7.493508 -7.486237 7.476563 -7.458661 7.426475 -7.382575 7.320081 -7.228604 7.049014 -6.887646 0.000000 7.320081
289.860857 7.493543 -7.486312 7.476688 -7.458881 7.426877 -7.383215 7.321068 -7.230053 7.051453 -6.891671 0.000000 7.321068
289.960857 7.493579 -7.486387 7.476812 -7.459100 7.427278 -7.383852 7.322049 -7.231494 7.053880 -6.895670 0.000000 7.322049
290.060857 7.493614 -7.486462 7.476936 -7.459317 7.427675 -7.384485 7.323025 -7.232928 7.056294 -6.899641 0.000000 7.323025
290.160857 7.493649 -7.486536 7.477059 -7.459534 7.428071 -7.385115 7.323995 -7.234354 7.058697 -6.903586 0.000000 7.323995
290.260857 7.493684 -7.486610 7.477182 -7.459749 7.428465 -7.385742 7.324960 -7.235772 7.061086 -6.907505 0.000000 7.324960
290.360857 7.493718 -7.486683 7.477304 -7.459963 7.428856 -7.386365 7.325920 -7.237183 7.063464 -6.911398 0.000000 7.325920
290.460857 7.493753 -7.486756 7.477425 -7.460176 7.429245 -7.386985 7.326874 -7.238586 7.065829 -6.915264 0.000000 7.326874
290.560857 7.493787 -7.486828 7.477546 -7.460388 7.429632 -7.387601 7.327824 -7.239981 7.068182 -6.919105 0.000000 7.327824
290.660857 7.493821 -7.486900 7.477666 -7.460599 7.430017 -7.388214 7.328768 -7.241369 7.070524 -6.922919 0.000000 7.328768
290.760857 7.493855 -7.486972 7.477785 -7.460809 7.430400 -7.388824 7.329706 -7.242750 7.072853 -6.926709 0.000000 7.329706
290.860857 7.493889 -7.487043 7.477904 -7.461017 7.430781 -7.389430 7.330640 -7.244123 7.075170 -6.930473 0.000000 7.330640
290.960857 7.493922 -7.487114 7.478022 -7.461225 7.431159 -7.390033 7.331568 -7.245488 7.077475 -6.934211 0.000000 7.331568
291.060857 7.493956 -7.487185 7.478139 -7.461431 7.431536 -7.390633 7.332492 -7.246847 7.079769 -6.937925 0.000000 7.332492
291.160857 7.493989 -7.487255 7.478256 -7.461637 7.431910 -7.391229 7.333410 -7.248198 7.082050 -6.941614 0.000000 7.333410
291.260857 7.494022 -7.487324 7.478372 -7.461841 7.432283 -7.391823 7.334323 -7.249542 7.084320 -6.945278 0.000000 7.334323
291.360857 7.494055 -7.487394 7.478488 -7.462044 7.432653 -7.392413 7.335231 -7.250878 7.086578 -6.948918 0.000000 7.335231
291.460857 7.494087 -7.487463 7.478603 -7.462246 7.433022 -7.393000 7.336134 -7.252208 7.088825 -6.952533 0.000000 7.336134
291.560857 7.494120 -7.487531 7.478717 -7.462447 7.433388 -7.393583 7.337033 -7.253530 7.091060 -6.956124 0.000000 7.337033
291.660857 7.494152 -7.487600 7.478831 -7.462647 7.433752 -7.394164 7.337926 -7.254846 7.093284 -6.959691 0.000000 7.337926
291.760857 7.494184 -7.487667 7.478944 -7.462846 7.434114 -7.394741 7.338814 -7.256154 7.095496 -6.963235 0.000000 7.338814
291.860857 7.494216 -7.487735 7.479056 -7.463044 7.434475 -7.395315 7.339698 -7.257455 7.097696 -6.966754 0.000000 7.339698
291.960857 7.494248 -7.487802 7.479168 -7.463240 7.434833 -7.395886 7.340576 -7.258749 7.099885 -6.970251 0.000000 7.340576
292.060857 7.494279 -7.487869 7.479280 -7.463436 7.435190 -7.396454 7.341450 -7.260036 7.102063 -6.973723 0.000000 7.341450
292.160857 7.494311 -7.487935 7.479390 -7.463631 7.435544 -7.397019 7.342319 -7.261317 7.104230 -6.977173 0.000000 7.342319
292.260857 7.494342 -7.488001 7.479500 -7.463825 7.435896 -7.397581 7.343183 -7.262590 7.106386 -6.980600 0.000000 7.343183
292.360857 7.494373 -7.488067 7.479610 -7.464017 7.436247 -7.398140 7.344042 -7.263857 7.108530 -6.984003 0.000000 7.344042
292.460857 7.494404 -7.488132 7.479719 -7.464209 7.436596 -7.398695 7.344897 -7.265117 7.110663 -6.987384 0.000000 7.344897
292.560857 7.494434 -7.488197 7.479827 -7.464400 7.436942 -7.399248 7.345747 -7.266370 7.112785 -6.990743 0.000000 7.345747
292.660857 7.494465 -7.488261 7.479935 -7.464589 7.437287 -7.399798 7.346592 -7.267616 7.114897 -6.994078 0.000000 7.346592
292.760857 7.494495 -7.488326 7.480042 -7.464778 7.437630 -7.400344 7.347433 -7.268856 7.116997 -6.997392 0.000000 7.347433
292.860857 7.494525 -7.488389 7.480149 -7.464966 7.437971 -7.400888 7.348268 -7.270089 7.119086 -7.000684 0.000000 7.348268
292.960857 7.494556 -7.488453 7.480255 -7.465152 7.438310 -7.401429 7.349100 -7.271316 7.121165 -7.003953 0.000000 7.349100
293.060857 7.494585 -7.488516 7.480360 -7.465338 7.438647 -7.401966 7.349927 -7.272536 7.123232 -7.007201 0.000000 7.349927
293.160857 7.494615 -7.488579 7.480465 -7.465523 7.438983 -7.402501 7.350749 -7.273749 7.125289 -7.010427 0.000000 7.350749
293.260857 7.494645 -7.488641 7.480570 -7.465706 7.439316 -7.403033 7.351566 -7.274956 7.127336 -7.013632 0.000000 7.351566
293.360857 7.494674 -7.488703 7.480674 -7.465889 7.439648 -7.403562 7.352380 -7.276157 7.129371 -7.016815 0.000000 7.352380
293.460857 7.494703 -7.488765 7.480777 -7.466071 7.439978 -7.404088 7.353188 -7.277351 7.131396 -7.019977 0.000000 7.353188
293.560857 7.494732 -7.488827 7.480880 -7.466251 7.440306 -7.404612 7.353993 -7.278538 7.133411 -7.023118 0.000000 7.353993
293.660857 7.494761 -7.488888 7.480982 -7.466431 7.440633 -7.405132 7.354792 -7.279720 7.135415 -7.026238 0.000000 7.354792
293.760857 7.494790 -7.488948 7.481083 -7.466610 7.440957 -7.405650 7.355588 -7.280895 7.137408 -7.029337 0.000000 7.355588
293.860857 7.494819 -7.489009 7.481184 -7.466788 7.441280 -7.406165 7.356379 -7.282063 7.139392 -7.032416 0.000000 7.356379
293.960857 7.494847 -7.489069 7.481285 -7.466965 7.441601 -7.406677 7.357165 -7.283226 7.141364 -7.035474 0.000000 7.357165
294.060857 7.494875 -7.489129 7.481385 -7.467141 7.441920 -7.407186 7.357948 -7.284382 7.143327 -7.038512 0.000000 7.357948
294.160857 7.494903 -7.489188 7.481484 -7.467316 7.442238 -7.407692 7.358726 -7.285532 7.145279 -7.041529 0.000000 7.358726
294.260857 7.494931 -7.489247 7.481583 -7.467491 7.442553 -7.408196 7.359499 -7.286676 7.147221 -7.044526 0.000000 7.359499
294.360857 7.494959 -7.489306 7.481682 -7.467664 7.442867 -7.408697 7.360269 -7.287814 7.149153 -7.047504 0.000000 7.360269
294.460857 7.494987 -7.489364 7.481779 -7.467836 7.443180 -7.409195 7.361034 -7.288946 7.151075 -7.050461 0.000000 7.361034
294.560857 7.495014 -7.489423 7.481877 -7.468008 7.443490 -7.409691 7.361795 -7.290071 7.152987 -7.053399 0.000000 7.361795
294.660857 7.495042 -7.489480 7.481974 -7.468178 7.443799 -7.410184 7.362552 -7.291191 7.154889 -7.056318 0.000000 7.362552
294.760857 7.495069 -7.489538 7.482070 -7.468348 7.444106 -7.410674 7.363305 -7.292305 7.156781 -7.059217 0.000000 7.363305
294.860857 7.495096 -7.489595 7.482166 -7.468517 7.444412 -7.411161 7.364053 -7.293413 7.158663 -7.062096 0.000000 7.364053
294.960857 7.495123 -7.489652 7.482261 -7.468685 7.444716 -7.411646 7.364797 -7.294514 7.160535 -7.064957 0.000000 7.364797
295.060857 7.495150 -7.489708 7.482356 -7.468852 7.445018 -7.412128 7.365538 -7.295610 7.162397 -7.067798 0.000000 7.365538
295.160857 7.495176 -7.489765 7.482450 -7.469018 7.445318 -7.412608 7.366274 -7.296701 7.164250 -7.070620 0.000000 7.366274
295.260857 7.495203 -7.489821 7.482544 -7.469183 7.445617 -7.413085 7.367006 -7.297785 7.166092 -7.073424 0.000000 7.367006
295.360857 7.495229 -7.489876 7.482637 -7.469347 7.445914 -7.413559 7.367734 -7.298863 7.167925 -7.076209 0.000000 7.367734
295.460857 7.495255 -7.489932 7.482730 -7.469511 7.446210 -7.414031 7.368458 -7.299936 7.169749 -7.078976 0.000000 7.368458
295.560857 7.495281 -7.489987 7.482822 -7.469673 7.446504 -7.414500 7.369178 -7.301003 7.171563 -7.081724 0.000000 7.369178
295.660857 7.495307 -7.490041 7.482914 -7.469835 7.446796 -7.414967 7.369895 -7.302064 7.173367 -7.084454 0.000000 7.369895
295.760857 7.495333 -7.490096 7.483005 -7.469996 7.447087 -7.415431 7.370607 -7.303120 7.175162 -7.087166 0.000000 7.370607
295.860857 7.495358 -7.490150 7.483096 -7.470156 7.447376 -7.415892 7.371315 -7.304170 7.176948 -7.089860 0.000000 7.371315
295.960857 7.495384 -7.490204 7.483186 -7.470315 7.447664 -7.416351 7.372020 -7.305215 7.178724 -7.092535 0.000000 7.372020
296.060857 7.495409 -7.490257 7.483276 -7.470474 7.447950 -7.416808 7.372720 -7.306253 7.180490 -7.095193 0.000000 7.372720
296.160857 7.495434 -7.490310 7.483366 -7.470631 7.448234 -7.417262 7.373417 -7.307287 7.182248 -7.097834 0.000000 7.373417
296.260857 7.495459 -7.490363 7.483454 -7.470788 7.448517 -7.417714 7.374110 -7.308315 7.183996 -7.100457 0.000000 7.374110
296.360857 7.495484 -7.490416 7.483543 -7.470944 7.448798 -7.418163 7.374799 -7.309337 7.185735 -7.103062 0.000000 7.374799
296.460857 7.495509 -7.490468 7.483631 -7.471099 7.449078 -7.418610 7.375484 -7.310354 7.187464 -7.105650 0.000000 7.375484
296.560857 7.495534 -7.490520 7.483718 -7.471253 7.449356 -7.419054 7.376165 -7.311365 7.189185 -7.108221 0.000000 7.376165
296.660857 7.495558 -7.490572 7.483805 -7.471406 7.449633 -7.419496 7.376843 -7.312371 7.190897 -7.110775 0.000000 7.376843
296.760857 7.495583 -7.490624 7.483892 -7.471559 7.449908 -7.419935 7.377517 -7.313372 7.192599 -7.113312 0.000000 7.377517
296.860857 7.495607 -7.490675 7.483978 -7.471710 7.450182 -7.420372 7.378187 -7.314367 7.194293 -7.115832 0.000000 7.378187
296.960857 7.495631 -7.490726 7.484063 -7.471861 7.450454 -7.420807 7.378854 -7.315358 7.195977 -7.118336 0.000000 7.378854
297.060857 7.495655 -7.490776 7.484148 -7.472012 7.450725 -7.421239 7.379517 -7.316342 7.197653 -7.120823 0.000000 7.379517
297.160857 7.495679 -7.490827 7.484233 -7.472161 7.450994 -7.421669 7.380176 -7.317322 7.199320 -7.123293 0.000000 7.380176
297.260857 7.495702 -7.490877 7.484317 -7.472310 7.451262 -7.422097 7.380831 -7.318296 7.200978 -7.125747 0.000000 7.380831
297.360857 7.495726 -7.490927 7.484401 -7.472457 7.451528 -7.422522 7.381483 -7.319265 7.202627 -7.128184 0.000000 7.381483
297.460857 7.495749 -7.490976 7.484485 -7.472604 7.451793 -7.422945 7.382132 -7.320229 7.204267 -7.130606 0.000000 7.382132
297.560857 7.495773 -7.491026 7.484567 -7.472750 7.452056 -7.423366 7.382777 -7.321188 7.205899 -7.133011 0.000000 7.382777
297.660857 7.495796 -7.491075 7.484650 -7.472896 7.452318 -7.423784 7.383418 -7.322142 7.207522 -7.135401 0.000000 7.383418
297.760857 7.495819 -7.491123 7.484732 -7.473041 7.452578 -7.424200 7.384056 -7.323091 7.209137 -7.137774 0.000000 7.384056
297.860857 7.495842 -7.491172 7.484813 -7.473185 7.452838 -7.424614 7.384690 -7.324034 7.210743 -7.140132 0.000000 7.384690
297.960857 7.495865 -7.491220 7.484895 -7.473328 7.453095 -7.425025 7.385321 -7.324973 7.212340 -7.142475 0.000000 7.385321
298.060857 7.495888 -7.491268 7.484975 -7.473470 7.453351 -7.425435 7.385948 -7.325906 7.213929 -7.144801 0.000000 7.385948
298.160857 7.495910 -7.491316 7.485056 -7.473612 7.453606 -7.425842 7.386572 -7.326835 7.215509 -7.147113 0.000000 7.386572
298.260857 7.495933 -7.491363 7.485135 -7.473753 7.453860 -7.426247 7.387192 -7.327759 7.217082 -7.149409 0.000000 7.387192
298.360857 7.495955 -7.491410 7.485215 -7.473893 7.454112 -7.426649 7.387809 -7.328677 7.218645 -7.151690 0.000000 7.387809
298.460857 7.495977 -7.491457 7.485294 -7.474032 7.454362 -7.427050 7.388423 -7.329591 7.220201 -7.153955 0.000000 7.388423
298.560857 7.495999 -7.491504 7.485372 -7.474171 7.454612 -7.427448 7.389033 -7.330500 7.221748 -7.156206 0.000000 7.389033
298.660857 7.496021 -7.491550 7.485451 -7.474309 7.454859 -7.427844 7.389640 -7.331404 7.223287 -7.158442 0.000000 7.389640
298.760857 7.496043 -7.491596 7.485528 -7.474446 7.455106 -7.428238 7.390243 -7.332304 7.224818 -7.160663 0.000000 7.390243
298.860857 7.496065 -7.491642 7.485606 -7.474582 7.455351 -7.428630 7.390844 -7.333198 7.226340 -7.162869 0.000000 7.390844
298.960857 7.496086 -7.491688 7.485683 -7.474718 7.455595 -7.429020 7.391441 -7.334088 7.227855 -7.165061 0.000000 7.391441
299.060857 7.496108 -7.491733 7.485759 -7.474853 7.455838 -7.429407 7.392034 -7.334973 7.229361 -7.167238 0.000000 7.392034
299.160857 7.496129 -7.491778 7.485835 -7.474987 7.456079 -7.429793 7.392625 -7.335854 7.230860 -7.169401 0.000000 7.392625
299.260857 7.496150 -7.491823 7.485911 -7.475121 7.456319 -7.430176 7.393212 -7.336729 7.232350 -7.171549 0.000000 7.393212
299.360857 7.496171 -7.491868 7.485986 -7.475254 7.456557 -7.430557 7.393796 -7.337600 7.233832 -7.173684 0.000000 7.393796
299.460857 7.496192 -7.491912 7.486061 -7.475386 7.456795 -7.430936 7.394376 -7.338467 7.235307 -7.175804 0.000000 7.394376
299.560857 7.496213 -7.491956 7.486135 -7.475517 7.457030 -7.431313 7.394954 -7.339329 7.236774 -7.177910 0.000000 7.394954
299.660857 7.496234 -7.492000 7.486210 -7.475648 7.457265 -7.431689 7.395528 -7.340186 7.238232 -7.180002 0.000000 7.395528
299.760857 7.496255 -7.492044 7.486283 -7.475778 7.457499 -7.432062 7.396099 -7.341038 7.239684 -7.182081 0.000000 7.396099
299.860857 7.496275 -7.492087 7.486357 -7.475908 7.457731 -7.432433 7.396667 -7.341886 7.241127 -7.184145 0.000000 7.396667
299.960857 7.496296 -7.492131 7.486429 -7.476036 7.457961 -7.432801 7.397232 -7.342730 7.242562 -7.186196 0.000000 7.397232
